2025-08-21 09:45:17,609 - INFO - ℹ️ Config file updater.ini not found, using defaults
2025-08-21 09:45:17,610 - INFO - ✅ Default configuration saved to updater.ini
2025-08-21 09:45:17,610 - INFO - ✅ Single instance lock acquired
2025-08-21 09:45:17,610 - INFO - ============================================================
2025-08-21 09:45:17,610 - INFO - 🚀 RMS LATEST RELEASE UPDATER STARTING
2025-08-21 09:45:17,611 - INFO - ============================================================
2025-08-21 09:45:17,611 - INFO - 🔍 Checking for updates using latest release...
2025-08-21 09:45:17,611 - INFO - 🔍 Fetching latest release information from GitHub...
2025-08-21 09:45:17,611 - INFO - 📡 API URL: https://api.github.com/repos/food2g0/Centralized-Image-Uploader/releases/latest
2025-08-21 09:45:17,611 - INFO - 🌐 Attempting to connect to https://api.github.com/repos/food2g0/Centralized-Image-Uploader/releases/latest (attempt 1/3)
2025-08-21 09:45:17,613 - DEBUG - Starting new HTTPS connection (1): api.github.com:443
2025-08-21 09:45:18,009 - DEBUG - https://api.github.com:443 "GET /repos/food2g0/Centralized-Image-Uploader/releases/latest HTTP/1.1" 200 1004
2025-08-21 09:45:18,010 - INFO - ✅ Request successful (Status: 200)
2025-08-21 09:45:18,010 - INFO - 📄 Latest release: .1.0.1
2025-08-21 09:45:18,010 - INFO - 📝 Release name: Update
2025-08-21 09:45:18,010 - INFO - 📅 Published: 2025-07-29T02:56:29Z
2025-08-21 09:45:18,010 - INFO - ⬇️ Download URL: https://github.com/food2g0/Centralized-Image-Uploader/releases/download/V.1.0.1/installer.exe
2025-08-21 09:45:18,011 - INFO - 💻 Current version: 1.0.9
2025-08-21 09:45:18,011 - INFO - 📄 Latest version: .1.0.1
2025-08-21 09:45:18,011 - INFO - 🔍 Comparing versions: '1.0.9' vs '.1.0.1'
2025-08-21 09:45:18,011 - WARNING - Semantic version parsing failed, using string comparison: Invalid version: '.1.0.1'
2025-08-21 09:45:18,011 - INFO - ⬆️ String comparison: Versions differ, assuming update available
2025-08-21 09:45:18,011 - INFO - ⬆️ Update available!
2025-08-21 09:45:18,011 - INFO - 📋 Created preservation instructions: update_instructions.txt
2025-08-21 09:45:18,013 - INFO - 📋 Backed up file: updater.ini
2025-08-21 09:45:18,014 - INFO - 📋 Backed up file: updater.log
2025-08-21 09:45:18,014 - INFO - ✅ Backed up 2 items to C:\Users\Paww\AppData\Local\Temp\RMS_backup
2025-08-21 09:45:18,014 - INFO - 📱 Showing update dialog for latest release: .1.0.1
2025-08-21 09:45:28,932 - INFO - 👤 User declined update
2025-08-21 09:45:28,933 - INFO - ========================================
2025-08-21 09:45:28,933 - INFO - 🎯 LAUNCHING MAIN APPLICATION
2025-08-21 09:45:28,933 - INFO - ========================================
2025-08-21 09:45:29,384 - DEBUG - This service is instrumented using OpenTelemetry. OpenTelemetry or one of its components could not be imported; please add compatible versions of opentelemetry-api and opentelemetry-instrumentation packages in order to get Storage Tracing data.
2025-08-21 09:45:29,468 - INFO - 📱 Calling login_gui.main()
2025-08-21 09:45:33,999 - DEBUG - Starting new HTTPS connection (1): oauth2.googleapis.com:443
2025-08-21 09:45:34,101 - DEBUG - https://oauth2.googleapis.com:443 "POST /token HTTP/1.1" 200 None
2025-08-21 09:47:59,502 - INFO - ✅ Configuration loaded from updater.ini
2025-08-21 09:47:59,503 - INFO - ✅ Single instance lock acquired
2025-08-21 09:47:59,503 - INFO - ============================================================
2025-08-21 09:47:59,503 - INFO - 🚀 RMS LATEST RELEASE UPDATER STARTING
2025-08-21 09:47:59,503 - INFO - ============================================================
2025-08-21 09:47:59,503 - INFO - 🔍 Checking for updates using latest release...
2025-08-21 09:47:59,503 - INFO - 🔍 Fetching latest release information from GitHub...
2025-08-21 09:47:59,503 - INFO - 📡 API URL: https://api.github.com/repos/food2g0/Centralized-Image-Uploader/releases/latest
2025-08-21 09:47:59,503 - INFO - 🌐 Attempting to connect to https://api.github.com/repos/food2g0/Centralized-Image-Uploader/releases/latest (attempt 1/3)
2025-08-21 09:47:59,505 - DEBUG - Starting new HTTPS connection (1): api.github.com:443
2025-08-21 09:47:59,890 - DEBUG - https://api.github.com:443 "GET /repos/food2g0/Centralized-Image-Uploader/releases/latest HTTP/1.1" 200 1004
2025-08-21 09:47:59,891 - INFO - ✅ Request successful (Status: 200)
2025-08-21 09:47:59,891 - INFO - 📄 Latest release: .1.0.1
2025-08-21 09:47:59,891 - INFO - 📝 Release name: Update
2025-08-21 09:47:59,892 - INFO - 📅 Published: 2025-07-29T02:56:29Z
2025-08-21 09:47:59,892 - INFO - ⬇️ Download URL: https://github.com/food2g0/Centralized-Image-Uploader/releases/download/V.1.0.1/installer.exe
2025-08-21 09:47:59,892 - INFO - 💻 Current version: 1.0.9
2025-08-21 09:47:59,892 - INFO - 📄 Latest version: .1.0.1
2025-08-21 09:47:59,892 - INFO - 🔍 Comparing versions: '1.0.9' vs '.1.0.1'
2025-08-21 09:47:59,892 - WARNING - Semantic version parsing failed, using string comparison: Invalid version: '.1.0.1'
2025-08-21 09:47:59,892 - INFO - ⬆️ String comparison: Versions differ, assuming update available
2025-08-21 09:47:59,893 - INFO - ⬆️ Update available!
2025-08-21 09:47:59,893 - INFO - 📋 Created preservation instructions: update_instructions.txt
2025-08-21 09:47:59,895 - INFO - 📋 Backed up file: updater.ini
2025-08-21 09:47:59,895 - INFO - 📋 Backed up file: updater.log
2025-08-21 09:47:59,895 - INFO - ✅ Backed up 2 items to C:\Users\Paww\AppData\Local\Temp\RMS_backup
2025-08-21 09:47:59,895 - INFO - 📱 Showing update dialog for latest release: .1.0.1
2025-08-21 09:50:03,277 - INFO - 👤 User declined update
2025-08-21 09:50:03,278 - INFO - ========================================
2025-08-21 09:50:03,278 - INFO - 🎯 LAUNCHING MAIN APPLICATION
2025-08-21 09:50:03,278 - INFO - ========================================
2025-08-21 09:50:03,737 - DEBUG - This service is instrumented using OpenTelemetry. OpenTelemetry or one of its components could not be imported; please add compatible versions of opentelemetry-api and opentelemetry-instrumentation packages in order to get Storage Tracing data.
2025-08-21 09:50:03,817 - INFO - 📱 Calling login_gui.main()
2025-08-21 09:50:09,213 - INFO - ✅ Configuration loaded from updater.ini
2025-08-21 09:50:09,213 - INFO - ✅ Single instance lock acquired
2025-08-21 09:50:09,213 - INFO - ============================================================
2025-08-21 09:50:09,213 - INFO - 🚀 RMS LATEST RELEASE UPDATER STARTING
2025-08-21 09:50:09,214 - INFO - ============================================================
2025-08-21 09:50:09,214 - INFO - 🔍 Checking for updates using latest release...
2025-08-21 09:50:09,214 - INFO - 🔍 Fetching latest release information from GitHub...
2025-08-21 09:50:09,214 - INFO - 📡 API URL: https://api.github.com/repos/food2g0/Centralized-Image-Uploader/releases/latest
2025-08-21 09:50:09,214 - INFO - 🌐 Attempting to connect to https://api.github.com/repos/food2g0/Centralized-Image-Uploader/releases/latest (attempt 1/3)
2025-08-21 09:50:09,215 - DEBUG - Starting new HTTPS connection (1): api.github.com:443
2025-08-21 09:50:09,644 - DEBUG - https://api.github.com:443 "GET /repos/food2g0/Centralized-Image-Uploader/releases/latest HTTP/1.1" 200 1004
2025-08-21 09:50:09,645 - INFO - ✅ Request successful (Status: 200)
2025-08-21 09:50:09,645 - INFO - 📄 Latest release: .1.0.1
2025-08-21 09:50:09,645 - INFO - 📝 Release name: Update
2025-08-21 09:50:09,646 - INFO - 📅 Published: 2025-07-29T02:56:29Z
2025-08-21 09:50:09,646 - INFO - ⬇️ Download URL: https://github.com/food2g0/Centralized-Image-Uploader/releases/download/V.1.0.1/installer.exe
2025-08-21 09:50:09,646 - INFO - 💻 Current version: 1.1.0
2025-08-21 09:50:09,646 - INFO - 📄 Latest version: .1.0.1
2025-08-21 09:50:09,646 - INFO - 🔍 Comparing versions: '1.1.0' vs '.1.0.1'
2025-08-21 09:50:09,646 - WARNING - Semantic version parsing failed, using string comparison: Invalid version: '.1.0.1'
2025-08-21 09:50:09,646 - INFO - ⬆️ String comparison: Versions differ, assuming update available
2025-08-21 09:50:09,647 - INFO - ⬆️ Update available!
2025-08-21 09:50:09,647 - INFO - 📋 Created preservation instructions: update_instructions.txt
2025-08-21 09:50:09,649 - INFO - 📋 Backed up file: updater.ini
2025-08-21 09:50:09,649 - INFO - 📋 Backed up file: updater.log
2025-08-21 09:50:09,649 - INFO - ✅ Backed up 2 items to C:\Users\Paww\AppData\Local\Temp\RMS_backup
2025-08-21 09:50:09,649 - INFO - 📱 Showing update dialog for latest release: .1.0.1
2025-08-21 09:50:13,491 - INFO - 👤 User accepted update
2025-08-21 09:50:13,492 - INFO - ⬇️ Downloading installer from: https://github.com/food2g0/Centralized-Image-Uploader/releases/download/V.1.0.1/installer.exe
2025-08-21 09:50:13,492 - INFO - 🌐 Attempting to connect to https://github.com/food2g0/Centralized-Image-Uploader/releases/download/V.1.0.1/installer.exe (attempt 1/3)
2025-08-21 09:50:13,493 - DEBUG - Starting new HTTPS connection (1): github.com:443
2025-08-21 09:50:13,887 - DEBUG - https://github.com:443 "GET /food2g0/Centralized-Image-Uploader/releases/download/V.1.0.1/installer.exe HTTP/1.1" 302 0
2025-08-21 09:50:13,888 - DEBUG - Starting new HTTPS connection (1): release-assets.githubusercontent.com:443
2025-08-21 09:50:13,928 - DEBUG - https://release-assets.githubusercontent.com:443 "GET /github-production-release-asset/1025490002/eec29157-46ea-4214-a1ce-150f92b04e55?sp=r&sv=2018-11-09&sr=b&spr=https&se=2025-08-21T02%3A24%3A13Z&rscd=attachment%3B+filename%3Dinstaller.exe&rsct=application%2Foctet-stream&skoid=96c2d410-5711-43a1-aedd-ab1947aa7ab0&sktid=398a6654-997b-47e9-b12b-9515b896b4de&skt=2025-08-21T01%3A23%3A30Z&ske=2025-08-21T02%3A24%3A13Z&sks=b&skv=2018-11-09&sig=QhnRZ9kKjHsfGZcapvdEhudTrmZ9y890ekzo2Fs%2FOUA%3D&jwt=eyJ0eXAiOiJKV1QiLCJhbGciOiJIUzI1NiJ9.eyJpc3MiOiJnaXRodWIuY29tIiwiYXVkIjoicmVsZWFzZS1hc3NldHMuZ2l0aHVidXNlcmNvbnRlbnQuY29tIiwia2V5Ijoia2V5MSIsImV4cCI6MTc1NTc0MTMxMiwibmJmIjoxNzU1NzQxMDEyLCJwYXRoIjoicmVsZWFzZWFzc2V0cHJvZHVjdGlvbi5ibG9iLmNvcmUud2luZG93cy5uZXQifQ.PsW4cFLOKLfQY91AUe1_Cy0ODZRUSWavzQwkAl_DcwE&response-content-disposition=attachment%3B%20filename%3Dinstaller.exe&response-content-type=application%2Foctet-stream HTTP/1.1" 200 68461513
2025-08-21 09:50:14,793 - INFO - ✅ Request successful (Status: 200)
2025-08-21 09:50:14,794 - INFO - 📁 Installer size: 65.29 MB
2025-08-21 09:50:14,795 - INFO - 📥 Download progress: 1.2%
2025-08-21 09:50:14,796 - INFO - 📥 Download progress: 2.4%
2025-08-21 09:50:14,797 - INFO - 📥 Download progress: 3.6%
2025-08-21 09:50:14,798 - INFO - 📥 Download progress: 4.8%
2025-08-21 09:50:14,799 - INFO - 📥 Download progress: 6.0%
2025-08-21 09:50:14,800 - INFO - 📥 Download progress: 7.2%
2025-08-21 09:50:14,801 - INFO - 📥 Download progress: 8.4%
2025-08-21 09:50:14,802 - INFO - 📥 Download progress: 9.6%
2025-08-21 09:50:14,803 - INFO - 📥 Download progress: 10.8%
2025-08-21 09:50:14,804 - INFO - 📥 Download progress: 12.0%
2025-08-21 09:50:14,805 - INFO - 📥 Download progress: 13.2%
2025-08-21 09:50:14,806 - INFO - 📥 Download progress: 14.4%
2025-08-21 09:50:14,807 - INFO - 📥 Download progress: 15.6%
2025-08-21 09:50:14,808 - INFO - 📥 Download progress: 16.8%
2025-08-21 09:50:14,809 - INFO - 📥 Download progress: 17.9%
2025-08-21 09:50:14,810 - INFO - 📥 Download progress: 19.1%
2025-08-21 09:50:14,811 - INFO - 📥 Download progress: 20.3%
2025-08-21 09:50:14,812 - INFO - 📥 Download progress: 21.5%
2025-08-21 09:50:14,814 - INFO - 📥 Download progress: 22.7%
2025-08-21 09:50:14,815 - INFO - 📥 Download progress: 23.9%
2025-08-21 09:50:14,816 - INFO - 📥 Download progress: 25.1%
2025-08-21 09:50:14,817 - INFO - 📥 Download progress: 26.3%
2025-08-21 09:50:14,819 - INFO - 📥 Download progress: 27.5%
2025-08-21 09:50:14,820 - INFO - 📥 Download progress: 28.7%
2025-08-21 09:50:14,821 - INFO - 📥 Download progress: 29.9%
2025-08-21 09:50:14,822 - INFO - 📥 Download progress: 31.1%
2025-08-21 09:50:14,823 - INFO - 📥 Download progress: 32.3%
2025-08-21 09:50:14,824 - INFO - 📥 Download progress: 33.5%
2025-08-21 09:50:14,826 - INFO - 📥 Download progress: 34.7%
2025-08-21 09:50:14,827 - INFO - 📥 Download progress: 35.9%
2025-08-21 09:50:14,828 - INFO - 📥 Download progress: 37.1%
2025-08-21 09:50:14,829 - INFO - 📥 Download progress: 38.3%
2025-08-21 09:50:14,831 - INFO - 📥 Download progress: 39.5%
2025-08-21 09:50:14,832 - INFO - 📥 Download progress: 40.7%
2025-08-21 09:50:14,833 - INFO - 📥 Download progress: 41.9%
2025-08-21 09:50:14,834 - INFO - 📥 Download progress: 43.1%
2025-08-21 09:50:14,835 - INFO - 📥 Download progress: 44.3%
2025-08-21 09:50:14,836 - INFO - 📥 Download progress: 45.5%
2025-08-21 09:50:14,837 - INFO - 📥 Download progress: 46.7%
2025-08-21 09:50:14,838 - INFO - 📥 Download progress: 47.9%
2025-08-21 09:50:14,840 - INFO - 📥 Download progress: 49.1%
2025-08-21 09:50:14,841 - INFO - 📥 Download progress: 50.3%
2025-08-21 09:50:14,842 - INFO - 📥 Download progress: 51.5%
2025-08-21 09:50:14,844 - INFO - 📥 Download progress: 52.6%
2025-08-21 09:50:14,845 - INFO - 📥 Download progress: 53.8%
2025-08-21 09:50:14,846 - INFO - 📥 Download progress: 55.0%
2025-08-21 09:50:14,848 - INFO - 📥 Download progress: 56.2%
2025-08-21 09:50:14,848 - INFO - 📥 Download progress: 57.4%
2025-08-21 09:50:14,849 - INFO - 📥 Download progress: 58.6%
2025-08-21 09:50:14,851 - INFO - 📥 Download progress: 59.8%
2025-08-21 09:50:14,852 - INFO - 📥 Download progress: 61.0%
2025-08-21 09:50:14,853 - INFO - 📥 Download progress: 62.2%
2025-08-21 09:50:14,854 - INFO - 📥 Download progress: 63.4%
2025-08-21 09:50:14,855 - INFO - 📥 Download progress: 64.6%
2025-08-21 09:50:14,856 - INFO - 📥 Download progress: 65.8%
2025-08-21 09:50:14,857 - INFO - 📥 Download progress: 67.0%
2025-08-21 09:50:14,858 - INFO - 📥 Download progress: 68.2%
2025-08-21 09:50:14,859 - INFO - 📥 Download progress: 69.4%
2025-08-21 09:50:14,861 - INFO - 📥 Download progress: 70.6%
2025-08-21 09:50:14,861 - INFO - 📥 Download progress: 71.8%
2025-08-21 09:50:14,862 - INFO - 📥 Download progress: 73.0%
2025-08-21 09:50:14,864 - INFO - 📥 Download progress: 74.2%
2025-08-21 09:50:14,865 - INFO - 📥 Download progress: 75.4%
2025-08-21 09:50:14,866 - INFO - 📥 Download progress: 76.6%
2025-08-21 09:50:14,867 - INFO - 📥 Download progress: 77.8%
2025-08-21 09:50:14,868 - INFO - 📥 Download progress: 79.0%
2025-08-21 09:50:14,874 - INFO - 📥 Download progress: 80.2%
2025-08-21 09:50:14,875 - INFO - 📥 Download progress: 81.4%
2025-08-21 09:50:14,876 - INFO - 📥 Download progress: 82.6%
2025-08-21 09:50:14,877 - INFO - 📥 Download progress: 83.8%
2025-08-21 09:50:14,878 - INFO - 📥 Download progress: 85.0%
2025-08-21 09:50:14,879 - INFO - 📥 Download progress: 86.2%
2025-08-21 09:50:14,880 - INFO - 📥 Download progress: 87.4%
2025-08-21 09:50:14,881 - INFO - 📥 Download progress: 88.5%
2025-08-21 09:50:14,882 - INFO - 📥 Download progress: 89.7%
2025-08-21 09:50:14,883 - INFO - 📥 Download progress: 90.9%
2025-08-21 09:50:14,884 - INFO - 📥 Download progress: 92.1%
2025-08-21 09:50:14,885 - INFO - 📥 Download progress: 93.3%
2025-08-21 09:50:14,886 - INFO - 📥 Download progress: 94.5%
2025-08-21 09:50:14,888 - INFO - 📥 Download progress: 95.7%
2025-08-21 09:50:14,889 - INFO - 📥 Download progress: 96.9%
2025-08-21 09:50:14,890 - INFO - 📥 Download progress: 98.1%
2025-08-21 09:50:14,892 - INFO - 📥 Download progress: 99.3%
2025-08-21 09:50:14,892 - INFO - 💾 Installer saved to: C:\Users\Paww\AppData\Local\Temp\updater_u9fzn7bz.exe
2025-08-21 09:50:21,578 - INFO - 🚀 Launching installer: C:\Users\Paww\AppData\Local\Temp\updater_u9fzn7bz.exe
2025-08-21 09:50:23,928 - INFO - 🔄 Exiting for update...
2025-08-21 09:51:18,048 - INFO - ✅ Configuration loaded from updater.ini
2025-08-21 09:51:18,048 - INFO - ✅ Single instance lock acquired
2025-08-21 09:51:18,048 - INFO - ============================================================
2025-08-21 09:51:18,048 - INFO - 🚀 RMS LATEST RELEASE UPDATER STARTING
2025-08-21 09:51:18,048 - INFO - ============================================================
2025-08-21 09:51:18,049 - INFO - 🔍 Checking for updates using latest release...
2025-08-21 09:51:18,049 - INFO - 🔍 Fetching latest release information from GitHub...
2025-08-21 09:51:18,049 - INFO - 📡 API URL: https://api.github.com/repos/food2g0/Centralized-Image-Uploader/releases/latest
2025-08-21 09:51:18,049 - INFO - 🌐 Attempting to connect to https://api.github.com/repos/food2g0/Centralized-Image-Uploader/releases/latest (attempt 1/3)
2025-08-21 09:51:18,050 - DEBUG - Starting new HTTPS connection (1): api.github.com:443
2025-08-21 09:51:18,447 - DEBUG - https://api.github.com:443 "GET /repos/food2g0/Centralized-Image-Uploader/releases/latest HTTP/1.1" 200 1004
2025-08-21 09:51:18,448 - INFO - ✅ Request successful (Status: 200)
2025-08-21 09:51:18,448 - INFO - 📄 Latest release: .1.0.1
2025-08-21 09:51:18,448 - INFO - 📝 Release name: Update
2025-08-21 09:51:18,448 - INFO - 📅 Published: 2025-07-29T02:56:29Z
2025-08-21 09:51:18,449 - INFO - ⬇️ Download URL: https://github.com/food2g0/Centralized-Image-Uploader/releases/download/V.1.0.1/installer.exe
2025-08-21 09:51:18,449 - INFO - 💻 Current version: 1.1.0
2025-08-21 09:51:18,449 - INFO - 📄 Latest version: .1.0.1
2025-08-21 09:51:18,449 - INFO - 🔍 Comparing versions: '1.1.0' vs '.1.0.1'
2025-08-21 09:51:18,449 - WARNING - Semantic version parsing failed, using string comparison: Invalid version: '.1.0.1'
2025-08-21 09:51:18,449 - INFO - ⬆️ String comparison: Versions differ, assuming update available
2025-08-21 09:51:18,449 - INFO - ⬆️ Update available!
2025-08-21 09:51:18,450 - INFO - 📋 Created preservation instructions: update_instructions.txt
2025-08-21 09:51:18,451 - INFO - 📋 Backed up file: updater.ini
2025-08-21 09:51:18,452 - INFO - 📋 Backed up file: updater.log
2025-08-21 09:51:18,452 - INFO - ✅ Backed up 2 items to C:\Users\Paww\AppData\Local\Temp\RMS_backup
2025-08-21 09:51:18,452 - INFO - 📱 Showing update dialog for latest release: .1.0.1
2025-08-21 09:51:20,246 - INFO - 👤 User declined update
2025-08-21 09:51:20,257 - INFO - ========================================
2025-08-21 09:51:20,257 - INFO - 🎯 LAUNCHING MAIN APPLICATION
2025-08-21 09:51:20,258 - INFO - ========================================
2025-08-21 09:51:20,773 - DEBUG - This service is instrumented using OpenTelemetry. OpenTelemetry or one of its components could not be imported; please add compatible versions of opentelemetry-api and opentelemetry-instrumentation packages in order to get Storage Tracing data.
2025-08-21 09:51:20,850 - INFO - 📱 Calling login_gui.main()
2025-08-21 09:51:27,660 - DEBUG - Starting new HTTPS connection (1): oauth2.googleapis.com:443
2025-08-21 09:51:27,746 - DEBUG - https://oauth2.googleapis.com:443 "POST /token HTTP/1.1" 200 None
2025-08-21 10:26:12,473 - INFO - ✅ Configuration loaded from updater.ini
2025-08-21 10:26:12,474 - INFO - ✅ Single instance lock acquired
2025-08-21 10:26:12,474 - INFO - ============================================================
2025-08-21 10:26:12,474 - INFO - 🚀 RMS LATEST RELEASE UPDATER STARTING
2025-08-21 10:26:12,474 - INFO - ============================================================
2025-08-21 10:26:12,474 - INFO - 🔍 Checking for updates using latest release...
2025-08-21 10:26:12,475 - INFO - 🔍 Fetching latest release information from GitHub...
2025-08-21 10:26:12,475 - INFO - 📡 API URL: https://api.github.com/repos/food2g0/Centralized-Image-Uploader/releases/latest
2025-08-21 10:26:12,475 - INFO - 🌐 Attempting to connect to https://api.github.com/repos/food2g0/Centralized-Image-Uploader/releases/latest (attempt 1/3)
2025-08-21 10:26:12,477 - DEBUG - Starting new HTTPS connection (1): api.github.com:443
2025-08-21 10:26:12,857 - DEBUG - https://api.github.com:443 "GET /repos/food2g0/Centralized-Image-Uploader/releases/latest HTTP/1.1" 200 1004
2025-08-21 10:26:12,858 - INFO - ✅ Request successful (Status: 200)
2025-08-21 10:26:12,858 - INFO - 📄 Latest release: .1.0.1
2025-08-21 10:26:12,858 - INFO - 📝 Release name: Update
2025-08-21 10:26:12,858 - INFO - 📅 Published: 2025-07-29T02:56:29Z
2025-08-21 10:26:12,858 - INFO - ⬇️ Download URL: https://github.com/food2g0/Centralized-Image-Uploader/releases/download/V.1.0.1/installer.exe
2025-08-21 10:26:12,859 - INFO - 💻 Current version: 1.1.0
2025-08-21 10:26:12,859 - INFO - 📄 Latest version: .1.0.1
2025-08-21 10:26:12,859 - INFO - 🔍 Comparing versions: '1.1.0' vs '.1.0.1'
2025-08-21 10:26:12,859 - WARNING - Semantic version parsing failed, using string comparison: Invalid version: '.1.0.1'
2025-08-21 10:26:12,859 - INFO - ⬆️ String comparison: Versions differ, assuming update available
2025-08-21 10:26:12,859 - INFO - ⬆️ Update available!
2025-08-21 10:26:12,860 - INFO - 📋 Created preservation instructions: update_instructions.txt
2025-08-21 10:26:12,861 - INFO - 📋 Backed up file: updater.ini
2025-08-21 10:26:12,862 - INFO - 📋 Backed up file: updater.log
2025-08-21 10:26:12,862 - INFO - ✅ Backed up 2 items to C:\Users\Paww\AppData\Local\Temp\RMS_backup
2025-08-21 10:26:12,862 - INFO - 📱 Showing update dialog for latest release: .1.0.1
2025-08-21 10:26:14,145 - INFO - 👤 User declined update
2025-08-21 10:26:14,145 - INFO - ========================================
2025-08-21 10:26:14,145 - INFO - 🎯 LAUNCHING MAIN APPLICATION
2025-08-21 10:26:14,146 - INFO - ========================================
2025-08-21 10:26:14,619 - DEBUG - This service is instrumented using OpenTelemetry. OpenTelemetry or one of its components could not be imported; please add compatible versions of opentelemetry-api and opentelemetry-instrumentation packages in order to get Storage Tracing data.
2025-08-21 10:26:14,703 - INFO - 📱 Calling login_gui.main()
2025-08-21 10:26:25,814 - DEBUG - Starting new HTTPS connection (1): oauth2.googleapis.com:443
2025-08-21 10:26:25,904 - DEBUG - https://oauth2.googleapis.com:443 "POST /token HTTP/1.1" 200 None
2025-08-21 10:29:32,982 - INFO - ✅ Configuration loaded from updater.ini
2025-08-21 10:29:32,983 - INFO - ✅ Single instance lock acquired
2025-08-21 10:29:32,983 - INFO - ============================================================
2025-08-21 10:29:32,983 - INFO - 🚀 RMS LATEST RELEASE UPDATER STARTING
2025-08-21 10:29:32,983 - INFO - ============================================================
2025-08-21 10:29:32,983 - INFO - 🔍 Checking for updates using latest release...
2025-08-21 10:29:32,983 - INFO - 🔍 Fetching latest release information from GitHub...
2025-08-21 10:29:32,983 - INFO - 📡 API URL: https://api.github.com/repos/food2g0/Centralized-Image-Uploader/releases/latest
2025-08-21 10:29:32,984 - INFO - 🌐 Attempting to connect to https://api.github.com/repos/food2g0/Centralized-Image-Uploader/releases/latest (attempt 1/3)
2025-08-21 10:29:32,985 - DEBUG - Starting new HTTPS connection (1): api.github.com:443
2025-08-21 10:29:33,372 - DEBUG - https://api.github.com:443 "GET /repos/food2g0/Centralized-Image-Uploader/releases/latest HTTP/1.1" 200 1004
2025-08-21 10:29:33,372 - INFO - ✅ Request successful (Status: 200)
2025-08-21 10:29:33,373 - INFO - 📄 Latest release: .1.0.1
2025-08-21 10:29:33,373 - INFO - 📝 Release name: Update
2025-08-21 10:29:33,373 - INFO - 📅 Published: 2025-07-29T02:56:29Z
2025-08-21 10:29:33,373 - INFO - ⬇️ Download URL: https://github.com/food2g0/Centralized-Image-Uploader/releases/download/V.1.0.1/installer.exe
2025-08-21 10:29:33,373 - INFO - 💻 Current version: 1.1.0
2025-08-21 10:29:33,373 - INFO - 📄 Latest version: .1.0.1
2025-08-21 10:29:33,373 - INFO - 🔍 Comparing versions: '1.1.0' vs '.1.0.1'
2025-08-21 10:29:33,373 - WARNING - Semantic version parsing failed, using string comparison: Invalid version: '.1.0.1'
2025-08-21 10:29:33,374 - INFO - ⬆️ String comparison: Versions differ, assuming update available
2025-08-21 10:29:33,374 - INFO - ⬆️ Update available!
2025-08-21 10:29:33,374 - INFO - 📋 Created preservation instructions: update_instructions.txt
2025-08-21 10:29:33,376 - INFO - 📋 Backed up file: updater.ini
2025-08-21 10:29:33,376 - INFO - 📋 Backed up file: updater.log
2025-08-21 10:29:33,377 - INFO - ✅ Backed up 2 items to C:\Users\Paww\AppData\Local\Temp\RMS_backup
2025-08-21 10:29:33,377 - INFO - 📱 Showing update dialog for latest release: .1.0.1
2025-08-21 10:29:34,563 - INFO - 👤 User declined update
2025-08-21 10:29:34,563 - INFO - ========================================
2025-08-21 10:29:34,563 - INFO - 🎯 LAUNCHING MAIN APPLICATION
2025-08-21 10:29:34,564 - INFO - ========================================
2025-08-21 10:29:35,031 - DEBUG - This service is instrumented using OpenTelemetry. OpenTelemetry or one of its components could not be imported; please add compatible versions of opentelemetry-api and opentelemetry-instrumentation packages in order to get Storage Tracing data.
2025-08-21 10:29:35,114 - INFO - 📱 Calling login_gui.main()
2025-08-21 10:29:38,268 - DEBUG - Starting new HTTPS connection (1): oauth2.googleapis.com:443
2025-08-21 10:29:38,352 - DEBUG - https://oauth2.googleapis.com:443 "POST /token HTTP/1.1" 200 None
2025-08-21 10:32:31,179 - INFO - ✅ Configuration loaded from updater.ini
2025-08-21 10:32:31,180 - INFO - ✅ Single instance lock acquired
2025-08-21 10:32:31,180 - INFO - ============================================================
2025-08-21 10:32:31,180 - INFO - 🚀 RMS LATEST RELEASE UPDATER STARTING
2025-08-21 10:32:31,180 - INFO - ============================================================
2025-08-21 10:32:31,180 - INFO - 🔍 Checking for updates using latest release...
2025-08-21 10:32:31,180 - INFO - 🔍 Fetching latest release information from GitHub...
2025-08-21 10:32:31,180 - INFO - 📡 API URL: https://api.github.com/repos/food2g0/Centralized-Image-Uploader/releases/latest
2025-08-21 10:32:31,180 - INFO - 🌐 Attempting to connect to https://api.github.com/repos/food2g0/Centralized-Image-Uploader/releases/latest (attempt 1/3)
2025-08-21 10:32:31,182 - DEBUG - Starting new HTTPS connection (1): api.github.com:443
2025-08-21 10:32:31,581 - DEBUG - https://api.github.com:443 "GET /repos/food2g0/Centralized-Image-Uploader/releases/latest HTTP/1.1" 200 1004
2025-08-21 10:32:31,582 - INFO - ✅ Request successful (Status: 200)
2025-08-21 10:32:31,582 - INFO - 📄 Latest release: .1.0.1
2025-08-21 10:32:31,582 - INFO - 📝 Release name: Update
2025-08-21 10:32:31,582 - INFO - 📅 Published: 2025-07-29T02:56:29Z
2025-08-21 10:32:31,582 - INFO - ⬇️ Download URL: https://github.com/food2g0/Centralized-Image-Uploader/releases/download/V.1.0.1/installer.exe
2025-08-21 10:32:31,582 - INFO - 💻 Current version: 1.1.0
2025-08-21 10:32:31,582 - INFO - 📄 Latest version: .1.0.1
2025-08-21 10:32:31,582 - INFO - 🔍 Comparing versions: '1.1.0' vs '.1.0.1'
2025-08-21 10:32:31,583 - WARNING - Semantic version parsing failed, using string comparison: Invalid version: '.1.0.1'
2025-08-21 10:32:31,583 - INFO - ⬆️ String comparison: Versions differ, assuming update available
2025-08-21 10:32:31,583 - INFO - ⬆️ Update available!
2025-08-21 10:32:31,583 - INFO - 📋 Created preservation instructions: update_instructions.txt
2025-08-21 10:32:31,585 - INFO - 📋 Backed up file: updater.ini
2025-08-21 10:32:31,585 - INFO - 📋 Backed up file: updater.log
2025-08-21 10:32:31,585 - INFO - ✅ Backed up 2 items to C:\Users\Paww\AppData\Local\Temp\RMS_backup
2025-08-21 10:32:31,586 - INFO - 📱 Showing update dialog for latest release: .1.0.1
2025-08-21 10:32:33,266 - INFO - 👤 User declined update
2025-08-21 10:32:33,266 - INFO - ========================================
2025-08-21 10:32:33,266 - INFO - 🎯 LAUNCHING MAIN APPLICATION
2025-08-21 10:32:33,266 - INFO - ========================================
2025-08-21 10:32:33,697 - DEBUG - This service is instrumented using OpenTelemetry. OpenTelemetry or one of its components could not be imported; please add compatible versions of opentelemetry-api and opentelemetry-instrumentation packages in order to get Storage Tracing data.
2025-08-21 10:32:33,778 - INFO - 📱 Calling login_gui.main()
2025-08-21 10:32:36,053 - DEBUG - Starting new HTTPS connection (1): oauth2.googleapis.com:443
2025-08-21 10:32:36,144 - DEBUG - https://oauth2.googleapis.com:443 "POST /token HTTP/1.1" 200 None
2025-08-21 10:33:06,182 - DEBUG - Converted retries value: 3 -> Retry(total=3, connect=None, read=None, redirect=None, status=None)
2025-08-21 10:33:06,241 - DEBUG - Starting new HTTPS connection (1): storage.googleapis.com:443
2025-08-21 10:33:06,421 - DEBUG - https://storage.googleapis.com:443 "POST /upload/storage/v1/b/records-management-faffa.firebasestorage.app/o?uploadType=resumable HTTP/1.1" 200 0
2025-08-21 10:33:06,801 - DEBUG - https://storage.googleapis.com:443 "PUT /upload/storage/v1/b/records-management-faffa.firebasestorage.app/o?uploadType=resumable&upload_id=ABgVH8-gFWw3WBXhAw66LtjZtjV3lPZAB8__Bdm3xPsXqaodQRrs1YlSreWAmIMOWeKmLbCmPcvJSRaMx5hLyGsUjJuHgWNIpBcqDzdaZ03PuxM HTTP/1.1" 200 1316
2025-08-21 10:33:06,919 - DEBUG - https://storage.googleapis.com:443 "GET /storage/v1/b/records-management-faffa.firebasestorage.app/o/Head%20Office%2F2025-08-21_1755743586_2025-08-10_1754811314_A.Nicolas%2C%20L.%20Cadorna%2C%20J.%20Lato%2C%20%26%20M.Casimero.jpg/acl?prettyPrint=false HTTP/1.1" 200 3592
2025-08-21 10:33:07,099 - DEBUG - https://storage.googleapis.com:443 "PATCH /storage/v1/b/records-management-faffa.firebasestorage.app/o/Head%20Office%2F2025-08-21_1755743586_2025-08-10_1754811314_A.Nicolas%2C%20L.%20Cadorna%2C%20J.%20Lato%2C%20%26%20M.Casimero.jpg?projection=full&prettyPrint=false HTTP/1.1" 200 5614
2025-08-21 10:33:07,100 - DEBUG - Starting new HTTPS connection (1): storage.googleapis.com:443
2025-08-21 10:33:07,244 - DEBUG - https://storage.googleapis.com:443 "HEAD /records-management-faffa.firebasestorage.app/Head%20Office%2F2025-08-21_1755743586_2025-08-10_1754811314_A.Nicolas%2C%20L.%20Cadorna%2C%20J.%20Lato%2C%20%26%20M.Casimero.jpg HTTP/1.1" 200 0
2025-08-21 10:33:47,285 - INFO - ✅ Configuration loaded from updater.ini
2025-08-21 10:33:47,286 - INFO - ✅ Single instance lock acquired
2025-08-21 10:33:47,286 - INFO - ============================================================
2025-08-21 10:33:47,286 - INFO - 🚀 RMS LATEST RELEASE UPDATER STARTING
2025-08-21 10:33:47,286 - INFO - ============================================================
2025-08-21 10:33:47,287 - INFO - 🔍 Checking for updates using latest release...
2025-08-21 10:33:47,287 - INFO - 🔍 Fetching latest release information from GitHub...
2025-08-21 10:33:47,287 - INFO - 📡 API URL: https://api.github.com/repos/food2g0/Centralized-Image-Uploader/releases/latest
2025-08-21 10:33:47,287 - INFO - 🌐 Attempting to connect to https://api.github.com/repos/food2g0/Centralized-Image-Uploader/releases/latest (attempt 1/3)
2025-08-21 10:33:47,288 - DEBUG - Starting new HTTPS connection (1): api.github.com:443
2025-08-21 10:33:47,675 - DEBUG - https://api.github.com:443 "GET /repos/food2g0/Centralized-Image-Uploader/releases/latest HTTP/1.1" 200 1004
2025-08-21 10:33:47,676 - INFO - ✅ Request successful (Status: 200)
2025-08-21 10:33:47,676 - INFO - 📄 Latest release: .1.0.1
2025-08-21 10:33:47,676 - INFO - 📝 Release name: Update
2025-08-21 10:33:47,676 - INFO - 📅 Published: 2025-07-29T02:56:29Z
2025-08-21 10:33:47,676 - INFO - ⬇️ Download URL: https://github.com/food2g0/Centralized-Image-Uploader/releases/download/V.1.0.1/installer.exe
2025-08-21 10:33:47,677 - INFO - 💻 Current version: 1.1.0
2025-08-21 10:33:47,677 - INFO - 📄 Latest version: .1.0.1
2025-08-21 10:33:47,677 - INFO - 🔍 Comparing versions: '1.1.0' vs '.1.0.1'
2025-08-21 10:33:47,677 - WARNING - Semantic version parsing failed, using string comparison: Invalid version: '.1.0.1'
2025-08-21 10:33:47,677 - INFO - ⬆️ String comparison: Versions differ, assuming update available
2025-08-21 10:33:47,677 - INFO - ⬆️ Update available!
2025-08-21 10:33:47,678 - INFO - 📋 Created preservation instructions: update_instructions.txt
2025-08-21 10:33:47,679 - INFO - 📋 Backed up file: updater.ini
2025-08-21 10:33:47,680 - INFO - 📋 Backed up file: updater.log
2025-08-21 10:33:47,680 - INFO - ✅ Backed up 2 items to C:\Users\Paww\AppData\Local\Temp\RMS_backup
2025-08-21 10:33:47,680 - INFO - 📱 Showing update dialog for latest release: .1.0.1
2025-08-21 10:33:48,817 - INFO - 👤 User declined update
2025-08-21 10:33:48,817 - INFO - ========================================
2025-08-21 10:33:48,817 - INFO - 🎯 LAUNCHING MAIN APPLICATION
2025-08-21 10:33:48,817 - INFO - ========================================
2025-08-21 10:33:49,325 - DEBUG - This service is instrumented using OpenTelemetry. OpenTelemetry or one of its components could not be imported; please add compatible versions of opentelemetry-api and opentelemetry-instrumentation packages in order to get Storage Tracing data.
2025-08-21 10:33:49,409 - INFO - 📱 Calling login_gui.main()
2025-08-21 10:33:51,905 - DEBUG - Starting new HTTPS connection (1): oauth2.googleapis.com:443
2025-08-21 10:33:51,992 - DEBUG - https://oauth2.googleapis.com:443 "POST /token HTTP/1.1" 200 None
2025-08-21 10:37:22,313 - INFO - ✅ Configuration loaded from updater.ini
2025-08-21 10:37:22,313 - INFO - ✅ Single instance lock acquired
2025-08-21 10:37:22,313 - INFO - ============================================================
2025-08-21 10:37:22,314 - INFO - 🚀 RMS LATEST RELEASE UPDATER STARTING
2025-08-21 10:37:22,314 - INFO - ============================================================
2025-08-21 10:37:22,314 - INFO - 🔍 Checking for updates using latest release...
2025-08-21 10:37:22,314 - INFO - 🔍 Fetching latest release information from GitHub...
2025-08-21 10:37:22,314 - INFO - 📡 API URL: https://api.github.com/repos/food2g0/Centralized-Image-Uploader/releases/latest
2025-08-21 10:37:22,314 - INFO - 🌐 Attempting to connect to https://api.github.com/repos/food2g0/Centralized-Image-Uploader/releases/latest (attempt 1/3)
2025-08-21 10:37:22,316 - DEBUG - Starting new HTTPS connection (1): api.github.com:443
2025-08-21 10:37:22,722 - DEBUG - https://api.github.com:443 "GET /repos/food2g0/Centralized-Image-Uploader/releases/latest HTTP/1.1" 200 1004
2025-08-21 10:37:22,723 - INFO - ✅ Request successful (Status: 200)
2025-08-21 10:37:22,723 - INFO - 📄 Latest release: .1.0.1
2025-08-21 10:37:22,723 - INFO - 📝 Release name: Update
2025-08-21 10:37:22,723 - INFO - 📅 Published: 2025-07-29T02:56:29Z
2025-08-21 10:37:22,723 - INFO - ⬇️ Download URL: https://github.com/food2g0/Centralized-Image-Uploader/releases/download/V.1.0.1/installer.exe
2025-08-21 10:37:22,723 - INFO - 💻 Current version: 1.1.0
2025-08-21 10:37:22,723 - INFO - 📄 Latest version: .1.0.1
2025-08-21 10:37:22,724 - INFO - 🔍 Comparing versions: '1.1.0' vs '.1.0.1'
2025-08-21 10:37:22,724 - WARNING - Semantic version parsing failed, using string comparison: Invalid version: '.1.0.1'
2025-08-21 10:37:22,724 - INFO - ⬆️ String comparison: Versions differ, assuming update available
2025-08-21 10:37:22,724 - INFO - ⬆️ Update available!
2025-08-21 10:37:22,724 - INFO - 📋 Created preservation instructions: update_instructions.txt
2025-08-21 10:37:22,726 - INFO - 📋 Backed up file: updater.ini
2025-08-21 10:37:22,726 - INFO - 📋 Backed up file: updater.log
2025-08-21 10:37:22,727 - INFO - ✅ Backed up 2 items to C:\Users\Paww\AppData\Local\Temp\RMS_backup
2025-08-21 10:37:22,727 - INFO - 📱 Showing update dialog for latest release: .1.0.1
2025-08-21 10:37:23,809 - INFO - 👤 User declined update
2025-08-21 10:37:23,809 - INFO - ========================================
2025-08-21 10:37:23,810 - INFO - 🎯 LAUNCHING MAIN APPLICATION
2025-08-21 10:37:23,810 - INFO - ========================================
2025-08-21 10:37:24,333 - DEBUG - This service is instrumented using OpenTelemetry. OpenTelemetry or one of its components could not be imported; please add compatible versions of opentelemetry-api and opentelemetry-instrumentation packages in order to get Storage Tracing data.
2025-08-21 10:37:24,416 - INFO - 📱 Calling login_gui.main()
2025-08-21 10:37:27,184 - DEBUG - Starting new HTTPS connection (1): oauth2.googleapis.com:443
2025-08-21 10:37:27,295 - DEBUG - https://oauth2.googleapis.com:443 "POST /token HTTP/1.1" 200 None
2025-08-21 10:38:07,345 - DEBUG - Converted retries value: 3 -> Retry(total=3, connect=None, read=None, redirect=None, status=None)
2025-08-21 10:38:07,349 - DEBUG - Starting new HTTPS connection (1): storage.googleapis.com:443
2025-08-21 10:38:07,510 - DEBUG - https://storage.googleapis.com:443 "POST /upload/storage/v1/b/records-management-faffa.firebasestorage.app/o?uploadType=resumable HTTP/1.1" 200 0
2025-08-21 10:38:07,972 - DEBUG - https://storage.googleapis.com:443 "PUT /upload/storage/v1/b/records-management-faffa.firebasestorage.app/o?uploadType=resumable&upload_id=ABgVH885hyPJ7u5L5HgMqGmQ9ftmjdvVqWzdVws_6lksPqsOx-nP7hi5LvVorwC47wAxzDzccBKiGTOY_99pX_NkunorCS9amXmpsZB3TowkMTI HTTP/1.1" 200 1289
2025-08-21 10:38:08,059 - DEBUG - https://storage.googleapis.com:443 "GET /storage/v1/b/records-management-faffa.firebasestorage.app/o/Head%20Office%2F2025-08-21_1755743887_2025-08-10_1754811318_M.%20Gumboc%2C%20J.%20Lato%2C%20%26J.%20Magdadaro%20%282%29.jpg/acl?prettyPrint=false HTTP/1.1" 200 3508
2025-08-21 10:38:08,254 - DEBUG - https://storage.googleapis.com:443 "PATCH /storage/v1/b/records-management-faffa.firebasestorage.app/o/Head%20Office%2F2025-08-21_1755743887_2025-08-10_1754811318_M.%20Gumboc%2C%20J.%20Lato%2C%20%26J.%20Magdadaro%20%282%29.jpg?projection=full&prettyPrint=false HTTP/1.1" 200 5482
2025-08-21 10:38:08,256 - DEBUG - Starting new HTTPS connection (1): storage.googleapis.com:443
2025-08-21 10:38:08,549 - DEBUG - https://storage.googleapis.com:443 "HEAD /records-management-faffa.firebasestorage.app/Head%20Office%2F2025-08-21_1755743887_2025-08-10_1754811318_M.%20Gumboc%2C%20J.%20Lato%2C%20%26J.%20Magdadaro%20%282%29.jpg HTTP/1.1" 200 0
2025-08-21 10:38:08,954 - DEBUG - https://storage.googleapis.com:443 "POST /upload/storage/v1/b/records-management-faffa.firebasestorage.app/o?uploadType=resumable HTTP/1.1" 200 0
2025-08-21 10:38:09,416 - DEBUG - https://storage.googleapis.com:443 "PUT /upload/storage/v1/b/records-management-faffa.firebasestorage.app/o?uploadType=resumable&upload_id=ABgVH8-FGsZPnLmABZEPomkcFBIWG-9hxHDyVajKmavgxPbxUNyou7OlS9GqOzQLNBj3ekL2RX6gRWF0gQUWzS3VJVJ9qsvGCE3ESJZc7Ut6seg HTTP/1.1" 200 1289
2025-08-21 10:38:09,487 - DEBUG - https://storage.googleapis.com:443 "GET /storage/v1/b/records-management-faffa.firebasestorage.app/o/Head%20Office%2F2025-08-21_1755743888_2025-08-10_1754811318_M.%20Gumboc%2C%20J.%20Lato%2C%20%26J.%20Magdadaro%20%281%29.jpg/acl?prettyPrint=false HTTP/1.1" 200 3508
2025-08-21 10:38:09,660 - DEBUG - https://storage.googleapis.com:443 "PATCH /storage/v1/b/records-management-faffa.firebasestorage.app/o/Head%20Office%2F2025-08-21_1755743888_2025-08-10_1754811318_M.%20Gumboc%2C%20J.%20Lato%2C%20%26J.%20Magdadaro%20%281%29.jpg?projection=full&prettyPrint=false HTTP/1.1" 200 5482
2025-08-21 10:38:09,662 - DEBUG - Starting new HTTPS connection (1): storage.googleapis.com:443
2025-08-21 10:38:09,954 - DEBUG - https://storage.googleapis.com:443 "HEAD /records-management-faffa.firebasestorage.app/Head%20Office%2F2025-08-21_1755743888_2025-08-10_1754811318_M.%20Gumboc%2C%20J.%20Lato%2C%20%26J.%20Magdadaro%20%281%29.jpg HTTP/1.1" 200 0
2025-08-21 10:38:10,112 - DEBUG - https://storage.googleapis.com:443 "POST /upload/storage/v1/b/records-management-faffa.firebasestorage.app/o?uploadType=resumable HTTP/1.1" 200 0
2025-08-21 10:38:10,577 - DEBUG - https://storage.googleapis.com:443 "PUT /upload/storage/v1/b/records-management-faffa.firebasestorage.app/o?uploadType=resumable&upload_id=ABgVH8_VCeGZRLK8hS7vBEX3jGqENkcaBgXMhLtzFI0Dd3QVkIcbc25WcceGwhYcM1uF5hWrYgX4yKKY9PfeFuiDtlg0xpI0lu9rs_g48uiGYyA HTTP/1.1" 200 1269
2025-08-21 10:38:10,642 - DEBUG - https://storage.googleapis.com:443 "GET /storage/v1/b/records-management-faffa.firebasestorage.app/o/Head%20Office%2F2025-08-21_1755743890_2025-08-10_1754811318_M.%20Gumboc%2C%20J.%20Lato%2C%20%26J.%20Magdadaro.jpg/acl?prettyPrint=false HTTP/1.1" 200 3452
2025-08-21 10:38:10,836 - DEBUG - https://storage.googleapis.com:443 "PATCH /storage/v1/b/records-management-faffa.firebasestorage.app/o/Head%20Office%2F2025-08-21_1755743890_2025-08-10_1754811318_M.%20Gumboc%2C%20J.%20Lato%2C%20%26J.%20Magdadaro.jpg?projection=full&prettyPrint=false HTTP/1.1" 200 5392
2025-08-21 10:38:10,838 - DEBUG - Starting new HTTPS connection (1): storage.googleapis.com:443
2025-08-21 10:38:10,971 - DEBUG - https://storage.googleapis.com:443 "HEAD /records-management-faffa.firebasestorage.app/Head%20Office%2F2025-08-21_1755743890_2025-08-10_1754811318_M.%20Gumboc%2C%20J.%20Lato%2C%20%26J.%20Magdadaro.jpg HTTP/1.1" 200 0
2025-08-21 10:38:48,796 - INFO - ✅ Configuration loaded from updater.ini
2025-08-21 10:38:48,797 - INFO - ✅ Single instance lock acquired
2025-08-21 10:38:48,797 - INFO - ============================================================
2025-08-21 10:38:48,797 - INFO - 🚀 RMS LATEST RELEASE UPDATER STARTING
2025-08-21 10:38:48,797 - INFO - ============================================================
2025-08-21 10:38:48,797 - INFO - 🔍 Checking for updates using latest release...
2025-08-21 10:38:48,797 - INFO - 🔍 Fetching latest release information from GitHub...
2025-08-21 10:38:48,797 - INFO - 📡 API URL: https://api.github.com/repos/food2g0/Centralized-Image-Uploader/releases/latest
2025-08-21 10:38:48,797 - INFO - 🌐 Attempting to connect to https://api.github.com/repos/food2g0/Centralized-Image-Uploader/releases/latest (attempt 1/3)
2025-08-21 10:38:48,799 - DEBUG - Starting new HTTPS connection (1): api.github.com:443
2025-08-21 10:38:49,226 - DEBUG - https://api.github.com:443 "GET /repos/food2g0/Centralized-Image-Uploader/releases/latest HTTP/1.1" 200 1004
2025-08-21 10:38:49,226 - INFO - ✅ Request successful (Status: 200)
2025-08-21 10:38:49,227 - INFO - 📄 Latest release: .1.0.1
2025-08-21 10:38:49,227 - INFO - 📝 Release name: Update
2025-08-21 10:38:49,227 - INFO - 📅 Published: 2025-07-29T02:56:29Z
2025-08-21 10:38:49,227 - INFO - ⬇️ Download URL: https://github.com/food2g0/Centralized-Image-Uploader/releases/download/V.1.0.1/installer.exe
2025-08-21 10:38:49,227 - INFO - 💻 Current version: 1.1.0
2025-08-21 10:38:49,227 - INFO - 📄 Latest version: .1.0.1
2025-08-21 10:38:49,227 - INFO - 🔍 Comparing versions: '1.1.0' vs '.1.0.1'
2025-08-21 10:38:49,227 - WARNING - Semantic version parsing failed, using string comparison: Invalid version: '.1.0.1'
2025-08-21 10:38:49,228 - INFO - ⬆️ String comparison: Versions differ, assuming update available
2025-08-21 10:38:49,228 - INFO - ⬆️ Update available!
2025-08-21 10:38:49,228 - INFO - 📋 Created preservation instructions: update_instructions.txt
2025-08-21 10:38:49,230 - INFO - 📋 Backed up file: updater.ini
2025-08-21 10:38:49,230 - INFO - 📋 Backed up file: updater.log
2025-08-21 10:38:49,230 - INFO - ✅ Backed up 2 items to C:\Users\Paww\AppData\Local\Temp\RMS_backup
2025-08-21 10:38:49,230 - INFO - 📱 Showing update dialog for latest release: .1.0.1
2025-08-21 10:38:50,440 - INFO - 👤 User declined update
2025-08-21 10:38:50,440 - INFO - ========================================
2025-08-21 10:38:50,440 - INFO - 🎯 LAUNCHING MAIN APPLICATION
2025-08-21 10:38:50,441 - INFO - ========================================
2025-08-21 10:38:50,921 - DEBUG - This service is instrumented using OpenTelemetry. OpenTelemetry or one of its components could not be imported; please add compatible versions of opentelemetry-api and opentelemetry-instrumentation packages in order to get Storage Tracing data.
2025-08-21 10:38:51,007 - INFO - 📱 Calling login_gui.main()
2025-08-21 10:38:53,445 - DEBUG - Starting new HTTPS connection (1): oauth2.googleapis.com:443
2025-08-21 10:38:53,532 - DEBUG - https://oauth2.googleapis.com:443 "POST /token HTTP/1.1" 200 None
2025-08-21 10:39:18,883 - INFO - ✅ Configuration loaded from updater.ini
2025-08-21 10:39:18,884 - INFO - ✅ Single instance lock acquired
2025-08-21 10:39:18,884 - INFO - ============================================================
2025-08-21 10:39:18,884 - INFO - 🚀 RMS LATEST RELEASE UPDATER STARTING
2025-08-21 10:39:18,884 - INFO - ============================================================
2025-08-21 10:39:18,884 - INFO - 🔍 Checking for updates using latest release...
2025-08-21 10:39:18,884 - INFO - 🔍 Fetching latest release information from GitHub...
2025-08-21 10:39:18,884 - INFO - 📡 API URL: https://api.github.com/repos/food2g0/Centralized-Image-Uploader/releases/latest
2025-08-21 10:39:18,884 - INFO - 🌐 Attempting to connect to https://api.github.com/repos/food2g0/Centralized-Image-Uploader/releases/latest (attempt 1/3)
2025-08-21 10:39:18,886 - DEBUG - Starting new HTTPS connection (1): api.github.com:443
2025-08-21 10:39:19,278 - DEBUG - https://api.github.com:443 "GET /repos/food2g0/Centralized-Image-Uploader/releases/latest HTTP/1.1" 200 1004
2025-08-21 10:39:19,278 - INFO - ✅ Request successful (Status: 200)
2025-08-21 10:39:19,279 - INFO - 📄 Latest release: .1.0.1
2025-08-21 10:39:19,279 - INFO - 📝 Release name: Update
2025-08-21 10:39:19,279 - INFO - 📅 Published: 2025-07-29T02:56:29Z
2025-08-21 10:39:19,279 - INFO - ⬇️ Download URL: https://github.com/food2g0/Centralized-Image-Uploader/releases/download/V.1.0.1/installer.exe
2025-08-21 10:39:19,279 - INFO - 💻 Current version: 1.1.0
2025-08-21 10:39:19,279 - INFO - 📄 Latest version: .1.0.1
2025-08-21 10:39:19,279 - INFO - 🔍 Comparing versions: '1.1.0' vs '.1.0.1'
2025-08-21 10:39:19,280 - WARNING - Semantic version parsing failed, using string comparison: Invalid version: '.1.0.1'
2025-08-21 10:39:19,280 - INFO - ⬆️ String comparison: Versions differ, assuming update available
2025-08-21 10:39:19,280 - INFO - ⬆️ Update available!
2025-08-21 10:39:19,280 - INFO - 📋 Created preservation instructions: update_instructions.txt
2025-08-21 10:39:19,282 - INFO - 📋 Backed up file: updater.ini
2025-08-21 10:39:19,282 - INFO - 📋 Backed up file: updater.log
2025-08-21 10:39:19,282 - INFO - ✅ Backed up 2 items to C:\Users\Paww\AppData\Local\Temp\RMS_backup
2025-08-21 10:39:19,283 - INFO - 📱 Showing update dialog for latest release: .1.0.1
2025-08-21 10:39:20,658 - INFO - 👤 User declined update
2025-08-21 10:39:20,658 - INFO - ========================================
2025-08-21 10:39:20,658 - INFO - 🎯 LAUNCHING MAIN APPLICATION
2025-08-21 10:39:20,658 - INFO - ========================================
2025-08-21 10:39:21,091 - DEBUG - This service is instrumented using OpenTelemetry. OpenTelemetry or one of its components could not be imported; please add compatible versions of opentelemetry-api and opentelemetry-instrumentation packages in order to get Storage Tracing data.
2025-08-21 10:39:21,175 - INFO - 📱 Calling login_gui.main()
2025-08-21 10:39:23,940 - DEBUG - Starting new HTTPS connection (1): oauth2.googleapis.com:443
2025-08-21 10:39:24,031 - DEBUG - https://oauth2.googleapis.com:443 "POST /token HTTP/1.1" 200 None
2025-08-21 10:39:52,456 - INFO - ✅ Configuration loaded from updater.ini
2025-08-21 10:39:52,457 - INFO - ✅ Single instance lock acquired
2025-08-21 10:39:52,457 - INFO - ============================================================
2025-08-21 10:39:52,457 - INFO - 🚀 RMS LATEST RELEASE UPDATER STARTING
2025-08-21 10:39:52,457 - INFO - ============================================================
2025-08-21 10:39:52,457 - INFO - 🔍 Checking for updates using latest release...
2025-08-21 10:39:52,458 - INFO - 🔍 Fetching latest release information from GitHub...
2025-08-21 10:39:52,458 - INFO - 📡 API URL: https://api.github.com/repos/food2g0/Centralized-Image-Uploader/releases/latest
2025-08-21 10:39:52,458 - INFO - 🌐 Attempting to connect to https://api.github.com/repos/food2g0/Centralized-Image-Uploader/releases/latest (attempt 1/3)
2025-08-21 10:39:52,459 - DEBUG - Starting new HTTPS connection (1): api.github.com:443
2025-08-21 10:39:52,868 - DEBUG - https://api.github.com:443 "GET /repos/food2g0/Centralized-Image-Uploader/releases/latest HTTP/1.1" 200 1004
2025-08-21 10:39:52,868 - INFO - ✅ Request successful (Status: 200)
2025-08-21 10:39:52,868 - INFO - 📄 Latest release: .1.0.1
2025-08-21 10:39:52,869 - INFO - 📝 Release name: Update
2025-08-21 10:39:52,869 - INFO - 📅 Published: 2025-07-29T02:56:29Z
2025-08-21 10:39:52,869 - INFO - ⬇️ Download URL: https://github.com/food2g0/Centralized-Image-Uploader/releases/download/V.1.0.1/installer.exe
2025-08-21 10:39:52,869 - INFO - 💻 Current version: 1.1.0
2025-08-21 10:39:52,869 - INFO - 📄 Latest version: .1.0.1
2025-08-21 10:39:52,869 - INFO - 🔍 Comparing versions: '1.1.0' vs '.1.0.1'
2025-08-21 10:39:52,869 - WARNING - Semantic version parsing failed, using string comparison: Invalid version: '.1.0.1'
2025-08-21 10:39:52,869 - INFO - ⬆️ String comparison: Versions differ, assuming update available
2025-08-21 10:39:52,870 - INFO - ⬆️ Update available!
2025-08-21 10:39:52,870 - INFO - 📋 Created preservation instructions: update_instructions.txt
2025-08-21 10:39:52,872 - INFO - 📋 Backed up file: updater.ini
2025-08-21 10:39:52,873 - INFO - 📋 Backed up file: updater.log
2025-08-21 10:39:52,873 - INFO - ✅ Backed up 2 items to C:\Users\Paww\AppData\Local\Temp\RMS_backup
2025-08-21 10:39:52,873 - INFO - 📱 Showing update dialog for latest release: .1.0.1
2025-08-21 10:39:54,166 - INFO - 👤 User declined update
2025-08-21 10:39:54,166 - INFO - ========================================
2025-08-21 10:39:54,166 - INFO - 🎯 LAUNCHING MAIN APPLICATION
2025-08-21 10:39:54,167 - INFO - ========================================
2025-08-21 10:39:54,629 - DEBUG - This service is instrumented using OpenTelemetry. OpenTelemetry or one of its components could not be imported; please add compatible versions of opentelemetry-api and opentelemetry-instrumentation packages in order to get Storage Tracing data.
2025-08-21 10:39:54,708 - INFO - 📱 Calling login_gui.main()
2025-08-21 10:40:03,723 - DEBUG - Starting new HTTPS connection (1): oauth2.googleapis.com:443
2025-08-21 10:40:03,808 - DEBUG - https://oauth2.googleapis.com:443 "POST /token HTTP/1.1" 200 None
2025-08-21 10:40:23,737 - DEBUG - Starting new HTTPS connection (1): storage.googleapis.com:443
2025-08-21 10:40:23,929 - DEBUG - https://storage.googleapis.com:443 "GET /records-management-faffa.firebasestorage.app/Head%20Office%2F2025-08-21_1755743586_2025-08-10_1754811314_A.Nicolas%2C%20L.%20Cadorna%2C%20J.%20Lato%2C%20%26%20M.Casimero.jpg HTTP/1.1" 200 351736
2025-08-21 10:41:34,950 - DEBUG - Starting new HTTPS connection (1): storage.googleapis.com:443
2025-08-21 10:41:35,146 - DEBUG - https://storage.googleapis.com:443 "GET /records-management-faffa.firebasestorage.app/Head%20Office%2F2025-08-21_1755743890_2025-08-10_1754811318_M.%20Gumboc%2C%20J.%20Lato%2C%20%26J.%20Magdadaro.jpg HTTP/1.1" 200 1014802
2025-08-21 10:43:10,901 - INFO - ✅ Configuration loaded from updater.ini
2025-08-21 10:43:10,902 - INFO - ✅ Single instance lock acquired
2025-08-21 10:43:10,902 - INFO - ============================================================
2025-08-21 10:43:10,902 - INFO - 🚀 RMS LATEST RELEASE UPDATER STARTING
2025-08-21 10:43:10,902 - INFO - ============================================================
2025-08-21 10:43:10,902 - INFO - 🔍 Checking for updates using latest release...
2025-08-21 10:43:10,903 - INFO - 🔍 Fetching latest release information from GitHub...
2025-08-21 10:43:10,903 - INFO - 📡 API URL: https://api.github.com/repos/food2g0/Centralized-Image-Uploader/releases/latest
2025-08-21 10:43:10,903 - INFO - 🌐 Attempting to connect to https://api.github.com/repos/food2g0/Centralized-Image-Uploader/releases/latest (attempt 1/3)
2025-08-21 10:43:10,904 - DEBUG - Starting new HTTPS connection (1): api.github.com:443
2025-08-21 10:43:11,304 - DEBUG - https://api.github.com:443 "GET /repos/food2g0/Centralized-Image-Uploader/releases/latest HTTP/1.1" 200 1004
2025-08-21 10:43:11,304 - INFO - ✅ Request successful (Status: 200)
2025-08-21 10:43:11,304 - INFO - 📄 Latest release: .1.0.1
2025-08-21 10:43:11,305 - INFO - 📝 Release name: Update
2025-08-21 10:43:11,305 - INFO - 📅 Published: 2025-07-29T02:56:29Z
2025-08-21 10:43:11,305 - INFO - ⬇️ Download URL: https://github.com/food2g0/Centralized-Image-Uploader/releases/download/V.1.0.1/installer.exe
2025-08-21 10:43:11,305 - INFO - 💻 Current version: 1.1.0
2025-08-21 10:43:11,305 - INFO - 📄 Latest version: .1.0.1
2025-08-21 10:43:11,305 - INFO - 🔍 Comparing versions: '1.1.0' vs '.1.0.1'
2025-08-21 10:43:11,305 - WARNING - Semantic version parsing failed, using string comparison: Invalid version: '.1.0.1'
2025-08-21 10:43:11,306 - INFO - ⬆️ String comparison: Versions differ, assuming update available
2025-08-21 10:43:11,306 - INFO - ⬆️ Update available!
2025-08-21 10:43:11,306 - INFO - 📋 Created preservation instructions: update_instructions.txt
2025-08-21 10:43:11,308 - INFO - 📋 Backed up file: updater.ini
2025-08-21 10:43:11,309 - INFO - 📋 Backed up file: updater.log
2025-08-21 10:43:11,309 - INFO - ✅ Backed up 2 items to C:\Users\Paww\AppData\Local\Temp\RMS_backup
2025-08-21 10:43:11,309 - INFO - 📱 Showing update dialog for latest release: .1.0.1
2025-08-21 10:43:12,641 - INFO - 👤 User declined update
2025-08-21 10:43:12,642 - INFO - ========================================
2025-08-21 10:43:12,642 - INFO - 🎯 LAUNCHING MAIN APPLICATION
2025-08-21 10:43:12,642 - INFO - ========================================
2025-08-21 10:43:13,093 - DEBUG - This service is instrumented using OpenTelemetry. OpenTelemetry or one of its components could not be imported; please add compatible versions of opentelemetry-api and opentelemetry-instrumentation packages in order to get Storage Tracing data.
2025-08-21 10:43:13,171 - INFO - 📱 Calling login_gui.main()
2025-08-21 10:43:18,289 - DEBUG - Starting new HTTPS connection (1): oauth2.googleapis.com:443
2025-08-21 10:43:18,375 - DEBUG - https://oauth2.googleapis.com:443 "POST /token HTTP/1.1" 200 None
2025-08-21 11:08:19,615 - INFO - ✅ Configuration loaded from updater.ini
2025-08-21 11:08:19,615 - INFO - ✅ Single instance lock acquired
2025-08-21 11:08:19,615 - INFO - ============================================================
2025-08-21 11:08:19,615 - INFO - 🚀 RMS LATEST RELEASE UPDATER STARTING
2025-08-21 11:08:19,616 - INFO - ============================================================
2025-08-21 11:08:19,616 - INFO - 🔍 Checking for updates using latest release...
2025-08-21 11:08:19,616 - INFO - 🔍 Fetching latest release information from GitHub...
2025-08-21 11:08:19,616 - INFO - 📡 API URL: https://api.github.com/repos/food2g0/Centralized-Image-Uploader/releases/latest
2025-08-21 11:08:19,616 - INFO - 🌐 Attempting to connect to https://api.github.com/repos/food2g0/Centralized-Image-Uploader/releases/latest (attempt 1/3)
2025-08-21 11:08:19,617 - DEBUG - Starting new HTTPS connection (1): api.github.com:443
2025-08-21 11:08:20,009 - DEBUG - https://api.github.com:443 "GET /repos/food2g0/Centralized-Image-Uploader/releases/latest HTTP/1.1" 200 1004
2025-08-21 11:08:20,010 - INFO - ✅ Request successful (Status: 200)
2025-08-21 11:08:20,010 - INFO - 📄 Latest release: .1.0.1
2025-08-21 11:08:20,010 - INFO - 📝 Release name: Update
2025-08-21 11:08:20,010 - INFO - 📅 Published: 2025-07-29T02:56:29Z
2025-08-21 11:08:20,010 - INFO - ⬇️ Download URL: https://github.com/food2g0/Centralized-Image-Uploader/releases/download/V.1.0.1/installer.exe
2025-08-21 11:08:20,011 - INFO - 💻 Current version: 1.1.0
2025-08-21 11:08:20,011 - INFO - 📄 Latest version: .1.0.1
2025-08-21 11:08:20,011 - INFO - 🔍 Comparing versions: '1.1.0' vs '.1.0.1'
2025-08-21 11:08:20,011 - WARNING - Semantic version parsing failed, using string comparison: Invalid version: '.1.0.1'
2025-08-21 11:08:20,011 - INFO - ⬆️ String comparison: Versions differ, assuming update available
2025-08-21 11:08:20,011 - INFO - ⬆️ Update available!
2025-08-21 11:08:20,011 - INFO - 📋 Created preservation instructions: update_instructions.txt
2025-08-21 11:08:20,013 - INFO - 📋 Backed up file: updater.ini
2025-08-21 11:08:20,014 - INFO - 📋 Backed up file: updater.log
2025-08-21 11:08:20,014 - INFO - ✅ Backed up 2 items to C:\Users\Paww\AppData\Local\Temp\RMS_backup
2025-08-21 11:08:20,014 - INFO - 📱 Showing update dialog for latest release: .1.0.1
2025-08-21 11:08:21,368 - INFO - 👤 User declined update
2025-08-21 11:08:21,368 - INFO - ========================================
2025-08-21 11:08:21,368 - INFO - 🎯 LAUNCHING MAIN APPLICATION
2025-08-21 11:08:21,369 - INFO - ========================================
2025-08-21 11:08:21,829 - DEBUG - This service is instrumented using OpenTelemetry. OpenTelemetry or one of its components could not be imported; please add compatible versions of opentelemetry-api and opentelemetry-instrumentation packages in order to get Storage Tracing data.
2025-08-21 11:08:21,906 - INFO - 📱 Calling login_gui.main()
2025-08-21 11:08:27,414 - DEBUG - Starting new HTTPS connection (1): oauth2.googleapis.com:443
2025-08-21 11:08:27,505 - DEBUG - https://oauth2.googleapis.com:443 "POST /token HTTP/1.1" 200 None
2025-08-21 11:09:29,661 - INFO - ✅ Configuration loaded from updater.ini
2025-08-21 11:09:29,662 - INFO - ✅ Single instance lock acquired
2025-08-21 11:09:29,662 - INFO - ============================================================
2025-08-21 11:09:29,662 - INFO - 🚀 RMS LATEST RELEASE UPDATER STARTING
2025-08-21 11:09:29,662 - INFO - ============================================================
2025-08-21 11:09:29,662 - INFO - 🔍 Checking for updates using latest release...
2025-08-21 11:09:29,662 - INFO - 🔍 Fetching latest release information from GitHub...
2025-08-21 11:09:29,662 - INFO - 📡 API URL: https://api.github.com/repos/food2g0/Centralized-Image-Uploader/releases/latest
2025-08-21 11:09:29,662 - INFO - 🌐 Attempting to connect to https://api.github.com/repos/food2g0/Centralized-Image-Uploader/releases/latest (attempt 1/3)
2025-08-21 11:09:29,664 - DEBUG - Starting new HTTPS connection (1): api.github.com:443
2025-08-21 11:09:30,075 - DEBUG - https://api.github.com:443 "GET /repos/food2g0/Centralized-Image-Uploader/releases/latest HTTP/1.1" 200 1004
2025-08-21 11:09:30,075 - INFO - ✅ Request successful (Status: 200)
2025-08-21 11:09:30,076 - INFO - 📄 Latest release: .1.0.1
2025-08-21 11:09:30,076 - INFO - 📝 Release name: Update
2025-08-21 11:09:30,076 - INFO - 📅 Published: 2025-07-29T02:56:29Z
2025-08-21 11:09:30,076 - INFO - ⬇️ Download URL: https://github.com/food2g0/Centralized-Image-Uploader/releases/download/V.1.0.1/installer.exe
2025-08-21 11:09:30,076 - INFO - 💻 Current version: 1.1.0
2025-08-21 11:09:30,076 - INFO - 📄 Latest version: .1.0.1
2025-08-21 11:09:30,076 - INFO - 🔍 Comparing versions: '1.1.0' vs '.1.0.1'
2025-08-21 11:09:30,077 - WARNING - Semantic version parsing failed, using string comparison: Invalid version: '.1.0.1'
2025-08-21 11:09:30,077 - INFO - ⬆️ String comparison: Versions differ, assuming update available
2025-08-21 11:09:30,077 - INFO - ⬆️ Update available!
2025-08-21 11:09:30,077 - INFO - 📋 Created preservation instructions: update_instructions.txt
2025-08-21 11:09:30,079 - INFO - 📋 Backed up file: updater.ini
2025-08-21 11:09:30,079 - INFO - 📋 Backed up file: updater.log
2025-08-21 11:09:30,080 - INFO - ✅ Backed up 2 items to C:\Users\Paww\AppData\Local\Temp\RMS_backup
2025-08-21 11:09:30,080 - INFO - 📱 Showing update dialog for latest release: .1.0.1
2025-08-21 11:09:31,177 - INFO - 👤 User declined update
2025-08-21 11:09:31,177 - INFO - ========================================
2025-08-21 11:09:31,178 - INFO - 🎯 LAUNCHING MAIN APPLICATION
2025-08-21 11:09:31,178 - INFO - ========================================
2025-08-21 11:09:31,682 - DEBUG - This service is instrumented using OpenTelemetry. OpenTelemetry or one of its components could not be imported; please add compatible versions of opentelemetry-api and opentelemetry-instrumentation packages in order to get Storage Tracing data.
2025-08-21 11:09:31,760 - INFO - 📱 Calling login_gui.main()
2025-08-21 11:09:34,424 - DEBUG - Starting new HTTPS connection (1): oauth2.googleapis.com:443
2025-08-21 11:09:34,511 - DEBUG - https://oauth2.googleapis.com:443 "POST /token HTTP/1.1" 200 None
2025-08-21 11:14:25,119 - INFO - ✅ Configuration loaded from updater.ini
2025-08-21 11:14:25,120 - INFO - ✅ Single instance lock acquired
2025-08-21 11:14:25,120 - INFO - ============================================================
2025-08-21 11:14:25,120 - INFO - 🚀 RMS LATEST RELEASE UPDATER STARTING
2025-08-21 11:14:25,120 - INFO - ============================================================
2025-08-21 11:14:25,120 - INFO - 🔍 Checking for updates using latest release...
2025-08-21 11:14:25,120 - INFO - 🔍 Fetching latest release information from GitHub...
2025-08-21 11:14:25,120 - INFO - 📡 API URL: https://api.github.com/repos/food2g0/Centralized-Image-Uploader/releases/latest
2025-08-21 11:14:25,120 - INFO - 🌐 Attempting to connect to https://api.github.com/repos/food2g0/Centralized-Image-Uploader/releases/latest (attempt 1/3)
2025-08-21 11:14:25,122 - DEBUG - Starting new HTTPS connection (1): api.github.com:443
2025-08-21 11:14:25,536 - DEBUG - https://api.github.com:443 "GET /repos/food2g0/Centralized-Image-Uploader/releases/latest HTTP/1.1" 200 1004
2025-08-21 11:14:25,536 - INFO - ✅ Request successful (Status: 200)
2025-08-21 11:14:25,537 - INFO - 📄 Latest release: .1.0.1
2025-08-21 11:14:25,537 - INFO - 📝 Release name: Update
2025-08-21 11:14:25,537 - INFO - 📅 Published: 2025-07-29T02:56:29Z
2025-08-21 11:14:25,537 - INFO - ⬇️ Download URL: https://github.com/food2g0/Centralized-Image-Uploader/releases/download/V.1.0.1/installer.exe
2025-08-21 11:14:25,537 - INFO - 💻 Current version: 1.1.0
2025-08-21 11:14:25,537 - INFO - 📄 Latest version: .1.0.1
2025-08-21 11:14:25,537 - INFO - 🔍 Comparing versions: '1.1.0' vs '.1.0.1'
2025-08-21 11:14:25,538 - WARNING - Semantic version parsing failed, using string comparison: Invalid version: '.1.0.1'
2025-08-21 11:14:25,538 - INFO - ⬆️ String comparison: Versions differ, assuming update available
2025-08-21 11:14:25,538 - INFO - ⬆️ Update available!
2025-08-21 11:14:25,538 - INFO - 📋 Created preservation instructions: update_instructions.txt
2025-08-21 11:14:25,540 - INFO - 📋 Backed up file: updater.ini
2025-08-21 11:14:25,540 - INFO - 📋 Backed up file: updater.log
2025-08-21 11:14:25,541 - INFO - ✅ Backed up 2 items to C:\Users\Paww\AppData\Local\Temp\RMS_backup
2025-08-21 11:14:25,541 - INFO - 📱 Showing update dialog for latest release: .1.0.1
2025-08-21 11:14:26,831 - INFO - 👤 User declined update
2025-08-21 11:14:26,832 - INFO - ========================================
2025-08-21 11:14:26,832 - INFO - 🎯 LAUNCHING MAIN APPLICATION
2025-08-21 11:14:26,832 - INFO - ========================================
2025-08-21 11:14:27,313 - DEBUG - This service is instrumented using OpenTelemetry. OpenTelemetry or one of its components could not be imported; please add compatible versions of opentelemetry-api and opentelemetry-instrumentation packages in order to get Storage Tracing data.
2025-08-21 11:14:27,389 - INFO - 📱 Calling login_gui.main()
2025-08-21 11:14:32,321 - DEBUG - Starting new HTTPS connection (1): oauth2.googleapis.com:443
2025-08-21 11:14:32,412 - DEBUG - https://oauth2.googleapis.com:443 "POST /token HTTP/1.1" 200 None
2025-08-21 11:17:46,927 - INFO - ✅ Configuration loaded from updater.ini
2025-08-21 11:17:46,928 - INFO - ✅ Single instance lock acquired
2025-08-21 11:17:46,928 - INFO - ============================================================
2025-08-21 11:17:46,928 - INFO - 🚀 RMS LATEST RELEASE UPDATER STARTING
2025-08-21 11:17:46,928 - INFO - ============================================================
2025-08-21 11:17:46,929 - INFO - 🔍 Checking for updates using latest release...
2025-08-21 11:17:46,929 - INFO - 🔍 Fetching latest release information from GitHub...
2025-08-21 11:17:46,929 - INFO - 📡 API URL: https://api.github.com/repos/food2g0/Centralized-Image-Uploader/releases/latest
2025-08-21 11:17:46,929 - INFO - 🌐 Attempting to connect to https://api.github.com/repos/food2g0/Centralized-Image-Uploader/releases/latest (attempt 1/3)
2025-08-21 11:17:46,930 - DEBUG - Starting new HTTPS connection (1): api.github.com:443
2025-08-21 11:17:47,340 - DEBUG - https://api.github.com:443 "GET /repos/food2g0/Centralized-Image-Uploader/releases/latest HTTP/1.1" 200 1004
2025-08-21 11:17:47,341 - INFO - ✅ Request successful (Status: 200)
2025-08-21 11:17:47,341 - INFO - 📄 Latest release: .1.0.1
2025-08-21 11:17:47,341 - INFO - 📝 Release name: Update
2025-08-21 11:17:47,341 - INFO - 📅 Published: 2025-07-29T02:56:29Z
2025-08-21 11:17:47,341 - INFO - ⬇️ Download URL: https://github.com/food2g0/Centralized-Image-Uploader/releases/download/V.1.0.1/installer.exe
2025-08-21 11:17:47,342 - INFO - 💻 Current version: 1.1.0
2025-08-21 11:17:47,342 - INFO - 📄 Latest version: .1.0.1
2025-08-21 11:17:47,342 - INFO - 🔍 Comparing versions: '1.1.0' vs '.1.0.1'
2025-08-21 11:17:47,342 - WARNING - Semantic version parsing failed, using string comparison: Invalid version: '.1.0.1'
2025-08-21 11:17:47,342 - INFO - ⬆️ String comparison: Versions differ, assuming update available
2025-08-21 11:17:47,342 - INFO - ⬆️ Update available!
2025-08-21 11:17:47,342 - INFO - 📋 Created preservation instructions: update_instructions.txt
2025-08-21 11:17:47,344 - INFO - 📋 Backed up file: updater.ini
2025-08-21 11:17:47,345 - INFO - 📋 Backed up file: updater.log
2025-08-21 11:17:47,345 - INFO - ✅ Backed up 2 items to C:\Users\Paww\AppData\Local\Temp\RMS_backup
2025-08-21 11:17:47,345 - INFO - 📱 Showing update dialog for latest release: .1.0.1
2025-08-21 11:17:48,444 - INFO - 👤 User declined update
2025-08-21 11:17:48,445 - INFO - ========================================
2025-08-21 11:17:48,445 - INFO - 🎯 LAUNCHING MAIN APPLICATION
2025-08-21 11:17:48,445 - INFO - ========================================
2025-08-21 11:17:48,897 - DEBUG - This service is instrumented using OpenTelemetry. OpenTelemetry or one of its components could not be imported; please add compatible versions of opentelemetry-api and opentelemetry-instrumentation packages in order to get Storage Tracing data.
2025-08-21 11:17:48,974 - INFO - 📱 Calling login_gui.main()
2025-08-21 11:17:51,357 - DEBUG - Starting new HTTPS connection (1): oauth2.googleapis.com:443
2025-08-21 11:17:51,442 - DEBUG - https://oauth2.googleapis.com:443 "POST /token HTTP/1.1" 200 None
2025-08-21 11:21:55,767 - INFO - ✅ Configuration loaded from updater.ini
2025-08-21 11:21:55,767 - INFO - ✅ Single instance lock acquired
2025-08-21 11:21:55,767 - INFO - ============================================================
2025-08-21 11:21:55,767 - INFO - 🚀 RMS LATEST RELEASE UPDATER STARTING
2025-08-21 11:21:55,768 - INFO - ============================================================
2025-08-21 11:21:55,768 - INFO - 🔍 Checking for updates using latest release...
2025-08-21 11:21:55,768 - INFO - 🔍 Fetching latest release information from GitHub...
2025-08-21 11:21:55,768 - INFO - 📡 API URL: https://api.github.com/repos/food2g0/Centralized-Image-Uploader/releases/latest
2025-08-21 11:21:55,768 - INFO - 🌐 Attempting to connect to https://api.github.com/repos/food2g0/Centralized-Image-Uploader/releases/latest (attempt 1/3)
2025-08-21 11:21:55,769 - DEBUG - Starting new HTTPS connection (1): api.github.com:443
2025-08-21 11:21:56,171 - DEBUG - https://api.github.com:443 "GET /repos/food2g0/Centralized-Image-Uploader/releases/latest HTTP/1.1" 200 1004
2025-08-21 11:21:56,172 - INFO - ✅ Request successful (Status: 200)
2025-08-21 11:21:56,172 - INFO - 📄 Latest release: .1.0.1
2025-08-21 11:21:56,172 - INFO - 📝 Release name: Update
2025-08-21 11:21:56,172 - INFO - 📅 Published: 2025-07-29T02:56:29Z
2025-08-21 11:21:56,172 - INFO - ⬇️ Download URL: https://github.com/food2g0/Centralized-Image-Uploader/releases/download/V.1.0.1/installer.exe
2025-08-21 11:21:56,173 - INFO - 💻 Current version: 1.1.0
2025-08-21 11:21:56,173 - INFO - 📄 Latest version: .1.0.1
2025-08-21 11:21:56,173 - INFO - 🔍 Comparing versions: '1.1.0' vs '.1.0.1'
2025-08-21 11:21:56,173 - WARNING - Semantic version parsing failed, using string comparison: Invalid version: '.1.0.1'
2025-08-21 11:21:56,173 - INFO - ⬆️ String comparison: Versions differ, assuming update available
2025-08-21 11:21:56,173 - INFO - ⬆️ Update available!
2025-08-21 11:21:56,173 - INFO - 📋 Created preservation instructions: update_instructions.txt
2025-08-21 11:21:56,175 - INFO - 📋 Backed up file: updater.ini
2025-08-21 11:21:56,176 - INFO - 📋 Backed up file: updater.log
2025-08-21 11:21:56,176 - INFO - ✅ Backed up 2 items to C:\Users\Paww\AppData\Local\Temp\RMS_backup
2025-08-21 11:21:56,176 - INFO - 📱 Showing update dialog for latest release: .1.0.1
2025-08-21 11:21:57,246 - INFO - 👤 User declined update
2025-08-21 11:21:57,246 - INFO - ========================================
2025-08-21 11:21:57,247 - INFO - 🎯 LAUNCHING MAIN APPLICATION
2025-08-21 11:21:57,247 - INFO - ========================================
2025-08-21 11:21:57,795 - DEBUG - This service is instrumented using OpenTelemetry. OpenTelemetry or one of its components could not be imported; please add compatible versions of opentelemetry-api and opentelemetry-instrumentation packages in order to get Storage Tracing data.
2025-08-21 11:21:57,885 - INFO - 📱 Calling login_gui.main()
2025-08-21 11:22:00,220 - DEBUG - Starting new HTTPS connection (1): oauth2.googleapis.com:443
2025-08-21 11:22:00,309 - DEBUG - https://oauth2.googleapis.com:443 "POST /token HTTP/1.1" 200 None
2025-08-21 11:24:18,130 - INFO - ✅ Configuration loaded from updater.ini
2025-08-21 11:24:18,130 - INFO - ✅ Single instance lock acquired
2025-08-21 11:24:18,131 - INFO - ============================================================
2025-08-21 11:24:18,131 - INFO - 🚀 RMS LATEST RELEASE UPDATER STARTING
2025-08-21 11:24:18,131 - INFO - ============================================================
2025-08-21 11:24:18,131 - INFO - 🔍 Checking for updates using latest release...
2025-08-21 11:24:18,131 - INFO - 🔍 Fetching latest release information from GitHub...
2025-08-21 11:24:18,131 - INFO - 📡 API URL: https://api.github.com/repos/food2g0/Centralized-Image-Uploader/releases/latest
2025-08-21 11:24:18,131 - INFO - 🌐 Attempting to connect to https://api.github.com/repos/food2g0/Centralized-Image-Uploader/releases/latest (attempt 1/3)
2025-08-21 11:24:18,133 - DEBUG - Starting new HTTPS connection (1): api.github.com:443
2025-08-21 11:24:18,544 - DEBUG - https://api.github.com:443 "GET /repos/food2g0/Centralized-Image-Uploader/releases/latest HTTP/1.1" 200 1004
2025-08-21 11:24:18,545 - INFO - ✅ Request successful (Status: 200)
2025-08-21 11:24:18,545 - INFO - 📄 Latest release: .1.0.1
2025-08-21 11:24:18,545 - INFO - 📝 Release name: Update
2025-08-21 11:24:18,545 - INFO - 📅 Published: 2025-07-29T02:56:29Z
2025-08-21 11:24:18,545 - INFO - ⬇️ Download URL: https://github.com/food2g0/Centralized-Image-Uploader/releases/download/V.1.0.1/installer.exe
2025-08-21 11:24:18,545 - INFO - 💻 Current version: 1.1.0
2025-08-21 11:24:18,545 - INFO - 📄 Latest version: .1.0.1
2025-08-21 11:24:18,546 - INFO - 🔍 Comparing versions: '1.1.0' vs '.1.0.1'
2025-08-21 11:24:18,546 - WARNING - Semantic version parsing failed, using string comparison: Invalid version: '.1.0.1'
2025-08-21 11:24:18,546 - INFO - ⬆️ String comparison: Versions differ, assuming update available
2025-08-21 11:24:18,546 - INFO - ⬆️ Update available!
2025-08-21 11:24:18,546 - INFO - 📋 Created preservation instructions: update_instructions.txt
2025-08-21 11:24:18,548 - INFO - 📋 Backed up file: updater.ini
2025-08-21 11:24:18,549 - INFO - 📋 Backed up file: updater.log
2025-08-21 11:24:18,549 - INFO - ✅ Backed up 2 items to C:\Users\Paww\AppData\Local\Temp\RMS_backup
2025-08-21 11:24:18,549 - INFO - 📱 Showing update dialog for latest release: .1.0.1
2025-08-21 11:24:19,986 - INFO - 👤 User declined update
2025-08-21 11:24:19,986 - INFO - ========================================
2025-08-21 11:24:19,987 - INFO - 🎯 LAUNCHING MAIN APPLICATION
2025-08-21 11:24:19,987 - INFO - ========================================
2025-08-21 11:24:20,437 - DEBUG - This service is instrumented using OpenTelemetry. OpenTelemetry or one of its components could not be imported; please add compatible versions of opentelemetry-api and opentelemetry-instrumentation packages in order to get Storage Tracing data.
2025-08-21 11:24:20,515 - INFO - 📱 Calling login_gui.main()
2025-08-21 11:24:23,990 - DEBUG - Starting new HTTPS connection (1): oauth2.googleapis.com:443
2025-08-21 11:24:24,080 - DEBUG - https://oauth2.googleapis.com:443 "POST /token HTTP/1.1" 200 None
2025-08-21 11:34:32,552 - INFO - ✅ Configuration loaded from updater.ini
2025-08-21 11:34:32,552 - INFO - ✅ Single instance lock acquired
2025-08-21 11:34:32,553 - INFO - ============================================================
2025-08-21 11:34:32,553 - INFO - 🚀 RMS LATEST RELEASE UPDATER STARTING
2025-08-21 11:34:32,553 - INFO - ============================================================
2025-08-21 11:34:32,553 - INFO - 🔍 Checking for updates using latest release...
2025-08-21 11:34:32,553 - INFO - 🔍 Fetching latest release information from GitHub...
2025-08-21 11:34:32,553 - INFO - 📡 API URL: https://api.github.com/repos/food2g0/Centralized-Image-Uploader/releases/latest
2025-08-21 11:34:32,553 - INFO - 🌐 Attempting to connect to https://api.github.com/repos/food2g0/Centralized-Image-Uploader/releases/latest (attempt 1/3)
2025-08-21 11:34:32,554 - DEBUG - Starting new HTTPS connection (1): api.github.com:443
2025-08-21 11:34:32,988 - DEBUG - https://api.github.com:443 "GET /repos/food2g0/Centralized-Image-Uploader/releases/latest HTTP/1.1" 200 1004
2025-08-21 11:34:32,989 - INFO - ✅ Request successful (Status: 200)
2025-08-21 11:34:32,989 - INFO - 📄 Latest release: .1.0.1
2025-08-21 11:34:32,989 - INFO - 📝 Release name: Update
2025-08-21 11:34:32,989 - INFO - 📅 Published: 2025-07-29T02:56:29Z
2025-08-21 11:34:32,989 - INFO - ⬇️ Download URL: https://github.com/food2g0/Centralized-Image-Uploader/releases/download/V.1.0.1/installer.exe
2025-08-21 11:34:32,989 - INFO - 💻 Current version: 1.1.0
2025-08-21 11:34:32,989 - INFO - 📄 Latest version: .1.0.1
2025-08-21 11:34:32,990 - INFO - 🔍 Comparing versions: '1.1.0' vs '.1.0.1'
2025-08-21 11:34:32,990 - WARNING - Semantic version parsing failed, using string comparison: Invalid version: '.1.0.1'
2025-08-21 11:34:32,990 - INFO - ⬆️ String comparison: Versions differ, assuming update available
2025-08-21 11:34:32,990 - INFO - ⬆️ Update available!
2025-08-21 11:34:32,990 - INFO - 📋 Created preservation instructions: update_instructions.txt
2025-08-21 11:34:32,992 - INFO - 📋 Backed up file: updater.ini
2025-08-21 11:34:32,993 - INFO - 📋 Backed up file: updater.log
2025-08-21 11:34:32,993 - INFO - ✅ Backed up 2 items to C:\Users\Paww\AppData\Local\Temp\RMS_backup
2025-08-21 11:34:32,993 - INFO - 📱 Showing update dialog for latest release: .1.0.1
2025-08-21 11:34:34,003 - INFO - 👤 User declined update
2025-08-21 11:34:34,003 - INFO - ========================================
2025-08-21 11:34:34,004 - INFO - 🎯 LAUNCHING MAIN APPLICATION
2025-08-21 11:34:34,005 - INFO - ========================================
2025-08-21 11:34:34,586 - DEBUG - This service is instrumented using OpenTelemetry. OpenTelemetry or one of its components could not be imported; please add compatible versions of opentelemetry-api and opentelemetry-instrumentation packages in order to get Storage Tracing data.
2025-08-21 11:34:34,663 - INFO - 📱 Calling login_gui.main()
2025-08-21 11:34:37,350 - DEBUG - Starting new HTTPS connection (1): oauth2.googleapis.com:443
2025-08-21 11:34:37,442 - DEBUG - https://oauth2.googleapis.com:443 "POST /token HTTP/1.1" 200 None
2025-08-21 12:34:42,641 - DEBUG - Resetting dropped connection: oauth2.googleapis.com
2025-08-21 12:34:42,733 - DEBUG - https://oauth2.googleapis.com:443 "POST /token HTTP/1.1" 200 None
2025-08-21 13:26:28,882 - INFO - ✅ Configuration loaded from updater.ini
2025-08-21 13:26:28,883 - INFO - ✅ Single instance lock acquired
2025-08-21 13:26:28,883 - INFO - ============================================================
2025-08-21 13:26:28,883 - INFO - 🚀 RMS LATEST RELEASE UPDATER STARTING
2025-08-21 13:26:28,883 - INFO - ============================================================
2025-08-21 13:26:28,883 - INFO - 🔍 Checking for updates using latest release...
2025-08-21 13:26:28,884 - INFO - 🔍 Fetching latest release information from GitHub...
2025-08-21 13:26:28,884 - INFO - 📡 API URL: https://api.github.com/repos/food2g0/Centralized-Image-Uploader/releases/latest
2025-08-21 13:26:28,884 - INFO - 🌐 Attempting to connect to https://api.github.com/repos/food2g0/Centralized-Image-Uploader/releases/latest (attempt 1/3)
2025-08-21 13:26:28,885 - DEBUG - Starting new HTTPS connection (1): api.github.com:443
2025-08-21 13:26:29,310 - DEBUG - https://api.github.com:443 "GET /repos/food2g0/Centralized-Image-Uploader/releases/latest HTTP/1.1" 200 1004
2025-08-21 13:26:29,311 - INFO - ✅ Request successful (Status: 200)
2025-08-21 13:26:29,311 - INFO - 📄 Latest release: .1.0.1
2025-08-21 13:26:29,311 - INFO - 📝 Release name: Update
2025-08-21 13:26:29,311 - INFO - 📅 Published: 2025-07-29T02:56:29Z
2025-08-21 13:26:29,311 - INFO - ⬇️ Download URL: https://github.com/food2g0/Centralized-Image-Uploader/releases/download/V.1.0.1/installer.exe
2025-08-21 13:26:29,312 - INFO - 💻 Current version: 1.1.0
2025-08-21 13:26:29,312 - INFO - 📄 Latest version: .1.0.1
2025-08-21 13:26:29,312 - INFO - 🔍 Comparing versions: '1.1.0' vs '.1.0.1'
2025-08-21 13:26:29,312 - WARNING - Semantic version parsing failed, using string comparison: Invalid version: '.1.0.1'
2025-08-21 13:26:29,312 - INFO - ⬆️ String comparison: Versions differ, assuming update available
2025-08-21 13:26:29,312 - INFO - ⬆️ Update available!
2025-08-21 13:26:29,312 - INFO - 📋 Created preservation instructions: update_instructions.txt
2025-08-21 13:26:29,314 - INFO - 📋 Backed up file: updater.ini
2025-08-21 13:26:29,315 - INFO - 📋 Backed up file: updater.log
2025-08-21 13:26:29,315 - INFO - ✅ Backed up 2 items to C:\Users\Paww\AppData\Local\Temp\RMS_backup
2025-08-21 13:26:29,315 - INFO - 📱 Showing update dialog for latest release: .1.0.1
2025-08-21 13:26:30,708 - INFO - 👤 User declined update
2025-08-21 13:26:30,709 - INFO - ========================================
2025-08-21 13:26:30,709 - INFO - 🎯 LAUNCHING MAIN APPLICATION
2025-08-21 13:26:30,709 - INFO - ========================================
2025-08-21 13:26:31,178 - DEBUG - This service is instrumented using OpenTelemetry. OpenTelemetry or one of its components could not be imported; please add compatible versions of opentelemetry-api and opentelemetry-instrumentation packages in order to get Storage Tracing data.
2025-08-21 13:26:31,257 - INFO - 📱 Calling login_gui.main()
2025-08-21 13:28:07,002 - DEBUG - Starting new HTTPS connection (1): oauth2.googleapis.com:443
2025-08-21 13:28:07,117 - DEBUG - https://oauth2.googleapis.com:443 "POST /token HTTP/1.1" 200 None
2025-08-21 15:18:12,007 - INFO - ✅ Configuration loaded from updater.ini
2025-08-21 15:18:12,008 - INFO - ✅ Single instance lock acquired
2025-08-21 15:18:12,008 - INFO - ============================================================
2025-08-21 15:18:12,008 - INFO - 🚀 RMS LATEST RELEASE UPDATER STARTING
2025-08-21 15:18:12,008 - INFO - ============================================================
2025-08-21 15:18:12,008 - INFO - 🔍 Checking for updates using latest release...
2025-08-21 15:18:12,008 - INFO - 🔍 Fetching latest release information from GitHub...
2025-08-21 15:18:12,009 - INFO - 📡 API URL: https://api.github.com/repos/food2g0/Centralized-Image-Uploader/releases/latest
2025-08-21 15:18:12,009 - INFO - 🌐 Attempting to connect to https://api.github.com/repos/food2g0/Centralized-Image-Uploader/releases/latest (attempt 1/3)
2025-08-21 15:18:12,010 - DEBUG - Starting new HTTPS connection (1): api.github.com:443
2025-08-21 15:18:12,418 - DEBUG - https://api.github.com:443 "GET /repos/food2g0/Centralized-Image-Uploader/releases/latest HTTP/1.1" 200 1004
2025-08-21 15:18:12,419 - INFO - ✅ Request successful (Status: 200)
2025-08-21 15:18:12,419 - INFO - 📄 Latest release: .1.0.1
2025-08-21 15:18:12,419 - INFO - 📝 Release name: Update
2025-08-21 15:18:12,419 - INFO - 📅 Published: 2025-07-29T02:56:29Z
2025-08-21 15:18:12,419 - INFO - ⬇️ Download URL: https://github.com/food2g0/Centralized-Image-Uploader/releases/download/V.1.0.1/installer.exe
2025-08-21 15:18:12,419 - INFO - 💻 Current version: 1.1.0
2025-08-21 15:18:12,419 - INFO - 📄 Latest version: .1.0.1
2025-08-21 15:18:12,419 - INFO - 🔍 Comparing versions: '1.1.0' vs '.1.0.1'
2025-08-21 15:18:12,420 - WARNING - Semantic version parsing failed, using string comparison: Invalid version: '.1.0.1'
2025-08-21 15:18:12,420 - INFO - ⬆️ String comparison: Versions differ, assuming update available
2025-08-21 15:18:12,420 - INFO - ⬆️ Update available!
2025-08-21 15:18:12,420 - INFO - 📋 Created preservation instructions: update_instructions.txt
2025-08-21 15:18:12,422 - INFO - 📋 Backed up file: updater.ini
2025-08-21 15:18:12,423 - INFO - 📋 Backed up file: updater.log
2025-08-21 15:18:12,423 - INFO - ✅ Backed up 2 items to C:\Users\Paww\AppData\Local\Temp\RMS_backup
2025-08-21 15:18:12,423 - INFO - 📱 Showing update dialog for latest release: .1.0.1
2025-08-21 15:18:14,131 - INFO - 👤 User declined update
2025-08-21 15:18:14,135 - INFO - ========================================
2025-08-21 15:18:14,140 - INFO - 🎯 LAUNCHING MAIN APPLICATION
2025-08-21 15:18:14,140 - INFO - ========================================
2025-08-21 15:18:14,831 - DEBUG - This service is instrumented using OpenTelemetry. OpenTelemetry or one of its components could not be imported; please add compatible versions of opentelemetry-api and opentelemetry-instrumentation packages in order to get Storage Tracing data.
2025-08-21 15:18:14,936 - INFO - 📱 Calling login_gui.main()
2025-08-21 15:18:23,050 - DEBUG - Starting new HTTPS connection (1): oauth2.googleapis.com:443
2025-08-21 15:18:23,141 - DEBUG - https://oauth2.googleapis.com:443 "POST /token HTTP/1.1" 200 None
2025-08-21 15:30:21,867 - INFO - ✅ Configuration loaded from updater.ini
2025-08-21 15:30:21,868 - INFO - ✅ Single instance lock acquired
2025-08-21 15:30:21,868 - INFO - ============================================================
2025-08-21 15:30:21,868 - INFO - 🚀 RMS LATEST RELEASE UPDATER STARTING
2025-08-21 15:30:21,868 - INFO - ============================================================
2025-08-21 15:30:21,869 - INFO - 🔍 Checking for updates using latest release...
2025-08-21 15:30:21,869 - INFO - 🔍 Fetching latest release information from GitHub...
2025-08-21 15:30:21,869 - INFO - 📡 API URL: https://api.github.com/repos/food2g0/Centralized-Image-Uploader/releases/latest
2025-08-21 15:30:21,869 - INFO - 🌐 Attempting to connect to https://api.github.com/repos/food2g0/Centralized-Image-Uploader/releases/latest (attempt 1/3)
2025-08-21 15:30:21,871 - DEBUG - Starting new HTTPS connection (1): api.github.com:443
2025-08-21 15:30:22,306 - DEBUG - https://api.github.com:443 "GET /repos/food2g0/Centralized-Image-Uploader/releases/latest HTTP/1.1" 200 1004
2025-08-21 15:30:22,307 - INFO - ✅ Request successful (Status: 200)
2025-08-21 15:30:22,423 - INFO - 📄 Latest release: .1.0.1
2025-08-21 15:30:22,425 - INFO - 📝 Release name: Update
2025-08-21 15:30:22,425 - INFO - 📅 Published: 2025-07-29T02:56:29Z
2025-08-21 15:30:22,426 - INFO - ⬇️ Download URL: https://github.com/food2g0/Centralized-Image-Uploader/releases/download/V.1.0.1/installer.exe
2025-08-21 15:30:22,427 - INFO - 💻 Current version: 1.1.0
2025-08-21 15:30:22,427 - INFO - 📄 Latest version: .1.0.1
2025-08-21 15:30:22,427 - INFO - 🔍 Comparing versions: '1.1.0' vs '.1.0.1'
2025-08-21 15:30:22,428 - WARNING - Semantic version parsing failed, using string comparison: Invalid version: '.1.0.1'
2025-08-21 15:30:22,428 - INFO - ⬆️ String comparison: Versions differ, assuming update available
2025-08-21 15:30:22,563 - INFO - ⬆️ Update available!
2025-08-21 15:30:22,566 - INFO - 📋 Created preservation instructions: update_instructions.txt
2025-08-21 15:30:22,575 - INFO - 📋 Backed up file: updater.ini
2025-08-21 15:30:22,576 - INFO - 📋 Backed up file: updater.log
2025-08-21 15:30:22,576 - INFO - ✅ Backed up 2 items to C:\Users\Paww\AppData\Local\Temp\RMS_backup
2025-08-21 15:30:22,577 - INFO - 📱 Showing update dialog for latest release: .1.0.1
2025-08-21 15:30:24,235 - INFO - 👤 User declined update
2025-08-21 15:30:24,249 - INFO - ========================================
2025-08-21 15:30:24,249 - INFO - 🎯 LAUNCHING MAIN APPLICATION
2025-08-21 15:30:24,250 - INFO - ========================================
2025-08-21 15:30:24,914 - DEBUG - This service is instrumented using OpenTelemetry. OpenTelemetry or one of its components could not be imported; please add compatible versions of opentelemetry-api and opentelemetry-instrumentation packages in order to get Storage Tracing data.
2025-08-21 15:30:24,994 - INFO - 📱 Calling login_gui.main()
2025-08-21 15:30:28,708 - DEBUG - Starting new HTTPS connection (1): oauth2.googleapis.com:443
2025-08-21 15:30:28,798 - DEBUG - https://oauth2.googleapis.com:443 "POST /token HTTP/1.1" 200 None
2025-08-21 15:32:13,567 - INFO - ✅ Configuration loaded from updater.ini
2025-08-21 15:32:13,567 - INFO - ✅ Single instance lock acquired
2025-08-21 15:32:13,568 - INFO - ============================================================
2025-08-21 15:32:13,568 - INFO - 🚀 RMS LATEST RELEASE UPDATER STARTING
2025-08-21 15:32:13,568 - INFO - ============================================================
2025-08-21 15:32:13,568 - INFO - 🔍 Checking for updates using latest release...
2025-08-21 15:32:13,568 - INFO - 🔍 Fetching latest release information from GitHub...
2025-08-21 15:32:13,568 - INFO - 📡 API URL: https://api.github.com/repos/food2g0/Centralized-Image-Uploader/releases/latest
2025-08-21 15:32:13,568 - INFO - 🌐 Attempting to connect to https://api.github.com/repos/food2g0/Centralized-Image-Uploader/releases/latest (attempt 1/3)
2025-08-21 15:32:13,569 - DEBUG - Starting new HTTPS connection (1): api.github.com:443
2025-08-21 15:32:13,958 - DEBUG - https://api.github.com:443 "GET /repos/food2g0/Centralized-Image-Uploader/releases/latest HTTP/1.1" 200 1004
2025-08-21 15:32:13,959 - INFO - ✅ Request successful (Status: 200)
2025-08-21 15:32:13,959 - INFO - 📄 Latest release: .1.0.1
2025-08-21 15:32:13,959 - INFO - 📝 Release name: Update
2025-08-21 15:32:13,959 - INFO - 📅 Published: 2025-07-29T02:56:29Z
2025-08-21 15:32:13,959 - INFO - ⬇️ Download URL: https://github.com/food2g0/Centralized-Image-Uploader/releases/download/V.1.0.1/installer.exe
2025-08-21 15:32:13,959 - INFO - 💻 Current version: 1.1.0
2025-08-21 15:32:13,960 - INFO - 📄 Latest version: .1.0.1
2025-08-21 15:32:13,960 - INFO - 🔍 Comparing versions: '1.1.0' vs '.1.0.1'
2025-08-21 15:32:13,960 - WARNING - Semantic version parsing failed, using string comparison: Invalid version: '.1.0.1'
2025-08-21 15:32:13,960 - INFO - ⬆️ String comparison: Versions differ, assuming update available
2025-08-21 15:32:13,960 - INFO - ⬆️ Update available!
2025-08-21 15:32:13,961 - INFO - 📋 Created preservation instructions: update_instructions.txt
2025-08-21 15:32:13,962 - INFO - 📋 Backed up file: updater.ini
2025-08-21 15:32:13,963 - INFO - 📋 Backed up file: updater.log
2025-08-21 15:32:13,963 - INFO - ✅ Backed up 2 items to C:\Users\Paww\AppData\Local\Temp\RMS_backup
2025-08-21 15:32:13,963 - INFO - 📱 Showing update dialog for latest release: .1.0.1
2025-08-21 15:32:15,489 - INFO - 👤 User declined update
2025-08-21 15:32:15,499 - INFO - ========================================
2025-08-21 15:32:15,500 - INFO - 🎯 LAUNCHING MAIN APPLICATION
2025-08-21 15:32:15,500 - INFO - ========================================
2025-08-21 15:32:16,086 - DEBUG - This service is instrumented using OpenTelemetry. OpenTelemetry or one of its components could not be imported; please add compatible versions of opentelemetry-api and opentelemetry-instrumentation packages in order to get Storage Tracing data.
2025-08-21 15:32:16,165 - INFO - 📱 Calling login_gui.main()
2025-08-21 15:32:19,872 - DEBUG - Starting new HTTPS connection (1): oauth2.googleapis.com:443
2025-08-21 15:32:19,962 - DEBUG - https://oauth2.googleapis.com:443 "POST /token HTTP/1.1" 200 None
2025-08-21 15:43:06,882 - INFO - ✅ Configuration loaded from updater.ini
2025-08-21 15:43:06,882 - INFO - ✅ Single instance lock acquired
2025-08-21 15:43:06,882 - INFO - ============================================================
2025-08-21 15:43:06,883 - INFO - 🚀 RMS LATEST RELEASE UPDATER STARTING
2025-08-21 15:43:06,883 - INFO - ============================================================
2025-08-21 15:43:06,883 - INFO - 🔍 Checking for updates using latest release...
2025-08-21 15:43:06,883 - INFO - 🔍 Fetching latest release information from GitHub...
2025-08-21 15:43:06,883 - INFO - 📡 API URL: https://api.github.com/repos/food2g0/Centralized-Image-Uploader/releases/latest
2025-08-21 15:43:06,883 - INFO - 🌐 Attempting to connect to https://api.github.com/repos/food2g0/Centralized-Image-Uploader/releases/latest (attempt 1/3)
2025-08-21 15:43:06,884 - DEBUG - Starting new HTTPS connection (1): api.github.com:443
2025-08-21 15:43:07,294 - DEBUG - https://api.github.com:443 "GET /repos/food2g0/Centralized-Image-Uploader/releases/latest HTTP/1.1" 200 1004
2025-08-21 15:43:07,295 - INFO - ✅ Request successful (Status: 200)
2025-08-21 15:43:07,295 - INFO - 📄 Latest release: .1.0.1
2025-08-21 15:43:07,295 - INFO - 📝 Release name: Update
2025-08-21 15:43:07,295 - INFO - 📅 Published: 2025-07-29T02:56:29Z
2025-08-21 15:43:07,295 - INFO - ⬇️ Download URL: https://github.com/food2g0/Centralized-Image-Uploader/releases/download/V.1.0.1/installer.exe
2025-08-21 15:43:07,295 - INFO - 💻 Current version: 1.1.0
2025-08-21 15:43:07,296 - INFO - 📄 Latest version: .1.0.1
2025-08-21 15:43:07,296 - INFO - 🔍 Comparing versions: '1.1.0' vs '.1.0.1'
2025-08-21 15:43:07,296 - WARNING - Semantic version parsing failed, using string comparison: Invalid version: '.1.0.1'
2025-08-21 15:43:07,296 - INFO - ⬆️ String comparison: Versions differ, assuming update available
2025-08-21 15:43:07,296 - INFO - ⬆️ Update available!
2025-08-21 15:43:07,296 - INFO - 📋 Created preservation instructions: update_instructions.txt
2025-08-21 15:43:07,298 - INFO - 📋 Backed up file: updater.ini
2025-08-21 15:43:07,299 - INFO - 📋 Backed up file: updater.log
2025-08-21 15:43:07,299 - INFO - ✅ Backed up 2 items to C:\Users\Paww\AppData\Local\Temp\RMS_backup
2025-08-21 15:43:07,299 - INFO - 📱 Showing update dialog for latest release: .1.0.1
2025-08-21 15:43:09,323 - INFO - 👤 User declined update
2025-08-21 15:43:09,325 - INFO - ========================================
2025-08-21 15:43:09,325 - INFO - 🎯 LAUNCHING MAIN APPLICATION
2025-08-21 15:43:09,326 - INFO - ========================================
2025-08-21 15:43:09,849 - DEBUG - This service is instrumented using OpenTelemetry. OpenTelemetry or one of its components could not be imported; please add compatible versions of opentelemetry-api and opentelemetry-instrumentation packages in order to get Storage Tracing data.
2025-08-21 15:43:09,924 - INFO - 📱 Calling login_gui.main()
2025-08-21 15:43:12,486 - DEBUG - Starting new HTTPS connection (1): oauth2.googleapis.com:443
2025-08-21 15:43:12,580 - DEBUG - https://oauth2.googleapis.com:443 "POST /token HTTP/1.1" 200 None
2025-08-21 15:52:42,372 - INFO - ✅ Configuration loaded from updater.ini
2025-08-21 15:52:42,461 - INFO - ✅ Single instance lock acquired
2025-08-21 15:52:42,466 - INFO - ============================================================
2025-08-21 15:52:42,466 - INFO - 🚀 RMS LATEST RELEASE UPDATER STARTING
2025-08-21 15:52:42,466 - INFO - ============================================================
2025-08-21 15:52:42,467 - INFO - 🔍 Checking for updates using latest release...
2025-08-21 15:52:42,472 - INFO - 🔍 Fetching latest release information from GitHub...
2025-08-21 15:52:42,472 - INFO - 📡 API URL: https://api.github.com/repos/food2g0/Centralized-Image-Uploader/releases/latest
2025-08-21 15:52:42,472 - INFO - 🌐 Attempting to connect to https://api.github.com/repos/food2g0/Centralized-Image-Uploader/releases/latest (attempt 1/3)
2025-08-21 15:52:42,668 - DEBUG - Starting new HTTPS connection (1): api.github.com:443
2025-08-21 15:52:43,218 - DEBUG - https://api.github.com:443 "GET /repos/food2g0/Centralized-Image-Uploader/releases/latest HTTP/1.1" 200 1004
2025-08-21 15:52:43,219 - INFO - ✅ Request successful (Status: 200)
2025-08-21 15:52:43,219 - INFO - 📄 Latest release: .1.0.1
2025-08-21 15:52:43,219 - INFO - 📝 Release name: Update
2025-08-21 15:52:43,219 - INFO - 📅 Published: 2025-07-29T02:56:29Z
2025-08-21 15:52:43,219 - INFO - ⬇️ Download URL: https://github.com/food2g0/Centralized-Image-Uploader/releases/download/V.1.0.1/installer.exe
2025-08-21 15:52:43,220 - INFO - 💻 Current version: 1.1.0
2025-08-21 15:52:43,220 - INFO - 📄 Latest version: .1.0.1
2025-08-21 15:52:43,220 - INFO - 🔍 Comparing versions: '1.1.0' vs '.1.0.1'
2025-08-21 15:52:43,220 - WARNING - Semantic version parsing failed, using string comparison: Invalid version: '.1.0.1'
2025-08-21 15:52:43,220 - INFO - ⬆️ String comparison: Versions differ, assuming update available
2025-08-21 15:52:43,220 - INFO - ⬆️ Update available!
2025-08-21 15:52:43,221 - INFO - 📋 Created preservation instructions: update_instructions.txt
2025-08-21 15:52:43,223 - INFO - 📋 Backed up file: updater.ini
2025-08-21 15:52:43,224 - INFO - 📋 Backed up file: updater.log
2025-08-21 15:52:43,224 - INFO - ✅ Backed up 2 items to C:\Users\Paww\AppData\Local\Temp\RMS_backup
2025-08-21 15:52:43,224 - INFO - 📱 Showing update dialog for latest release: .1.0.1
2025-08-21 15:52:45,870 - INFO - 👤 User declined update
2025-08-21 15:52:45,871 - INFO - ========================================
2025-08-21 15:52:45,871 - INFO - 🎯 LAUNCHING MAIN APPLICATION
2025-08-21 15:52:45,871 - INFO - ========================================
2025-08-21 15:52:46,333 - DEBUG - This service is instrumented using OpenTelemetry. OpenTelemetry or one of its components could not be imported; please add compatible versions of opentelemetry-api and opentelemetry-instrumentation packages in order to get Storage Tracing data.
2025-08-21 15:52:46,414 - INFO - 📱 Calling login_gui.main()
2025-08-21 15:52:49,964 - DEBUG - Starting new HTTPS connection (1): oauth2.googleapis.com:443
2025-08-21 15:52:50,056 - DEBUG - https://oauth2.googleapis.com:443 "POST /token HTTP/1.1" 200 None
2025-08-22 08:49:34,411 - INFO - ✅ Configuration loaded from updater.ini
2025-08-22 08:49:34,412 - INFO - ✅ Single instance lock acquired
2025-08-22 08:49:34,412 - INFO - ============================================================
2025-08-22 08:49:34,412 - INFO - 🚀 RMS LATEST RELEASE UPDATER STARTING
2025-08-22 08:49:34,412 - INFO - ============================================================
2025-08-22 08:49:34,412 - INFO - 🔍 Checking for updates using latest release...
2025-08-22 08:49:34,412 - INFO - 🔍 Fetching latest release information from GitHub...
2025-08-22 08:49:34,413 - INFO - 📡 API URL: https://api.github.com/repos/food2g0/Centralized-Image-Uploader/releases/latest
2025-08-22 08:49:34,413 - INFO - 🌐 Attempting to connect to https://api.github.com/repos/food2g0/Centralized-Image-Uploader/releases/latest (attempt 1/3)
2025-08-22 08:49:34,414 - DEBUG - Starting new HTTPS connection (1): api.github.com:443
2025-08-22 08:49:34,816 - DEBUG - https://api.github.com:443 "GET /repos/food2g0/Centralized-Image-Uploader/releases/latest HTTP/1.1" 200 1004
2025-08-22 08:49:34,816 - INFO - ✅ Request successful (Status: 200)
2025-08-22 08:49:34,817 - INFO - 📄 Latest release: .1.0.1
2025-08-22 08:49:34,817 - INFO - 📝 Release name: Update
2025-08-22 08:49:34,817 - INFO - 📅 Published: 2025-07-29T02:56:29Z
2025-08-22 08:49:34,817 - INFO - ⬇️ Download URL: https://github.com/food2g0/Centralized-Image-Uploader/releases/download/V.1.0.1/installer.exe
2025-08-22 08:49:34,817 - INFO - 💻 Current version: 1.1.0
2025-08-22 08:49:34,817 - INFO - 📄 Latest version: .1.0.1
2025-08-22 08:49:34,817 - INFO - 🔍 Comparing versions: '1.1.0' vs '.1.0.1'
2025-08-22 08:49:34,817 - WARNING - Semantic version parsing failed, using string comparison: Invalid version: '.1.0.1'
2025-08-22 08:49:34,818 - INFO - ⬆️ String comparison: Versions differ, assuming update available
2025-08-22 08:49:34,818 - INFO - ⬆️ Update available!
2025-08-22 08:49:34,818 - INFO - 📋 Created preservation instructions: update_instructions.txt
2025-08-22 08:49:34,824 - INFO - 📋 Backed up file: updater.ini
2025-08-22 08:49:34,826 - INFO - 📋 Backed up file: updater.log
2025-08-22 08:49:34,826 - INFO - ✅ Backed up 2 items to C:\Users\Paww\AppData\Local\Temp\RMS_backup
2025-08-22 08:49:34,826 - INFO - 📱 Showing update dialog for latest release: .1.0.1
2025-08-22 08:49:39,850 - INFO - 👤 User declined update
2025-08-22 08:49:39,850 - INFO - ========================================
2025-08-22 08:49:39,850 - INFO - 🎯 LAUNCHING MAIN APPLICATION
2025-08-22 08:49:39,851 - INFO - ========================================
2025-08-22 08:49:42,257 - DEBUG - This service is instrumented using OpenTelemetry. OpenTelemetry or one of its components could not be imported; please add compatible versions of opentelemetry-api and opentelemetry-instrumentation packages in order to get Storage Tracing data.
2025-08-22 08:49:42,454 - INFO - 📱 Calling login_gui.main()
2025-08-22 08:49:51,220 - DEBUG - Starting new HTTPS connection (1): oauth2.googleapis.com:443
2025-08-22 08:49:51,312 - DEBUG - https://oauth2.googleapis.com:443 "POST /token HTTP/1.1" 200 None
2025-08-22 11:21:29,420 - INFO - ✅ Configuration loaded from updater.ini
2025-08-22 11:21:29,421 - INFO - ✅ Single instance lock acquired
2025-08-22 11:21:29,421 - INFO - ============================================================
2025-08-22 11:21:29,421 - INFO - 🚀 RMS LATEST RELEASE UPDATER STARTING
2025-08-22 11:21:29,421 - INFO - ============================================================
2025-08-22 11:21:29,421 - INFO - 🔍 Checking for updates using latest release...
2025-08-22 11:21:29,421 - INFO - 🔍 Fetching latest release information from GitHub...
2025-08-22 11:21:29,421 - INFO - 📡 API URL: https://api.github.com/repos/food2g0/Centralized-Image-Uploader/releases/latest
2025-08-22 11:21:29,421 - INFO - 🌐 Attempting to connect to https://api.github.com/repos/food2g0/Centralized-Image-Uploader/releases/latest (attempt 1/3)
2025-08-22 11:21:29,423 - DEBUG - Starting new HTTPS connection (1): api.github.com:443
2025-08-22 11:21:29,831 - DEBUG - https://api.github.com:443 "GET /repos/food2g0/Centralized-Image-Uploader/releases/latest HTTP/1.1" 200 1004
2025-08-22 11:21:29,831 - INFO - ✅ Request successful (Status: 200)
2025-08-22 11:21:29,832 - INFO - 📄 Latest release: .1.0.1
2025-08-22 11:21:29,832 - INFO - 📝 Release name: Update
2025-08-22 11:21:29,832 - INFO - 📅 Published: 2025-07-29T02:56:29Z
2025-08-22 11:21:29,832 - INFO - ⬇️ Download URL: https://github.com/food2g0/Centralized-Image-Uploader/releases/download/V.1.0.1/installer.exe
2025-08-22 11:21:29,832 - INFO - 💻 Current version: 1.1.0
2025-08-22 11:21:29,832 - INFO - 📄 Latest version: .1.0.1
2025-08-22 11:21:29,833 - INFO - 🔍 Comparing versions: '1.1.0' vs '.1.0.1'
2025-08-22 11:21:29,833 - WARNING - Semantic version parsing failed, using string comparison: Invalid version: '.1.0.1'
2025-08-22 11:21:29,833 - INFO - ⬆️ String comparison: Versions differ, assuming update available
2025-08-22 11:21:29,833 - INFO - ⬆️ Update available!
2025-08-22 11:21:29,833 - INFO - 📋 Created preservation instructions: update_instructions.txt
2025-08-22 11:21:29,835 - INFO - 📋 Backed up file: updater.ini
2025-08-22 11:21:29,836 - INFO - 📋 Backed up file: updater.log
2025-08-22 11:21:29,836 - INFO - ✅ Backed up 2 items to C:\Users\Paww\AppData\Local\Temp\RMS_backup
2025-08-22 11:21:29,836 - INFO - 📱 Showing update dialog for latest release: .1.0.1
2025-08-22 11:21:32,555 - INFO - 👤 User declined update
2025-08-22 11:21:32,556 - INFO - ========================================
2025-08-22 11:21:32,556 - INFO - 🎯 LAUNCHING MAIN APPLICATION
2025-08-22 11:21:32,556 - INFO - ========================================
2025-08-22 11:21:33,005 - DEBUG - This service is instrumented using OpenTelemetry. OpenTelemetry or one of its components could not be imported; please add compatible versions of opentelemetry-api and opentelemetry-instrumentation packages in order to get Storage Tracing data.
2025-08-22 11:21:33,085 - INFO - 📱 Calling login_gui.main()
2025-08-22 11:22:15,283 - DEBUG - Starting new HTTPS connection (1): oauth2.googleapis.com:443
2025-08-22 11:22:15,393 - DEBUG - https://oauth2.googleapis.com:443 "POST /token HTTP/1.1" 200 None
2025-08-22 13:04:05,734 - INFO - ✅ Configuration loaded from updater.ini
2025-08-22 13:04:05,735 - INFO - ✅ Single instance lock acquired
2025-08-22 13:04:05,735 - INFO - ============================================================
2025-08-22 13:04:05,735 - INFO - 🚀 RMS LATEST RELEASE UPDATER STARTING
2025-08-22 13:04:05,735 - INFO - ============================================================
2025-08-22 13:04:05,735 - INFO - 🔍 Checking for updates using latest release...
2025-08-22 13:04:05,735 - INFO - 🔍 Fetching latest release information from GitHub...
2025-08-22 13:04:05,735 - INFO - 📡 API URL: https://api.github.com/repos/food2g0/Centralized-Image-Uploader/releases/latest
2025-08-22 13:04:05,736 - INFO - 🌐 Attempting to connect to https://api.github.com/repos/food2g0/Centralized-Image-Uploader/releases/latest (attempt 1/3)
2025-08-22 13:04:05,737 - DEBUG - Starting new HTTPS connection (1): api.github.com:443
2025-08-22 13:04:06,148 - DEBUG - https://api.github.com:443 "GET /repos/food2g0/Centralized-Image-Uploader/releases/latest HTTP/1.1" 200 1004
2025-08-22 13:04:06,149 - INFO - ✅ Request successful (Status: 200)
2025-08-22 13:04:06,149 - INFO - 📄 Latest release: .1.0.1
2025-08-22 13:04:06,150 - INFO - 📝 Release name: Update
2025-08-22 13:04:06,150 - INFO - 📅 Published: 2025-07-29T02:56:29Z
2025-08-22 13:04:06,150 - INFO - ⬇️ Download URL: https://github.com/food2g0/Centralized-Image-Uploader/releases/download/V.1.0.1/installer.exe
2025-08-22 13:04:06,150 - INFO - 💻 Current version: 1.1.0
2025-08-22 13:04:06,150 - INFO - 📄 Latest version: .1.0.1
2025-08-22 13:04:06,150 - INFO - 🔍 Comparing versions: '1.1.0' vs '.1.0.1'
2025-08-22 13:04:06,151 - WARNING - Semantic version parsing failed, using string comparison: Invalid version: '.1.0.1'
2025-08-22 13:04:06,151 - INFO - ⬆️ String comparison: Versions differ, assuming update available
2025-08-22 13:04:06,151 - INFO - ⬆️ Update available!
2025-08-22 13:04:06,151 - INFO - 📋 Created preservation instructions: update_instructions.txt
2025-08-22 13:04:06,154 - INFO - 📋 Backed up file: updater.ini
2025-08-22 13:04:06,155 - INFO - 📋 Backed up file: updater.log
2025-08-22 13:04:06,155 - INFO - ✅ Backed up 2 items to C:\Users\Paww\AppData\Local\Temp\RMS_backup
2025-08-22 13:04:06,155 - INFO - 📱 Showing update dialog for latest release: .1.0.1
2025-08-22 13:04:07,781 - INFO - 👤 User declined update
2025-08-22 13:04:07,781 - INFO - ========================================
2025-08-22 13:04:07,781 - INFO - 🎯 LAUNCHING MAIN APPLICATION
2025-08-22 13:04:07,781 - INFO - ========================================
2025-08-22 13:04:08,309 - DEBUG - This service is instrumented using OpenTelemetry. OpenTelemetry or one of its components could not be imported; please add compatible versions of opentelemetry-api and opentelemetry-instrumentation packages in order to get Storage Tracing data.
2025-08-22 13:04:08,397 - INFO - 📱 Calling login_gui.main()
2025-08-22 13:04:43,477 - DEBUG - Starting new HTTPS connection (1): oauth2.googleapis.com:443
2025-08-22 13:04:43,565 - DEBUG - https://oauth2.googleapis.com:443 "POST /token HTTP/1.1" 200 None
2025-08-22 13:19:37,241 - INFO - ✅ Configuration loaded from updater.ini
2025-08-22 13:19:37,242 - INFO - ✅ Single instance lock acquired
2025-08-22 13:19:37,242 - INFO - ============================================================
2025-08-22 13:19:37,242 - INFO - 🚀 RMS LATEST RELEASE UPDATER STARTING
2025-08-22 13:19:37,242 - INFO - ============================================================
2025-08-22 13:19:37,242 - INFO - 🔍 Checking for updates using latest release...
2025-08-22 13:19:37,242 - INFO - 🔍 Fetching latest release information from GitHub...
2025-08-22 13:19:37,243 - INFO - 📡 API URL: https://api.github.com/repos/food2g0/Centralized-Image-Uploader/releases/latest
2025-08-22 13:19:37,243 - INFO - 🌐 Attempting to connect to https://api.github.com/repos/food2g0/Centralized-Image-Uploader/releases/latest (attempt 1/3)
2025-08-22 13:19:37,245 - DEBUG - Starting new HTTPS connection (1): api.github.com:443
2025-08-22 13:19:37,644 - DEBUG - https://api.github.com:443 "GET /repos/food2g0/Centralized-Image-Uploader/releases/latest HTTP/1.1" 200 1004
2025-08-22 13:19:37,645 - INFO - ✅ Request successful (Status: 200)
2025-08-22 13:19:37,645 - INFO - 📄 Latest release: .1.0.1
2025-08-22 13:19:37,645 - INFO - 📝 Release name: Update
2025-08-22 13:19:37,645 - INFO - 📅 Published: 2025-07-29T02:56:29Z
2025-08-22 13:19:37,645 - INFO - ⬇️ Download URL: https://github.com/food2g0/Centralized-Image-Uploader/releases/download/V.1.0.1/installer.exe
2025-08-22 13:19:37,645 - INFO - 💻 Current version: 1.1.0
2025-08-22 13:19:37,646 - INFO - 📄 Latest version: .1.0.1
2025-08-22 13:19:37,646 - INFO - 🔍 Comparing versions: '1.1.0' vs '.1.0.1'
2025-08-22 13:19:37,646 - WARNING - Semantic version parsing failed, using string comparison: Invalid version: '.1.0.1'
2025-08-22 13:19:37,646 - INFO - ⬆️ String comparison: Versions differ, assuming update available
2025-08-22 13:19:37,646 - INFO - ⬆️ Update available!
2025-08-22 13:19:37,647 - INFO - 📋 Created preservation instructions: update_instructions.txt
2025-08-22 13:19:37,649 - INFO - 📋 Backed up file: updater.ini
2025-08-22 13:19:37,650 - INFO - 📋 Backed up file: updater.log
2025-08-22 13:19:37,650 - INFO - ✅ Backed up 2 items to C:\Users\Paww\AppData\Local\Temp\RMS_backup
2025-08-22 13:19:37,650 - INFO - 📱 Showing update dialog for latest release: .1.0.1
2025-08-22 13:19:39,060 - INFO - 👤 User declined update
2025-08-22 13:19:39,061 - INFO - ========================================
2025-08-22 13:19:39,061 - INFO - 🎯 LAUNCHING MAIN APPLICATION
2025-08-22 13:19:39,061 - INFO - ========================================
2025-08-22 13:19:39,571 - DEBUG - This service is instrumented using OpenTelemetry. OpenTelemetry or one of its components could not be imported; please add compatible versions of opentelemetry-api and opentelemetry-instrumentation packages in order to get Storage Tracing data.
2025-08-22 13:19:39,661 - INFO - 📱 Calling login_gui.main()
2025-08-22 13:19:54,737 - DEBUG - Starting new HTTPS connection (1): oauth2.googleapis.com:443
2025-08-22 13:19:54,828 - DEBUG - https://oauth2.googleapis.com:443 "POST /token HTTP/1.1" 200 None
2025-08-22 13:31:08,732 - INFO - ✅ Configuration loaded from updater.ini
2025-08-22 13:31:08,733 - INFO - ✅ Single instance lock acquired
2025-08-22 13:31:08,733 - INFO - ============================================================
2025-08-22 13:31:08,733 - INFO - 🚀 RMS LATEST RELEASE UPDATER STARTING
2025-08-22 13:31:08,733 - INFO - ============================================================
2025-08-22 13:31:08,733 - INFO - 🔍 Checking for updates using latest release...
2025-08-22 13:31:08,733 - INFO - 🔍 Fetching latest release information from GitHub...
2025-08-22 13:31:08,733 - INFO - 📡 API URL: https://api.github.com/repos/food2g0/Centralized-Image-Uploader/releases/latest
2025-08-22 13:31:08,733 - INFO - 🌐 Attempting to connect to https://api.github.com/repos/food2g0/Centralized-Image-Uploader/releases/latest (attempt 1/3)
2025-08-22 13:31:08,735 - DEBUG - Starting new HTTPS connection (1): api.github.com:443
2025-08-22 13:31:09,145 - DEBUG - https://api.github.com:443 "GET /repos/food2g0/Centralized-Image-Uploader/releases/latest HTTP/1.1" 200 1004
2025-08-22 13:31:09,145 - INFO - ✅ Request successful (Status: 200)
2025-08-22 13:31:09,146 - INFO - 📄 Latest release: .1.0.1
2025-08-22 13:31:09,146 - INFO - 📝 Release name: Update
2025-08-22 13:31:09,146 - INFO - 📅 Published: 2025-07-29T02:56:29Z
2025-08-22 13:31:09,146 - INFO - ⬇️ Download URL: https://github.com/food2g0/Centralized-Image-Uploader/releases/download/V.1.0.1/installer.exe
2025-08-22 13:31:09,146 - INFO - 💻 Current version: 1.1.0
2025-08-22 13:31:09,146 - INFO - 📄 Latest version: .1.0.1
2025-08-22 13:31:09,147 - INFO - 🔍 Comparing versions: '1.1.0' vs '.1.0.1'
2025-08-22 13:31:09,147 - WARNING - Semantic version parsing failed, using string comparison: Invalid version: '.1.0.1'
2025-08-22 13:31:09,147 - INFO - ⬆️ String comparison: Versions differ, assuming update available
2025-08-22 13:31:09,147 - INFO - ⬆️ Update available!
2025-08-22 13:31:09,147 - INFO - 📋 Created preservation instructions: update_instructions.txt
2025-08-22 13:31:09,149 - INFO - 📋 Backed up file: updater.ini
2025-08-22 13:31:09,150 - INFO - 📋 Backed up file: updater.log
2025-08-22 13:31:09,150 - INFO - ✅ Backed up 2 items to C:\Users\Paww\AppData\Local\Temp\RMS_backup
2025-08-22 13:31:09,150 - INFO - 📱 Showing update dialog for latest release: .1.0.1
2025-08-22 13:31:10,296 - INFO - 👤 User declined update
2025-08-22 13:31:10,308 - INFO - ========================================
2025-08-22 13:31:10,308 - INFO - 🎯 LAUNCHING MAIN APPLICATION
2025-08-22 13:31:10,308 - INFO - ========================================
2025-08-22 13:31:10,904 - DEBUG - This service is instrumented using OpenTelemetry. OpenTelemetry or one of its components could not be imported; please add compatible versions of opentelemetry-api and opentelemetry-instrumentation packages in order to get Storage Tracing data.
2025-08-22 13:31:11,352 - INFO - 📱 Calling login_gui.main()
2025-08-22 13:31:14,007 - DEBUG - Starting new HTTPS connection (1): oauth2.googleapis.com:443
2025-08-22 13:31:14,099 - DEBUG - https://oauth2.googleapis.com:443 "POST /token HTTP/1.1" 200 None
2025-08-22 13:34:12,697 - INFO - ✅ Configuration loaded from updater.ini
2025-08-22 13:34:12,698 - INFO - ✅ Single instance lock acquired
2025-08-22 13:34:12,698 - INFO - ============================================================
2025-08-22 13:34:12,698 - INFO - 🚀 RMS LATEST RELEASE UPDATER STARTING
2025-08-22 13:34:12,698 - INFO - ============================================================
2025-08-22 13:34:12,698 - INFO - 🔍 Checking for updates using latest release...
2025-08-22 13:34:12,698 - INFO - 🔍 Fetching latest release information from GitHub...
2025-08-22 13:34:12,698 - INFO - 📡 API URL: https://api.github.com/repos/food2g0/Centralized-Image-Uploader/releases/latest
2025-08-22 13:34:12,698 - INFO - 🌐 Attempting to connect to https://api.github.com/repos/food2g0/Centralized-Image-Uploader/releases/latest (attempt 1/3)
2025-08-22 13:34:12,700 - DEBUG - Starting new HTTPS connection (1): api.github.com:443
2025-08-22 13:34:13,099 - DEBUG - https://api.github.com:443 "GET /repos/food2g0/Centralized-Image-Uploader/releases/latest HTTP/1.1" 200 1004
2025-08-22 13:34:13,099 - INFO - ✅ Request successful (Status: 200)
2025-08-22 13:34:13,099 - INFO - 📄 Latest release: .1.0.1
2025-08-22 13:34:13,099 - INFO - 📝 Release name: Update
2025-08-22 13:34:13,100 - INFO - 📅 Published: 2025-07-29T02:56:29Z
2025-08-22 13:34:13,100 - INFO - ⬇️ Download URL: https://github.com/food2g0/Centralized-Image-Uploader/releases/download/V.1.0.1/installer.exe
2025-08-22 13:34:13,100 - INFO - 💻 Current version: 1.1.0
2025-08-22 13:34:13,100 - INFO - 📄 Latest version: .1.0.1
2025-08-22 13:34:13,100 - INFO - 🔍 Comparing versions: '1.1.0' vs '.1.0.1'
2025-08-22 13:34:13,100 - WARNING - Semantic version parsing failed, using string comparison: Invalid version: '.1.0.1'
2025-08-22 13:34:13,100 - INFO - ⬆️ String comparison: Versions differ, assuming update available
2025-08-22 13:34:13,100 - INFO - ⬆️ Update available!
2025-08-22 13:34:13,101 - INFO - 📋 Created preservation instructions: update_instructions.txt
2025-08-22 13:34:13,103 - INFO - 📋 Backed up file: updater.ini
2025-08-22 13:34:13,103 - INFO - 📋 Backed up file: updater.log
2025-08-22 13:34:13,103 - INFO - ✅ Backed up 2 items to C:\Users\Paww\AppData\Local\Temp\RMS_backup
2025-08-22 13:34:13,103 - INFO - 📱 Showing update dialog for latest release: .1.0.1
2025-08-22 13:34:14,449 - INFO - 👤 User declined update
2025-08-22 13:34:14,449 - INFO - ========================================
2025-08-22 13:34:14,449 - INFO - 🎯 LAUNCHING MAIN APPLICATION
2025-08-22 13:34:14,450 - INFO - ========================================
2025-08-22 13:34:14,932 - DEBUG - This service is instrumented using OpenTelemetry. OpenTelemetry or one of its components could not be imported; please add compatible versions of opentelemetry-api and opentelemetry-instrumentation packages in order to get Storage Tracing data.
2025-08-22 13:34:15,011 - INFO - 📱 Calling login_gui.main()
2025-08-22 13:34:17,570 - DEBUG - Starting new HTTPS connection (1): oauth2.googleapis.com:443
2025-08-22 13:34:17,674 - DEBUG - https://oauth2.googleapis.com:443 "POST /token HTTP/1.1" 200 None
2025-08-22 13:35:23,911 - INFO - ✅ Configuration loaded from updater.ini
2025-08-22 13:35:23,911 - INFO - ✅ Single instance lock acquired
2025-08-22 13:35:23,912 - INFO - ============================================================
2025-08-22 13:35:23,912 - INFO - 🚀 RMS LATEST RELEASE UPDATER STARTING
2025-08-22 13:35:23,912 - INFO - ============================================================
2025-08-22 13:35:23,912 - INFO - 🔍 Checking for updates using latest release...
2025-08-22 13:35:23,912 - INFO - 🔍 Fetching latest release information from GitHub...
2025-08-22 13:35:23,912 - INFO - 📡 API URL: https://api.github.com/repos/food2g0/Centralized-Image-Uploader/releases/latest
2025-08-22 13:35:23,912 - INFO - 🌐 Attempting to connect to https://api.github.com/repos/food2g0/Centralized-Image-Uploader/releases/latest (attempt 1/3)
2025-08-22 13:35:23,913 - DEBUG - Starting new HTTPS connection (1): api.github.com:443
2025-08-22 13:35:24,348 - DEBUG - https://api.github.com:443 "GET /repos/food2g0/Centralized-Image-Uploader/releases/latest HTTP/1.1" 200 1004
2025-08-22 13:35:24,348 - INFO - ✅ Request successful (Status: 200)
2025-08-22 13:35:24,349 - INFO - 📄 Latest release: .1.0.1
2025-08-22 13:35:24,349 - INFO - 📝 Release name: Update
2025-08-22 13:35:24,349 - INFO - 📅 Published: 2025-07-29T02:56:29Z
2025-08-22 13:35:24,349 - INFO - ⬇️ Download URL: https://github.com/food2g0/Centralized-Image-Uploader/releases/download/V.1.0.1/installer.exe
2025-08-22 13:35:24,349 - INFO - 💻 Current version: 1.1.0
2025-08-22 13:35:24,349 - INFO - 📄 Latest version: .1.0.1
2025-08-22 13:35:24,350 - INFO - 🔍 Comparing versions: '1.1.0' vs '.1.0.1'
2025-08-22 13:35:24,350 - WARNING - Semantic version parsing failed, using string comparison: Invalid version: '.1.0.1'
2025-08-22 13:35:24,350 - INFO - ⬆️ String comparison: Versions differ, assuming update available
2025-08-22 13:35:24,350 - INFO - ⬆️ Update available!
2025-08-22 13:35:24,350 - INFO - 📋 Created preservation instructions: update_instructions.txt
2025-08-22 13:35:24,352 - INFO - 📋 Backed up file: updater.ini
2025-08-22 13:35:24,352 - INFO - 📋 Backed up file: updater.log
2025-08-22 13:35:24,353 - INFO - ✅ Backed up 2 items to C:\Users\Paww\AppData\Local\Temp\RMS_backup
2025-08-22 13:35:24,353 - INFO - 📱 Showing update dialog for latest release: .1.0.1
2025-08-22 13:35:25,469 - INFO - 👤 User declined update
2025-08-22 13:35:25,472 - INFO - ========================================
2025-08-22 13:35:25,472 - INFO - 🎯 LAUNCHING MAIN APPLICATION
2025-08-22 13:35:25,472 - INFO - ========================================
2025-08-22 13:35:26,004 - DEBUG - This service is instrumented using OpenTelemetry. OpenTelemetry or one of its components could not be imported; please add compatible versions of opentelemetry-api and opentelemetry-instrumentation packages in order to get Storage Tracing data.
2025-08-22 13:35:26,082 - INFO - 📱 Calling login_gui.main()
2025-08-22 13:35:28,651 - DEBUG - Starting new HTTPS connection (1): oauth2.googleapis.com:443
2025-08-22 13:35:28,755 - DEBUG - https://oauth2.googleapis.com:443 "POST /token HTTP/1.1" 200 None
2025-08-22 13:39:12,952 - INFO - ✅ Configuration loaded from updater.ini
2025-08-22 13:39:12,952 - INFO - ✅ Single instance lock acquired
2025-08-22 13:39:12,953 - INFO - ============================================================
2025-08-22 13:39:12,953 - INFO - 🚀 RMS LATEST RELEASE UPDATER STARTING
2025-08-22 13:39:12,953 - INFO - ============================================================
2025-08-22 13:39:12,953 - INFO - 🔍 Checking for updates using latest release...
2025-08-22 13:39:12,953 - INFO - 🔍 Fetching latest release information from GitHub...
2025-08-22 13:39:12,953 - INFO - 📡 API URL: https://api.github.com/repos/food2g0/Centralized-Image-Uploader/releases/latest
2025-08-22 13:39:12,953 - INFO - 🌐 Attempting to connect to https://api.github.com/repos/food2g0/Centralized-Image-Uploader/releases/latest (attempt 1/3)
2025-08-22 13:39:12,955 - DEBUG - Starting new HTTPS connection (1): api.github.com:443
2025-08-22 13:39:13,385 - DEBUG - https://api.github.com:443 "GET /repos/food2g0/Centralized-Image-Uploader/releases/latest HTTP/1.1" 200 1004
2025-08-22 13:39:13,386 - INFO - ✅ Request successful (Status: 200)
2025-08-22 13:39:13,386 - INFO - 📄 Latest release: .1.0.1
2025-08-22 13:39:13,386 - INFO - 📝 Release name: Update
2025-08-22 13:39:13,386 - INFO - 📅 Published: 2025-07-29T02:56:29Z
2025-08-22 13:39:13,386 - INFO - ⬇️ Download URL: https://github.com/food2g0/Centralized-Image-Uploader/releases/download/V.1.0.1/installer.exe
2025-08-22 13:39:13,386 - INFO - 💻 Current version: 1.1.0
2025-08-22 13:39:13,386 - INFO - 📄 Latest version: .1.0.1
2025-08-22 13:39:13,387 - INFO - 🔍 Comparing versions: '1.1.0' vs '.1.0.1'
2025-08-22 13:39:13,387 - WARNING - Semantic version parsing failed, using string comparison: Invalid version: '.1.0.1'
2025-08-22 13:39:13,387 - INFO - ⬆️ String comparison: Versions differ, assuming update available
2025-08-22 13:39:13,387 - INFO - ⬆️ Update available!
2025-08-22 13:39:13,387 - INFO - 📋 Created preservation instructions: update_instructions.txt
2025-08-22 13:39:13,389 - INFO - 📋 Backed up file: updater.ini
2025-08-22 13:39:13,390 - INFO - 📋 Backed up file: updater.log
2025-08-22 13:39:13,390 - INFO - ✅ Backed up 2 items to C:\Users\Paww\AppData\Local\Temp\RMS_backup
2025-08-22 13:39:13,390 - INFO - 📱 Showing update dialog for latest release: .1.0.1
2025-08-22 13:39:14,616 - INFO - 👤 User declined update
2025-08-22 13:39:14,616 - INFO - ========================================
2025-08-22 13:39:14,616 - INFO - 🎯 LAUNCHING MAIN APPLICATION
2025-08-22 13:39:14,616 - INFO - ========================================
2025-08-22 13:39:15,089 - DEBUG - This service is instrumented using OpenTelemetry. OpenTelemetry or one of its components could not be imported; please add compatible versions of opentelemetry-api and opentelemetry-instrumentation packages in order to get Storage Tracing data.
2025-08-22 13:39:15,166 - INFO - 📱 Calling login_gui.main()
2025-08-22 13:39:17,968 - DEBUG - Starting new HTTPS connection (1): oauth2.googleapis.com:443
2025-08-22 13:39:18,055 - DEBUG - https://oauth2.googleapis.com:443 "POST /token HTTP/1.1" 200 None
2025-08-22 13:43:50,199 - INFO - ✅ Configuration loaded from updater.ini
2025-08-22 13:43:50,200 - INFO - ✅ Single instance lock acquired
2025-08-22 13:43:50,200 - INFO - ============================================================
2025-08-22 13:43:50,200 - INFO - 🚀 RMS LATEST RELEASE UPDATER STARTING
2025-08-22 13:43:50,200 - INFO - ============================================================
2025-08-22 13:43:50,200 - INFO - 🔍 Checking for updates using latest release...
2025-08-22 13:43:50,200 - INFO - 🔍 Fetching latest release information from GitHub...
2025-08-22 13:43:50,200 - INFO - 📡 API URL: https://api.github.com/repos/food2g0/Centralized-Image-Uploader/releases/latest
2025-08-22 13:43:50,201 - INFO - 🌐 Attempting to connect to https://api.github.com/repos/food2g0/Centralized-Image-Uploader/releases/latest (attempt 1/3)
2025-08-22 13:43:50,202 - DEBUG - Starting new HTTPS connection (1): api.github.com:443
2025-08-22 13:43:50,641 - DEBUG - https://api.github.com:443 "GET /repos/food2g0/Centralized-Image-Uploader/releases/latest HTTP/1.1" 200 None
2025-08-22 13:43:50,642 - INFO - ✅ Request successful (Status: 200)
2025-08-22 13:43:50,642 - INFO - 📄 Latest release: .1.0.1
2025-08-22 13:43:50,642 - INFO - 📝 Release name: Update
2025-08-22 13:43:50,642 - INFO - 📅 Published: 2025-07-29T02:56:29Z
2025-08-22 13:43:50,642 - INFO - ⬇️ Download URL: https://github.com/food2g0/Centralized-Image-Uploader/releases/download/V.1.0.1/installer.exe
2025-08-22 13:43:50,643 - INFO - 💻 Current version: 1.1.0
2025-08-22 13:43:50,643 - INFO - 📄 Latest version: .1.0.1
2025-08-22 13:43:50,643 - INFO - 🔍 Comparing versions: '1.1.0' vs '.1.0.1'
2025-08-22 13:43:50,643 - WARNING - Semantic version parsing failed, using string comparison: Invalid version: '.1.0.1'
2025-08-22 13:43:50,643 - INFO - ⬆️ String comparison: Versions differ, assuming update available
2025-08-22 13:43:50,643 - INFO - ⬆️ Update available!
2025-08-22 13:43:50,644 - INFO - 📋 Created preservation instructions: update_instructions.txt
2025-08-22 13:43:50,645 - INFO - 📋 Backed up file: updater.ini
2025-08-22 13:43:50,646 - INFO - 📋 Backed up file: updater.log
2025-08-22 13:43:50,646 - INFO - ✅ Backed up 2 items to C:\Users\Paww\AppData\Local\Temp\RMS_backup
2025-08-22 13:43:50,646 - INFO - 📱 Showing update dialog for latest release: .1.0.1
2025-08-22 13:43:51,891 - INFO - 👤 User declined update
2025-08-22 13:43:51,891 - INFO - ========================================
2025-08-22 13:43:51,891 - INFO - 🎯 LAUNCHING MAIN APPLICATION
2025-08-22 13:43:51,891 - INFO - ========================================
2025-08-22 13:43:52,522 - DEBUG - This service is instrumented using OpenTelemetry. OpenTelemetry or one of its components could not be imported; please add compatible versions of opentelemetry-api and opentelemetry-instrumentation packages in order to get Storage Tracing data.
2025-08-22 13:43:52,711 - INFO - 📱 Calling login_gui.main()
2025-08-22 13:43:56,935 - DEBUG - Starting new HTTPS connection (1): oauth2.googleapis.com:443
2025-08-22 13:43:57,024 - DEBUG - https://oauth2.googleapis.com:443 "POST /token HTTP/1.1" 200 None
2025-08-22 13:44:44,872 - DEBUG - Starting new HTTPS connection (1): firebasestorage.googleapis.com:443
2025-08-22 13:44:45,544 - DEBUG - https://firebasestorage.googleapis.com:443 "POST /v0/b/records-management-faffa.firebasestorage.app/o?name=Head%20Office/2025-08-22_1755841484_0_FT%20AUG%204,2025.pdf HTTP/1.1" 200 650
2025-08-23 09:52:08,185 - INFO - ✅ Configuration loaded from updater.ini
2025-08-23 09:52:08,255 - INFO - ✅ Single instance lock acquired
2025-08-23 09:52:08,255 - INFO - ============================================================
2025-08-23 09:52:08,255 - INFO - 🚀 RMS LATEST RELEASE UPDATER STARTING
2025-08-23 09:52:08,361 - INFO - ============================================================
2025-08-23 09:52:08,361 - INFO - 🔍 Checking for updates using latest release...
2025-08-23 09:52:08,361 - INFO - 🔍 Fetching latest release information from GitHub...
2025-08-23 09:52:08,361 - INFO - 📡 API URL: https://api.github.com/repos/food2g0/Centralized-Image-Uploader/releases/latest
2025-08-23 09:52:08,362 - INFO - 🌐 Attempting to connect to https://api.github.com/repos/food2g0/Centralized-Image-Uploader/releases/latest (attempt 1/3)
2025-08-23 09:52:08,364 - DEBUG - Starting new HTTPS connection (1): api.github.com:443
2025-08-23 09:52:08,745 - DEBUG - https://api.github.com:443 "GET /repos/food2g0/Centralized-Image-Uploader/releases/latest HTTP/1.1" 200 1003
2025-08-23 09:52:08,746 - INFO - ✅ Request successful (Status: 200)
2025-08-23 09:52:08,746 - INFO - 📄 Latest release: .1.0.1
2025-08-23 09:52:08,746 - INFO - 📝 Release name: Update
2025-08-23 09:52:08,747 - INFO - 📅 Published: 2025-07-29T02:56:29Z
2025-08-23 09:52:08,747 - INFO - ⬇️ Download URL: https://github.com/food2g0/Centralized-Image-Uploader/releases/download/V.1.0.1/installer.exe
2025-08-23 09:52:08,747 - INFO - 💻 Current version: 1.1.0
2025-08-23 09:52:08,747 - INFO - 📄 Latest version: .1.0.1
2025-08-23 09:52:08,747 - INFO - 🔍 Comparing versions: '1.1.0' vs '.1.0.1'
2025-08-23 09:52:08,748 - WARNING - Semantic version parsing failed, using string comparison: Invalid version: '.1.0.1'
2025-08-23 09:52:08,748 - INFO - ⬆️ String comparison: Versions differ, assuming update available
2025-08-23 09:52:08,748 - INFO - ⬆️ Update available!
2025-08-23 09:52:08,749 - INFO - 📋 Created preservation instructions: update_instructions.txt
2025-08-23 09:52:08,751 - INFO - 📋 Backed up file: updater.ini
2025-08-23 09:52:08,753 - INFO - 📋 Backed up file: updater.log
2025-08-23 09:52:08,753 - INFO - ✅ Backed up 2 items to C:\Users\Paww\AppData\Local\Temp\RMS_backup
2025-08-23 09:52:08,754 - INFO - 📱 Showing update dialog for latest release: .1.0.1
2025-08-23 09:52:10,904 - INFO - 👤 User declined update
2025-08-23 09:52:10,905 - INFO - ========================================
2025-08-23 09:52:10,905 - INFO - 🎯 LAUNCHING MAIN APPLICATION
2025-08-23 09:52:10,905 - INFO - ========================================
2025-08-23 09:52:12,097 - DEBUG - This service is instrumented using OpenTelemetry. OpenTelemetry or one of its components could not be imported; please add compatible versions of opentelemetry-api and opentelemetry-instrumentation packages in order to get Storage Tracing data.
2025-08-23 09:52:12,312 - INFO - 📱 Calling login_gui.main()
2025-08-23 09:52:15,915 - DEBUG - Starting new HTTPS connection (1): oauth2.googleapis.com:443
2025-08-23 09:52:16,010 - DEBUG - https://oauth2.googleapis.com:443 "POST /token HTTP/1.1" 200 None
2025-08-23 09:53:09,129 - DEBUG - Starting new HTTPS connection (1): firebasestorage.googleapis.com:443
2025-08-23 09:53:09,695 - DEBUG - https://firebasestorage.googleapis.com:443 "GET /v0/b/records-management-faffa.firebasestorage.app/o/Head%20Office%2F2025-08-22_1755843466_4_BIR%201601C%20PRIMARY%20MAX%2005-10-2025.pdf?alt=media HTTP/1.1" 200 914628
2025-08-23 10:48:49,899 - DEBUG - Resetting dropped connection: oauth2.googleapis.com
2025-08-23 10:48:49,991 - DEBUG - https://oauth2.googleapis.com:443 "POST /token HTTP/1.1" 200 None
2025-08-23 16:29:48,117 - INFO - ✅ Configuration loaded from updater.ini
2025-08-23 16:29:48,127 - INFO - ✅ Single instance lock acquired
2025-08-23 16:29:48,127 - INFO - ============================================================
2025-08-23 16:29:48,128 - INFO - 🚀 RMS LATEST RELEASE UPDATER STARTING
2025-08-23 16:29:48,134 - INFO - ============================================================
2025-08-23 16:29:48,135 - INFO - 🔍 Checking for updates using latest release...
2025-08-23 16:29:48,135 - INFO - 🔍 Fetching latest release information from GitHub...
2025-08-23 16:29:48,135 - INFO - 📡 API URL: https://api.github.com/repos/food2g0/Centralized-Image-Uploader/releases/latest
2025-08-23 16:29:48,135 - INFO - 🌐 Attempting to connect to https://api.github.com/repos/food2g0/Centralized-Image-Uploader/releases/latest (attempt 1/3)
2025-08-23 16:29:48,137 - DEBUG - Starting new HTTPS connection (1): api.github.com:443
2025-08-23 16:29:48,524 - DEBUG - https://api.github.com:443 "GET /repos/food2g0/Centralized-Image-Uploader/releases/latest HTTP/1.1" 200 1004
2025-08-23 16:29:48,525 - INFO - ✅ Request successful (Status: 200)
2025-08-23 16:29:48,525 - INFO - 📄 Latest release: .1.0.1
2025-08-23 16:29:48,526 - INFO - 📝 Release name: Update
2025-08-23 16:29:48,526 - INFO - 📅 Published: 2025-07-29T02:56:29Z
2025-08-23 16:29:48,526 - INFO - ⬇️ Download URL: https://github.com/food2g0/Centralized-Image-Uploader/releases/download/V.1.0.1/installer.exe
2025-08-23 16:29:48,526 - INFO - 💻 Current version: 1.1.0
2025-08-23 16:29:48,526 - INFO - 📄 Latest version: .1.0.1
2025-08-23 16:29:48,526 - INFO - 🔍 Comparing versions: '1.1.0' vs '.1.0.1'
2025-08-23 16:29:48,526 - WARNING - Semantic version parsing failed, using string comparison: Invalid version: '.1.0.1'
2025-08-23 16:29:48,526 - INFO - ⬆️ String comparison: Versions differ, assuming update available
2025-08-23 16:29:48,527 - INFO - ⬆️ Update available!
2025-08-23 16:29:48,527 - INFO - 📋 Created preservation instructions: update_instructions.txt
2025-08-23 16:29:48,529 - INFO - 📋 Backed up file: updater.ini
2025-08-23 16:29:48,531 - INFO - 📋 Backed up file: updater.log
2025-08-23 16:29:48,532 - INFO - ✅ Backed up 2 items to C:\Users\Paww\AppData\Local\Temp\RMS_backup
2025-08-23 16:29:48,532 - INFO - 📱 Showing update dialog for latest release: .1.0.1
2025-08-23 16:29:50,431 - INFO - 👤 User declined update
2025-08-23 16:29:50,432 - INFO - ========================================
2025-08-23 16:29:50,432 - INFO - 🎯 LAUNCHING MAIN APPLICATION
2025-08-23 16:29:50,432 - INFO - ========================================
2025-08-23 16:29:52,224 - DEBUG - This service is instrumented using OpenTelemetry. OpenTelemetry or one of its components could not be imported; please add compatible versions of opentelemetry-api and opentelemetry-instrumentation packages in order to get Storage Tracing data.
2025-08-23 16:29:52,427 - INFO - 📱 Calling login_gui.main()
2025-08-23 16:30:03,127 - DEBUG - Starting new HTTPS connection (1): oauth2.googleapis.com:443
2025-08-23 16:30:03,218 - DEBUG - https://oauth2.googleapis.com:443 "POST /token HTTP/1.1" 200 None
2025-08-23 16:32:51,966 - INFO - ✅ Configuration loaded from updater.ini
2025-08-23 16:32:51,967 - INFO - ✅ Single instance lock acquired
2025-08-23 16:32:51,967 - INFO - ============================================================
2025-08-23 16:32:51,967 - INFO - 🚀 RMS LATEST RELEASE UPDATER STARTING
2025-08-23 16:32:51,967 - INFO - ============================================================
2025-08-23 16:32:51,967 - INFO - 🔍 Checking for updates using latest release...
2025-08-23 16:32:51,968 - INFO - 🔍 Fetching latest release information from GitHub...
2025-08-23 16:32:51,968 - INFO - 📡 API URL: https://api.github.com/repos/food2g0/Centralized-Image-Uploader/releases/latest
2025-08-23 16:32:51,968 - INFO - 🌐 Attempting to connect to https://api.github.com/repos/food2g0/Centralized-Image-Uploader/releases/latest (attempt 1/3)
2025-08-23 16:32:51,970 - DEBUG - Starting new HTTPS connection (1): api.github.com:443
2025-08-23 16:32:52,348 - DEBUG - https://api.github.com:443 "GET /repos/food2g0/Centralized-Image-Uploader/releases/latest HTTP/1.1" 200 1004
2025-08-23 16:32:52,349 - INFO - ✅ Request successful (Status: 200)
2025-08-23 16:32:52,349 - INFO - 📄 Latest release: .1.0.1
2025-08-23 16:32:52,349 - INFO - 📝 Release name: Update
2025-08-23 16:32:52,349 - INFO - 📅 Published: 2025-07-29T02:56:29Z
2025-08-23 16:32:52,349 - INFO - ⬇️ Download URL: https://github.com/food2g0/Centralized-Image-Uploader/releases/download/V.1.0.1/installer.exe
2025-08-23 16:32:52,349 - INFO - 💻 Current version: 1.1.0
2025-08-23 16:32:52,350 - INFO - 📄 Latest version: .1.0.1
2025-08-23 16:32:52,350 - INFO - 🔍 Comparing versions: '1.1.0' vs '.1.0.1'
2025-08-23 16:32:52,350 - WARNING - Semantic version parsing failed, using string comparison: Invalid version: '.1.0.1'
2025-08-23 16:32:52,350 - INFO - ⬆️ String comparison: Versions differ, assuming update available
2025-08-23 16:32:52,350 - INFO - ⬆️ Update available!
2025-08-23 16:32:52,350 - INFO - 📋 Created preservation instructions: update_instructions.txt
2025-08-23 16:32:52,352 - INFO - 📋 Backed up file: updater.ini
2025-08-23 16:32:52,353 - INFO - 📋 Backed up file: updater.log
2025-08-23 16:32:52,353 - INFO - ✅ Backed up 2 items to C:\Users\Paww\AppData\Local\Temp\RMS_backup
2025-08-23 16:32:52,354 - INFO - 📱 Showing update dialog for latest release: .1.0.1
2025-08-23 16:32:53,707 - INFO - 👤 User declined update
2025-08-23 16:32:53,707 - INFO - ========================================
2025-08-23 16:32:53,707 - INFO - 🎯 LAUNCHING MAIN APPLICATION
2025-08-23 16:32:53,707 - INFO - ========================================
2025-08-23 16:32:54,260 - DEBUG - This service is instrumented using OpenTelemetry. OpenTelemetry or one of its components could not be imported; please add compatible versions of opentelemetry-api and opentelemetry-instrumentation packages in order to get Storage Tracing data.
2025-08-23 16:32:54,342 - INFO - 📱 Calling login_gui.main()
2025-08-23 16:33:09,052 - DEBUG - Starting new HTTPS connection (1): oauth2.googleapis.com:443
2025-08-23 16:33:09,144 - DEBUG - https://oauth2.googleapis.com:443 "POST /token HTTP/1.1" 200 None
2025-08-23 16:34:57,036 - INFO - ✅ Configuration loaded from updater.ini
2025-08-23 16:34:57,036 - INFO - ✅ Single instance lock acquired
2025-08-23 16:34:57,036 - INFO - ============================================================
2025-08-23 16:34:57,037 - INFO - 🚀 RMS LATEST RELEASE UPDATER STARTING
2025-08-23 16:34:57,037 - INFO - ============================================================
2025-08-23 16:34:57,037 - INFO - 🔍 Checking for updates using latest release...
2025-08-23 16:34:57,037 - INFO - 🔍 Fetching latest release information from GitHub...
2025-08-23 16:34:57,037 - INFO - 📡 API URL: https://api.github.com/repos/food2g0/Centralized-Image-Uploader/releases/latest
2025-08-23 16:34:57,037 - INFO - 🌐 Attempting to connect to https://api.github.com/repos/food2g0/Centralized-Image-Uploader/releases/latest (attempt 1/3)
2025-08-23 16:34:57,039 - DEBUG - Starting new HTTPS connection (1): api.github.com:443
2025-08-23 16:34:57,414 - DEBUG - https://api.github.com:443 "GET /repos/food2g0/Centralized-Image-Uploader/releases/latest HTTP/1.1" 200 None
2025-08-23 16:34:57,415 - INFO - ✅ Request successful (Status: 200)
2025-08-23 16:34:57,415 - INFO - 📄 Latest release: .1.0.1
2025-08-23 16:34:57,415 - INFO - 📝 Release name: Update
2025-08-23 16:34:57,415 - INFO - 📅 Published: 2025-07-29T02:56:29Z
2025-08-23 16:34:57,415 - INFO - ⬇️ Download URL: https://github.com/food2g0/Centralized-Image-Uploader/releases/download/V.1.0.1/installer.exe
2025-08-23 16:34:57,416 - INFO - 💻 Current version: 1.1.0
2025-08-23 16:34:57,416 - INFO - 📄 Latest version: .1.0.1
2025-08-23 16:34:57,416 - INFO - 🔍 Comparing versions: '1.1.0' vs '.1.0.1'
2025-08-23 16:34:57,416 - WARNING - Semantic version parsing failed, using string comparison: Invalid version: '.1.0.1'
2025-08-23 16:34:57,416 - INFO - ⬆️ String comparison: Versions differ, assuming update available
2025-08-23 16:34:57,416 - INFO - ⬆️ Update available!
2025-08-23 16:34:57,417 - INFO - 📋 Created preservation instructions: update_instructions.txt
2025-08-23 16:34:57,419 - INFO - 📋 Backed up file: updater.ini
2025-08-23 16:34:57,419 - INFO - 📋 Backed up file: updater.log
2025-08-23 16:34:57,420 - INFO - ✅ Backed up 2 items to C:\Users\Paww\AppData\Local\Temp\RMS_backup
2025-08-23 16:34:57,420 - INFO - 📱 Showing update dialog for latest release: .1.0.1
2025-08-23 16:34:58,761 - INFO - 👤 User declined update
2025-08-23 16:34:58,761 - INFO - ========================================
2025-08-23 16:34:58,762 - INFO - 🎯 LAUNCHING MAIN APPLICATION
2025-08-23 16:34:58,762 - INFO - ========================================
2025-08-23 16:34:59,295 - DEBUG - This service is instrumented using OpenTelemetry. OpenTelemetry or one of its components could not be imported; please add compatible versions of opentelemetry-api and opentelemetry-instrumentation packages in order to get Storage Tracing data.
2025-08-23 16:34:59,380 - INFO - 📱 Calling login_gui.main()
2025-08-23 16:35:02,112 - DEBUG - Starting new HTTPS connection (1): oauth2.googleapis.com:443
2025-08-23 16:35:02,200 - DEBUG - https://oauth2.googleapis.com:443 "POST /token HTTP/1.1" 200 None
2025-08-23 16:35:40,174 - INFO - ✅ Configuration loaded from updater.ini
2025-08-23 16:35:40,174 - INFO - ✅ Single instance lock acquired
2025-08-23 16:35:40,175 - INFO - ============================================================
2025-08-23 16:35:40,175 - INFO - 🚀 RMS LATEST RELEASE UPDATER STARTING
2025-08-23 16:35:40,175 - INFO - ============================================================
2025-08-23 16:35:40,175 - INFO - 🔍 Checking for updates using latest release...
2025-08-23 16:35:40,175 - INFO - 🔍 Fetching latest release information from GitHub...
2025-08-23 16:35:40,175 - INFO - 📡 API URL: https://api.github.com/repos/food2g0/Centralized-Image-Uploader/releases/latest
2025-08-23 16:35:40,175 - INFO - 🌐 Attempting to connect to https://api.github.com/repos/food2g0/Centralized-Image-Uploader/releases/latest (attempt 1/3)
2025-08-23 16:35:40,177 - DEBUG - Starting new HTTPS connection (1): api.github.com:443
2025-08-23 16:35:40,576 - DEBUG - https://api.github.com:443 "GET /repos/food2g0/Centralized-Image-Uploader/releases/latest HTTP/1.1" 200 1004
2025-08-23 16:35:40,577 - INFO - ✅ Request successful (Status: 200)
2025-08-23 16:35:40,577 - INFO - 📄 Latest release: .1.0.1
2025-08-23 16:35:40,577 - INFO - 📝 Release name: Update
2025-08-23 16:35:40,577 - INFO - 📅 Published: 2025-07-29T02:56:29Z
2025-08-23 16:35:40,577 - INFO - ⬇️ Download URL: https://github.com/food2g0/Centralized-Image-Uploader/releases/download/V.1.0.1/installer.exe
2025-08-23 16:35:40,578 - INFO - 💻 Current version: 1.1.0
2025-08-23 16:35:40,578 - INFO - 📄 Latest version: .1.0.1
2025-08-23 16:35:40,578 - INFO - 🔍 Comparing versions: '1.1.0' vs '.1.0.1'
2025-08-23 16:35:40,578 - WARNING - Semantic version parsing failed, using string comparison: Invalid version: '.1.0.1'
2025-08-23 16:35:40,578 - INFO - ⬆️ String comparison: Versions differ, assuming update available
2025-08-23 16:35:40,578 - INFO - ⬆️ Update available!
2025-08-23 16:35:40,579 - INFO - 📋 Created preservation instructions: update_instructions.txt
2025-08-23 16:35:40,580 - INFO - 📋 Backed up file: updater.ini
2025-08-23 16:35:40,581 - INFO - 📋 Backed up file: updater.log
2025-08-23 16:35:40,581 - INFO - ✅ Backed up 2 items to C:\Users\Paww\AppData\Local\Temp\RMS_backup
2025-08-23 16:35:40,582 - INFO - 📱 Showing update dialog for latest release: .1.0.1
2025-08-23 16:35:41,673 - INFO - 👤 User declined update
2025-08-23 16:35:41,684 - INFO - ========================================
2025-08-23 16:35:41,684 - INFO - 🎯 LAUNCHING MAIN APPLICATION
2025-08-23 16:35:41,684 - INFO - ========================================
2025-08-23 16:35:42,347 - DEBUG - This service is instrumented using OpenTelemetry. OpenTelemetry or one of its components could not be imported; please add compatible versions of opentelemetry-api and opentelemetry-instrumentation packages in order to get Storage Tracing data.
2025-08-23 16:35:42,432 - INFO - 📱 Calling login_gui.main()
2025-08-23 16:35:44,581 - DEBUG - Starting new HTTPS connection (1): oauth2.googleapis.com:443
2025-08-23 16:35:44,668 - DEBUG - https://oauth2.googleapis.com:443 "POST /token HTTP/1.1" 200 None
2025-08-23 16:36:10,376 - INFO - ✅ Configuration loaded from updater.ini
2025-08-23 16:36:10,377 - INFO - ✅ Single instance lock acquired
2025-08-23 16:36:10,377 - INFO - ============================================================
2025-08-23 16:36:10,377 - INFO - 🚀 RMS LATEST RELEASE UPDATER STARTING
2025-08-23 16:36:10,377 - INFO - ============================================================
2025-08-23 16:36:10,377 - INFO - 🔍 Checking for updates using latest release...
2025-08-23 16:36:10,378 - INFO - 🔍 Fetching latest release information from GitHub...
2025-08-23 16:36:10,378 - INFO - 📡 API URL: https://api.github.com/repos/food2g0/Centralized-Image-Uploader/releases/latest
2025-08-23 16:36:10,378 - INFO - 🌐 Attempting to connect to https://api.github.com/repos/food2g0/Centralized-Image-Uploader/releases/latest (attempt 1/3)
2025-08-23 16:36:10,379 - DEBUG - Starting new HTTPS connection (1): api.github.com:443
2025-08-23 16:36:10,774 - DEBUG - https://api.github.com:443 "GET /repos/food2g0/Centralized-Image-Uploader/releases/latest HTTP/1.1" 200 1004
2025-08-23 16:36:10,775 - INFO - ✅ Request successful (Status: 200)
2025-08-23 16:36:10,775 - INFO - 📄 Latest release: .1.0.1
2025-08-23 16:36:10,775 - INFO - 📝 Release name: Update
2025-08-23 16:36:10,775 - INFO - 📅 Published: 2025-07-29T02:56:29Z
2025-08-23 16:36:10,775 - INFO - ⬇️ Download URL: https://github.com/food2g0/Centralized-Image-Uploader/releases/download/V.1.0.1/installer.exe
2025-08-23 16:36:10,775 - INFO - 💻 Current version: 1.1.0
2025-08-23 16:36:10,776 - INFO - 📄 Latest version: .1.0.1
2025-08-23 16:36:10,776 - INFO - 🔍 Comparing versions: '1.1.0' vs '.1.0.1'
2025-08-23 16:36:10,776 - WARNING - Semantic version parsing failed, using string comparison: Invalid version: '.1.0.1'
2025-08-23 16:36:10,776 - INFO - ⬆️ String comparison: Versions differ, assuming update available
2025-08-23 16:36:10,776 - INFO - ⬆️ Update available!
2025-08-23 16:36:10,777 - INFO - 📋 Created preservation instructions: update_instructions.txt
2025-08-23 16:36:10,778 - INFO - 📋 Backed up file: updater.ini
2025-08-23 16:36:10,779 - INFO - 📋 Backed up file: updater.log
2025-08-23 16:36:10,779 - INFO - ✅ Backed up 2 items to C:\Users\Paww\AppData\Local\Temp\RMS_backup
2025-08-23 16:36:10,779 - INFO - 📱 Showing update dialog for latest release: .1.0.1
2025-08-23 16:36:12,015 - INFO - 👤 User declined update
2025-08-23 16:36:12,016 - INFO - ========================================
2025-08-23 16:36:12,017 - INFO - 🎯 LAUNCHING MAIN APPLICATION
2025-08-23 16:36:12,018 - INFO - ========================================
2025-08-23 16:36:12,585 - DEBUG - This service is instrumented using OpenTelemetry. OpenTelemetry or one of its components could not be imported; please add compatible versions of opentelemetry-api and opentelemetry-instrumentation packages in order to get Storage Tracing data.
2025-08-23 16:36:12,668 - INFO - 📱 Calling login_gui.main()
2025-08-23 16:36:15,406 - DEBUG - Starting new HTTPS connection (1): oauth2.googleapis.com:443
2025-08-23 16:36:15,499 - DEBUG - https://oauth2.googleapis.com:443 "POST /token HTTP/1.1" 200 None
2025-08-23 16:36:35,717 - INFO - ✅ Configuration loaded from updater.ini
2025-08-23 16:36:35,717 - INFO - ✅ Single instance lock acquired
2025-08-23 16:36:35,717 - INFO - ============================================================
2025-08-23 16:36:35,717 - INFO - 🚀 RMS LATEST RELEASE UPDATER STARTING
2025-08-23 16:36:35,717 - INFO - ============================================================
2025-08-23 16:36:35,718 - INFO - 🔍 Checking for updates using latest release...
2025-08-23 16:36:35,718 - INFO - 🔍 Fetching latest release information from GitHub...
2025-08-23 16:36:35,718 - INFO - 📡 API URL: https://api.github.com/repos/food2g0/Centralized-Image-Uploader/releases/latest
2025-08-23 16:36:35,718 - INFO - 🌐 Attempting to connect to https://api.github.com/repos/food2g0/Centralized-Image-Uploader/releases/latest (attempt 1/3)
2025-08-23 16:36:35,719 - DEBUG - Starting new HTTPS connection (1): api.github.com:443
2025-08-23 16:36:36,136 - DEBUG - https://api.github.com:443 "GET /repos/food2g0/Centralized-Image-Uploader/releases/latest HTTP/1.1" 200 1004
2025-08-23 16:36:36,137 - INFO - ✅ Request successful (Status: 200)
2025-08-23 16:36:36,137 - INFO - 📄 Latest release: .1.0.1
2025-08-23 16:36:36,137 - INFO - 📝 Release name: Update
2025-08-23 16:36:36,137 - INFO - 📅 Published: 2025-07-29T02:56:29Z
2025-08-23 16:36:36,138 - INFO - ⬇️ Download URL: https://github.com/food2g0/Centralized-Image-Uploader/releases/download/V.1.0.1/installer.exe
2025-08-23 16:36:36,138 - INFO - 💻 Current version: 1.1.0
2025-08-23 16:36:36,138 - INFO - 📄 Latest version: .1.0.1
2025-08-23 16:36:36,138 - INFO - 🔍 Comparing versions: '1.1.0' vs '.1.0.1'
2025-08-23 16:36:36,138 - WARNING - Semantic version parsing failed, using string comparison: Invalid version: '.1.0.1'
2025-08-23 16:36:36,138 - INFO - ⬆️ String comparison: Versions differ, assuming update available
2025-08-23 16:36:36,138 - INFO - ⬆️ Update available!
2025-08-23 16:36:36,139 - INFO - 📋 Created preservation instructions: update_instructions.txt
2025-08-23 16:36:36,141 - INFO - 📋 Backed up file: updater.ini
2025-08-23 16:36:36,141 - INFO - 📋 Backed up file: updater.log
2025-08-23 16:36:36,142 - INFO - ✅ Backed up 2 items to C:\Users\Paww\AppData\Local\Temp\RMS_backup
2025-08-23 16:36:36,142 - INFO - 📱 Showing update dialog for latest release: .1.0.1
2025-08-23 16:36:37,235 - INFO - 👤 User declined update
2025-08-23 16:36:37,235 - INFO - ========================================
2025-08-23 16:36:37,235 - INFO - 🎯 LAUNCHING MAIN APPLICATION
2025-08-23 16:36:37,238 - INFO - ========================================
2025-08-23 16:36:37,864 - DEBUG - This service is instrumented using OpenTelemetry. OpenTelemetry or one of its components could not be imported; please add compatible versions of opentelemetry-api and opentelemetry-instrumentation packages in order to get Storage Tracing data.
2025-08-23 16:36:37,990 - INFO - 📱 Calling login_gui.main()
2025-08-23 16:36:40,560 - DEBUG - Starting new HTTPS connection (1): oauth2.googleapis.com:443
2025-08-23 16:36:40,648 - DEBUG - https://oauth2.googleapis.com:443 "POST /token HTTP/1.1" 200 None
2025-08-23 16:46:49,856 - INFO - ✅ Configuration loaded from updater.ini
2025-08-23 16:46:49,856 - INFO - ✅ Single instance lock acquired
2025-08-23 16:46:49,857 - INFO - ============================================================
2025-08-23 16:46:49,857 - INFO - 🚀 RMS LATEST RELEASE UPDATER STARTING
2025-08-23 16:46:49,857 - INFO - ============================================================
2025-08-23 16:46:49,857 - INFO - 🔍 Checking for updates using latest release...
2025-08-23 16:46:49,857 - INFO - 🔍 Fetching latest release information from GitHub...
2025-08-23 16:46:49,857 - INFO - 📡 API URL: https://api.github.com/repos/food2g0/Centralized-Image-Uploader/releases/latest
2025-08-23 16:46:49,857 - INFO - 🌐 Attempting to connect to https://api.github.com/repos/food2g0/Centralized-Image-Uploader/releases/latest (attempt 1/3)
2025-08-23 16:46:49,859 - DEBUG - Starting new HTTPS connection (1): api.github.com:443
2025-08-23 16:46:50,246 - DEBUG - https://api.github.com:443 "GET /repos/food2g0/Centralized-Image-Uploader/releases/latest HTTP/1.1" 200 998
2025-08-23 16:46:50,247 - INFO - ✅ Request successful (Status: 200)
2025-08-23 16:46:50,248 - INFO - 📄 Latest release: .1.1.0
2025-08-23 16:46:50,248 - INFO - 📝 Release name: Update V 1.1.0
2025-08-23 16:46:50,248 - INFO - 📅 Published: 2025-08-23T08:46:32Z
2025-08-23 16:46:50,248 - INFO - ⬇️ Download URL: https://github.com/food2g0/Centralized-Image-Uploader/releases/download/V.1.1.0/installer.exe
2025-08-23 16:46:50,248 - INFO - 💻 Current version: 1.1.0
2025-08-23 16:46:50,249 - INFO - 📄 Latest version: .1.1.0
2025-08-23 16:46:50,249 - INFO - 🔍 Comparing versions: '1.1.0' vs '.1.1.0'
2025-08-23 16:46:50,249 - WARNING - Semantic version parsing failed, using string comparison: Invalid version: '.1.1.0'
2025-08-23 16:46:50,249 - INFO - ⬆️ String comparison: Versions differ, assuming update available
2025-08-23 16:46:50,249 - INFO - ⬆️ Update available!
2025-08-23 16:46:50,250 - INFO - 📋 Created preservation instructions: update_instructions.txt
2025-08-23 16:46:50,252 - INFO - 📋 Backed up file: updater.ini
2025-08-23 16:46:50,253 - INFO - 📋 Backed up file: updater.log
2025-08-23 16:46:50,253 - INFO - ✅ Backed up 2 items to C:\Users\Paww\AppData\Local\Temp\RMS_backup
2025-08-23 16:46:50,253 - INFO - 📱 Showing update dialog for latest release: .1.1.0
2025-08-23 16:47:10,846 - INFO - 👤 User accepted update
2025-08-23 16:47:10,846 - INFO - ⬇️ Downloading installer from: https://github.com/food2g0/Centralized-Image-Uploader/releases/download/V.1.1.0/installer.exe
2025-08-23 16:47:10,846 - INFO - 🌐 Attempting to connect to https://github.com/food2g0/Centralized-Image-Uploader/releases/download/V.1.1.0/installer.exe (attempt 1/3)
2025-08-23 16:47:10,847 - DEBUG - Starting new HTTPS connection (1): github.com:443
2025-08-23 16:47:11,238 - DEBUG - https://github.com:443 "GET /food2g0/Centralized-Image-Uploader/releases/download/V.1.1.0/installer.exe HTTP/1.1" 302 0
2025-08-23 16:47:11,239 - DEBUG - Starting new HTTPS connection (1): release-assets.githubusercontent.com:443
2025-08-23 16:47:11,561 - DEBUG - https://release-assets.githubusercontent.com:443 "GET /github-production-release-asset/1025490002/e250f4ca-aa1b-42f4-89bd-2c5e25e64352?sp=r&sv=2018-11-09&sr=b&spr=https&se=2025-08-23T09%3A21%3A36Z&rscd=attachment%3B+filename%3Dinstaller.exe&rsct=application%2Foctet-stream&skoid=96c2d410-5711-43a1-aedd-ab1947aa7ab0&sktid=398a6654-997b-47e9-b12b-9515b896b4de&skt=2025-08-23T08%3A21%3A12Z&ske=2025-08-23T09%3A21%3A36Z&sks=b&skv=2018-11-09&sig=JmZrjy420imCGYr%2Fp0GmecLgL%2BOaOGpEDge7LQHzLpQ%3D&jwt=eyJ0eXAiOiJKV1QiLCJhbGciOiJIUzI1NiJ9.eyJpc3MiOiJnaXRodWIuY29tIiwiYXVkIjoicmVsZWFzZS1hc3NldHMuZ2l0aHVidXNlcmNvbnRlbnQuY29tIiwia2V5Ijoia2V5MSIsImV4cCI6MTc1NTkzOTEzMSwibmJmIjoxNzU1OTM4ODMxLCJwYXRoIjoicmVsZWFzZWFzc2V0cHJvZHVjdGlvbi5ibG9iLmNvcmUud2luZG93cy5uZXQifQ.5dQqLdDiZ-8cw4VYJ-Z2ro0smXKBOv6kfcRqTp8cCis&response-content-disposition=attachment%3B%20filename%3Dinstaller.exe&response-content-type=application%2Foctet-stream HTTP/1.1" 200 69300651
2025-08-23 16:47:17,677 - INFO - ✅ Request successful (Status: 200)
2025-08-23 16:47:17,678 - INFO - 📁 Installer size: 66.09 MB
2025-08-23 16:47:17,680 - INFO - 📥 Download progress: 1.2%
2025-08-23 16:47:17,680 - INFO - 📥 Download progress: 2.4%
2025-08-23 16:47:17,681 - INFO - 📥 Download progress: 3.5%
2025-08-23 16:47:17,682 - INFO - 📥 Download progress: 4.7%
2025-08-23 16:47:17,684 - INFO - 📥 Download progress: 5.9%
2025-08-23 16:47:17,685 - INFO - 📥 Download progress: 7.1%
2025-08-23 16:47:17,686 - INFO - 📥 Download progress: 8.3%
2025-08-23 16:47:17,687 - INFO - 📥 Download progress: 9.5%
2025-08-23 16:47:17,688 - INFO - 📥 Download progress: 10.6%
2025-08-23 16:47:17,689 - INFO - 📥 Download progress: 11.8%
2025-08-23 16:47:17,690 - INFO - 📥 Download progress: 13.0%
2025-08-23 16:47:17,691 - INFO - 📥 Download progress: 14.2%
2025-08-23 16:47:17,693 - INFO - 📥 Download progress: 15.4%
2025-08-23 16:47:17,694 - INFO - 📥 Download progress: 16.5%
2025-08-23 16:47:17,695 - INFO - 📥 Download progress: 17.7%
2025-08-23 16:47:17,696 - INFO - 📥 Download progress: 18.9%
2025-08-23 16:47:17,697 - INFO - 📥 Download progress: 20.1%
2025-08-23 16:47:17,698 - INFO - 📥 Download progress: 21.3%
2025-08-23 16:47:17,700 - INFO - 📥 Download progress: 22.5%
2025-08-23 16:47:17,701 - INFO - 📥 Download progress: 23.6%
2025-08-23 16:47:17,703 - INFO - 📥 Download progress: 24.8%
2025-08-23 16:47:17,704 - INFO - 📥 Download progress: 26.0%
2025-08-23 16:47:17,705 - INFO - 📥 Download progress: 27.2%
2025-08-23 16:47:17,706 - INFO - 📥 Download progress: 28.4%
2025-08-23 16:47:17,707 - INFO - 📥 Download progress: 29.6%
2025-08-23 16:47:17,708 - INFO - 📥 Download progress: 30.7%
2025-08-23 16:47:17,710 - INFO - 📥 Download progress: 31.9%
2025-08-23 16:47:17,712 - INFO - 📥 Download progress: 33.1%
2025-08-23 16:47:17,718 - INFO - 📥 Download progress: 34.3%
2025-08-23 16:47:17,719 - INFO - 📥 Download progress: 35.5%
2025-08-23 16:47:17,720 - INFO - 📥 Download progress: 36.6%
2025-08-23 16:47:17,721 - INFO - 📥 Download progress: 37.8%
2025-08-23 16:47:17,722 - INFO - 📥 Download progress: 39.0%
2025-08-23 16:47:17,724 - INFO - 📥 Download progress: 40.2%
2025-08-23 16:47:17,725 - INFO - 📥 Download progress: 41.4%
2025-08-23 16:47:17,726 - INFO - 📥 Download progress: 42.6%
2025-08-23 16:47:17,727 - INFO - 📥 Download progress: 43.7%
2025-08-23 16:47:17,729 - INFO - 📥 Download progress: 44.9%
2025-08-23 16:47:17,730 - INFO - 📥 Download progress: 46.1%
2025-08-23 16:47:17,731 - INFO - 📥 Download progress: 47.3%
2025-08-23 16:47:17,733 - INFO - 📥 Download progress: 48.5%
2025-08-23 16:47:17,734 - INFO - 📥 Download progress: 49.6%
2025-08-23 16:47:17,735 - INFO - 📥 Download progress: 50.8%
2025-08-23 16:47:17,737 - INFO - 📥 Download progress: 52.0%
2025-08-23 16:47:17,738 - INFO - 📥 Download progress: 53.2%
2025-08-23 16:47:17,740 - INFO - 📥 Download progress: 54.4%
2025-08-23 16:47:17,741 - INFO - 📥 Download progress: 55.6%
2025-08-23 16:47:17,742 - INFO - 📥 Download progress: 56.7%
2025-08-23 16:47:17,743 - INFO - 📥 Download progress: 57.9%
2025-08-23 16:47:17,744 - INFO - 📥 Download progress: 59.1%
2025-08-23 16:47:17,745 - INFO - 📥 Download progress: 60.3%
2025-08-23 16:47:17,747 - INFO - 📥 Download progress: 61.5%
2025-08-23 16:47:17,748 - INFO - 📥 Download progress: 62.7%
2025-08-23 16:47:17,749 - INFO - 📥 Download progress: 63.8%
2025-08-23 16:47:17,751 - INFO - 📥 Download progress: 65.0%
2025-08-23 16:47:17,753 - INFO - 📥 Download progress: 66.2%
2025-08-23 16:47:17,754 - INFO - 📥 Download progress: 67.4%
2025-08-23 16:47:17,755 - INFO - 📥 Download progress: 68.6%
2025-08-23 16:47:17,756 - INFO - 📥 Download progress: 69.7%
2025-08-23 16:47:17,758 - INFO - 📥 Download progress: 70.9%
2025-08-23 16:47:17,759 - INFO - 📥 Download progress: 72.1%
2025-08-23 16:47:17,761 - INFO - 📥 Download progress: 73.3%
2025-08-23 16:47:17,762 - INFO - 📥 Download progress: 74.5%
2025-08-23 16:47:17,763 - INFO - 📥 Download progress: 75.7%
2025-08-23 16:47:17,764 - INFO - 📥 Download progress: 76.8%
2025-08-23 16:47:17,766 - INFO - 📥 Download progress: 78.0%
2025-08-23 16:47:17,767 - INFO - 📥 Download progress: 79.2%
2025-08-23 16:47:17,768 - INFO - 📥 Download progress: 80.4%
2025-08-23 16:47:17,769 - INFO - 📥 Download progress: 81.6%
2025-08-23 16:47:17,770 - INFO - 📥 Download progress: 82.7%
2025-08-23 16:47:17,771 - INFO - 📥 Download progress: 83.9%
2025-08-23 16:47:17,772 - INFO - 📥 Download progress: 85.1%
2025-08-23 16:47:17,773 - INFO - 📥 Download progress: 86.3%
2025-08-23 16:47:17,774 - INFO - 📥 Download progress: 87.5%
2025-08-23 16:47:17,775 - INFO - 📥 Download progress: 88.7%
2025-08-23 16:47:17,777 - INFO - 📥 Download progress: 89.8%
2025-08-23 16:47:17,778 - INFO - 📥 Download progress: 91.0%
2025-08-23 16:47:17,779 - INFO - 📥 Download progress: 92.2%
2025-08-23 16:47:17,781 - INFO - 📥 Download progress: 93.4%
2025-08-23 16:47:17,782 - INFO - 📥 Download progress: 94.6%
2025-08-23 16:47:17,783 - INFO - 📥 Download progress: 95.7%
2025-08-23 16:47:17,785 - INFO - 📥 Download progress: 96.9%
2025-08-23 16:47:17,787 - INFO - 📥 Download progress: 98.1%
2025-08-23 16:47:17,788 - INFO - 📥 Download progress: 99.3%
2025-08-23 16:47:17,789 - INFO - 💾 Installer saved to: C:\Users\Paww\AppData\Local\Temp\updater__hhujj5a.exe
2025-08-23 16:47:22,053 - INFO - 🚀 Launching installer: C:\Users\Paww\AppData\Local\Temp\updater__hhujj5a.exe
2025-08-23 16:47:26,156 - INFO - 🔄 Exiting for update...
2025-08-23 16:49:53,360 - INFO - ✅ Configuration loaded from updater.ini
2025-08-23 16:49:53,364 - WARNING - Another instance is running: [Errno 13] Permission denied
2025-08-23 16:50:04,278 - INFO - ✅ Configuration loaded from updater.ini
2025-08-23 16:50:04,279 - INFO - ✅ Single instance lock acquired
2025-08-23 16:50:04,279 - INFO - ============================================================
2025-08-23 16:50:04,279 - INFO - 🚀 RMS LATEST RELEASE UPDATER STARTING
2025-08-23 16:50:04,279 - INFO - ============================================================
2025-08-23 16:50:04,279 - INFO - 🔍 Checking for updates using latest release...
2025-08-23 16:50:04,280 - INFO - 🔍 Fetching latest release information from GitHub...
2025-08-23 16:50:04,280 - INFO - 📡 API URL: https://api.github.com/repos/food2g0/Centralized-Image-Uploader/releases/latest
2025-08-23 16:50:04,280 - INFO - 🌐 Attempting to connect to https://api.github.com/repos/food2g0/Centralized-Image-Uploader/releases/latest (attempt 1/3)
2025-08-23 16:50:04,281 - DEBUG - Starting new HTTPS connection (1): api.github.com:443
2025-08-23 16:50:04,653 - DEBUG - https://api.github.com:443 "GET /repos/food2g0/Centralized-Image-Uploader/releases/latest HTTP/1.1" 200 None
2025-08-23 16:50:04,654 - INFO - ✅ Request successful (Status: 200)
2025-08-23 16:50:04,654 - INFO - 📄 Latest release: 1.1.0
2025-08-23 16:50:04,654 - INFO - 📝 Release name: Update V 1.1.0
2025-08-23 16:50:04,654 - INFO - 📅 Published: 2025-08-23T08:46:32Z
2025-08-23 16:50:04,654 - INFO - ⬇️ Download URL: https://github.com/food2g0/Centralized-Image-Uploader/releases/download/1.1.0/installer.exe
2025-08-23 16:50:04,655 - INFO - 💻 Current version: 1.1.0
2025-08-23 16:50:04,655 - INFO - 📄 Latest version: 1.1.0
2025-08-23 16:50:04,655 - INFO - 🔍 Comparing versions: '1.1.0' vs '1.1.0'
2025-08-23 16:50:04,655 - INFO - ✅ Semantic version comparison: Versions are equal
2025-08-23 16:50:04,655 - INFO - ✅ App is up to date
2025-08-23 16:50:04,655 - INFO - ✅ No updates needed
2025-08-23 16:50:04,655 - INFO - ========================================
2025-08-23 16:50:04,655 - INFO - 🎯 LAUNCHING MAIN APPLICATION
2025-08-23 16:50:04,656 - INFO - ========================================
2025-08-23 16:50:05,110 - DEBUG - This service is instrumented using OpenTelemetry. OpenTelemetry or one of its components could not be imported; please add compatible versions of opentelemetry-api and opentelemetry-instrumentation packages in order to get Storage Tracing data.
2025-08-23 16:50:05,125 - INFO - 📱 Calling login_gui.main()
2025-08-23 16:52:16,224 - INFO - ✅ Configuration loaded from updater.ini
2025-08-23 16:52:16,225 - INFO - ✅ Single instance lock acquired
2025-08-23 16:52:16,225 - INFO - ============================================================
2025-08-23 16:52:16,225 - INFO - 🚀 RMS LATEST RELEASE UPDATER STARTING
2025-08-23 16:52:16,225 - INFO - ============================================================
2025-08-23 16:52:16,225 - INFO - 🔍 Checking for updates using latest release...
2025-08-23 16:52:16,226 - INFO - 🔍 Fetching latest release information from GitHub...
2025-08-23 16:52:16,226 - INFO - 📡 API URL: https://api.github.com/repos/food2g0/Centralized-Image-Uploader/releases/latest
2025-08-23 16:52:16,226 - INFO - 🌐 Attempting to connect to https://api.github.com/repos/food2g0/Centralized-Image-Uploader/releases/latest (attempt 1/3)
2025-08-23 16:52:16,227 - DEBUG - Starting new HTTPS connection (1): api.github.com:443
2025-08-23 16:52:16,696 - DEBUG - https://api.github.com:443 "GET /repos/food2g0/Centralized-Image-Uploader/releases/latest HTTP/1.1" 200 1142
2025-08-23 16:52:16,696 - INFO - ✅ Request successful (Status: 200)
2025-08-23 16:52:16,697 - INFO - 📄 Latest release: 1.1.0
2025-08-23 16:52:16,697 - INFO - 📝 Release name: Update V 1.1.0
2025-08-23 16:52:16,697 - INFO - 📅 Published: 2025-08-23T08:46:32Z
2025-08-23 16:52:16,697 - INFO - ⬇️ Download URL: https://github.com/food2g0/Centralized-Image-Uploader/releases/download/1.1.0/installer.exe
2025-08-23 16:52:16,697 - INFO - 💻 Current version: 1.1.0
2025-08-23 16:52:16,697 - INFO - 📄 Latest version: 1.1.0
2025-08-23 16:52:16,697 - INFO - 🔍 Comparing versions: '1.1.0' vs '1.1.0'
2025-08-23 16:52:16,698 - INFO - ✅ Semantic version comparison: Versions are equal
2025-08-23 16:52:16,698 - INFO - ✅ App is up to date
2025-08-23 16:52:16,698 - INFO - ✅ No updates needed
2025-08-23 16:52:16,698 - INFO - ========================================
2025-08-23 16:52:16,698 - INFO - 🎯 LAUNCHING MAIN APPLICATION
2025-08-23 16:52:16,698 - INFO - ========================================
2025-08-23 16:52:17,149 - DEBUG - This service is instrumented using OpenTelemetry. OpenTelemetry or one of its components could not be imported; please add compatible versions of opentelemetry-api and opentelemetry-instrumentation packages in order to get Storage Tracing data.
2025-08-23 16:52:17,163 - INFO - 📱 Calling login_gui.main()
2025-08-23 17:01:07,923 - INFO - ✅ Configuration loaded from updater.ini
2025-08-23 17:01:07,924 - INFO - ✅ Single instance lock acquired
2025-08-23 17:01:07,924 - INFO - ============================================================
2025-08-23 17:01:07,924 - INFO - 🚀 RMS LATEST RELEASE UPDATER STARTING
2025-08-23 17:01:07,924 - INFO - ============================================================
2025-08-23 17:01:07,924 - INFO - 🔍 Checking for updates using latest release...
2025-08-23 17:01:07,925 - INFO - 🔍 Fetching latest release information from GitHub...
2025-08-23 17:01:07,925 - INFO - 📡 API URL: https://api.github.com/repos/food2g0/Centralized-Image-Uploader/releases/latest
2025-08-23 17:01:07,925 - INFO - 🌐 Attempting to connect to https://api.github.com/repos/food2g0/Centralized-Image-Uploader/releases/latest (attempt 1/3)
2025-08-23 17:01:07,926 - DEBUG - Starting new HTTPS connection (1): api.github.com:443
2025-08-23 17:01:08,324 - DEBUG - https://api.github.com:443 "GET /repos/food2g0/Centralized-Image-Uploader/releases/latest HTTP/1.1" 200 1140
2025-08-23 17:01:08,325 - INFO - ✅ Request successful (Status: 200)
2025-08-23 17:01:08,325 - INFO - 📄 Latest release: 1.1.0
2025-08-23 17:01:08,325 - INFO - 📝 Release name: Update V 1.1.0
2025-08-23 17:01:08,325 - INFO - 📅 Published: 2025-08-23T08:46:32Z
2025-08-23 17:01:08,325 - INFO - ⬇️ Download URL: https://github.com/food2g0/Centralized-Image-Uploader/releases/download/1.1.0/installer.exe
2025-08-23 17:01:08,325 - INFO - 💻 Current version: 1.1.0
2025-08-23 17:01:08,326 - INFO - 📄 Latest version: 1.1.0
2025-08-23 17:01:08,326 - INFO - 🔍 Comparing versions: '1.1.0' vs '1.1.0'
2025-08-23 17:01:08,326 - INFO - ✅ Semantic version comparison: Versions are equal
2025-08-23 17:01:08,326 - INFO - ✅ App is up to date
2025-08-23 17:01:08,326 - INFO - ✅ No updates needed
2025-08-23 17:01:08,326 - INFO - ========================================
2025-08-23 17:01:08,326 - INFO - 🎯 LAUNCHING MAIN APPLICATION
2025-08-23 17:01:08,326 - INFO - ========================================
2025-08-23 17:01:08,780 - DEBUG - This service is instrumented using OpenTelemetry. OpenTelemetry or one of its components could not be imported; please add compatible versions of opentelemetry-api and opentelemetry-instrumentation packages in order to get Storage Tracing data.
2025-08-23 17:01:08,862 - INFO - 📱 Calling login_gui.main()
2025-08-23 17:01:10,090 - DEBUG - Starting new HTTPS connection (1): oauth2.googleapis.com:443
2025-08-23 17:01:10,180 - DEBUG - https://oauth2.googleapis.com:443 "POST /token HTTP/1.1" 200 None
2025-08-23 17:01:40,128 - INFO - ✅ Configuration loaded from updater.ini
2025-08-23 17:01:40,129 - INFO - ✅ Single instance lock acquired
2025-08-23 17:01:40,129 - INFO - ============================================================
2025-08-23 17:01:40,129 - INFO - 🚀 RMS LATEST RELEASE UPDATER STARTING
2025-08-23 17:01:40,129 - INFO - ============================================================
2025-08-23 17:01:40,129 - INFO - 🔍 Checking for updates using latest release...
2025-08-23 17:01:40,129 - INFO - 🔍 Fetching latest release information from GitHub...
2025-08-23 17:01:40,129 - INFO - 📡 API URL: https://api.github.com/repos/food2g0/Centralized-Image-Uploader/releases/latest
2025-08-23 17:01:40,130 - INFO - 🌐 Attempting to connect to https://api.github.com/repos/food2g0/Centralized-Image-Uploader/releases/latest (attempt 1/3)
2025-08-23 17:01:40,131 - DEBUG - Starting new HTTPS connection (1): api.github.com:443
2025-08-23 17:01:40,512 - DEBUG - https://api.github.com:443 "GET /repos/food2g0/Centralized-Image-Uploader/releases/latest HTTP/1.1" 200 1140
2025-08-23 17:01:40,513 - INFO - ✅ Request successful (Status: 200)
2025-08-23 17:01:40,513 - INFO - 📄 Latest release: 1.1.0
2025-08-23 17:01:40,513 - INFO - 📝 Release name: Update V 1.1.0
2025-08-23 17:01:40,513 - INFO - 📅 Published: 2025-08-23T08:46:32Z
2025-08-23 17:01:40,513 - INFO - ⬇️ Download URL: https://github.com/food2g0/Centralized-Image-Uploader/releases/download/1.1.0/installer.exe
2025-08-23 17:01:40,513 - INFO - 💻 Current version: 1.1.0
2025-08-23 17:01:40,514 - INFO - 📄 Latest version: 1.1.0
2025-08-23 17:01:40,514 - INFO - 🔍 Comparing versions: '1.1.0' vs '1.1.0'
2025-08-23 17:01:40,514 - INFO - ✅ Semantic version comparison: Versions are equal
2025-08-23 17:01:40,514 - INFO - ✅ App is up to date
2025-08-23 17:01:40,514 - INFO - ✅ No updates needed
2025-08-23 17:01:40,514 - INFO - ========================================
2025-08-23 17:01:40,514 - INFO - 🎯 LAUNCHING MAIN APPLICATION
2025-08-23 17:01:40,515 - INFO - ========================================
2025-08-23 17:01:40,979 - DEBUG - This service is instrumented using OpenTelemetry. OpenTelemetry or one of its components could not be imported; please add compatible versions of opentelemetry-api and opentelemetry-instrumentation packages in order to get Storage Tracing data.
2025-08-23 17:01:41,064 - INFO - 📱 Calling login_gui.main()
2025-08-23 17:01:42,184 - DEBUG - Starting new HTTPS connection (1): oauth2.googleapis.com:443
2025-08-23 17:01:42,276 - DEBUG - https://oauth2.googleapis.com:443 "POST /token HTTP/1.1" 200 None
2025-08-23 17:02:13,397 - INFO - ✅ Configuration loaded from updater.ini
2025-08-23 17:02:13,398 - INFO - ✅ Single instance lock acquired
2025-08-23 17:02:13,398 - INFO - ============================================================
2025-08-23 17:02:13,398 - INFO - 🚀 RMS LATEST RELEASE UPDATER STARTING
2025-08-23 17:02:13,398 - INFO - ============================================================
2025-08-23 17:02:13,399 - INFO - 🔍 Checking for updates using latest release...
2025-08-23 17:02:13,399 - INFO - 🔍 Fetching latest release information from GitHub...
2025-08-23 17:02:13,399 - INFO - 📡 API URL: https://api.github.com/repos/food2g0/Centralized-Image-Uploader/releases/latest
2025-08-23 17:02:13,399 - INFO - 🌐 Attempting to connect to https://api.github.com/repos/food2g0/Centralized-Image-Uploader/releases/latest (attempt 1/3)
2025-08-23 17:02:13,400 - DEBUG - Starting new HTTPS connection (1): api.github.com:443
2025-08-23 17:02:13,771 - DEBUG - https://api.github.com:443 "GET /repos/food2g0/Centralized-Image-Uploader/releases/latest HTTP/1.1" 200 1140
2025-08-23 17:02:13,771 - INFO - ✅ Request successful (Status: 200)
2025-08-23 17:02:13,771 - INFO - 📄 Latest release: 1.1.0
2025-08-23 17:02:13,772 - INFO - 📝 Release name: Update V 1.1.0
2025-08-23 17:02:13,772 - INFO - 📅 Published: 2025-08-23T08:46:32Z
2025-08-23 17:02:13,772 - INFO - ⬇️ Download URL: https://github.com/food2g0/Centralized-Image-Uploader/releases/download/1.1.0/installer.exe
2025-08-23 17:02:13,772 - INFO - 💻 Current version: 1.1.0
2025-08-23 17:02:13,772 - INFO - 📄 Latest version: 1.1.0
2025-08-23 17:02:13,772 - INFO - 🔍 Comparing versions: '1.1.0' vs '1.1.0'
2025-08-23 17:02:13,773 - INFO - ✅ Semantic version comparison: Versions are equal
2025-08-23 17:02:13,773 - INFO - ✅ App is up to date
2025-08-23 17:02:13,773 - INFO - ✅ No updates needed
2025-08-23 17:02:13,773 - INFO - ========================================
2025-08-23 17:02:13,773 - INFO - 🎯 LAUNCHING MAIN APPLICATION
2025-08-23 17:02:13,773 - INFO - ========================================
2025-08-23 17:02:14,227 - DEBUG - This service is instrumented using OpenTelemetry. OpenTelemetry or one of its components could not be imported; please add compatible versions of opentelemetry-api and opentelemetry-instrumentation packages in order to get Storage Tracing data.
2025-08-23 17:02:14,310 - INFO - 📱 Calling login_gui.main()
2025-08-23 17:03:02,551 - DEBUG - Starting new HTTPS connection (1): oauth2.googleapis.com:443
2025-08-23 17:03:02,639 - DEBUG - https://oauth2.googleapis.com:443 "POST /token HTTP/1.1" 200 None
2025-08-26 08:19:25,770 - INFO - ✅ Configuration loaded from updater.ini
2025-08-26 08:19:25,789 - INFO - ✅ Single instance lock acquired
2025-08-26 08:19:25,789 - INFO - ============================================================
2025-08-26 08:19:25,789 - INFO - 🚀 RMS LATEST RELEASE UPDATER STARTING
2025-08-26 08:19:25,789 - INFO - ============================================================
2025-08-26 08:19:25,789 - INFO - 🔍 Checking for updates using latest release...
2025-08-26 08:19:25,796 - INFO - 🔍 Fetching latest release information from GitHub...
2025-08-26 08:19:25,796 - INFO - 📡 API URL: https://api.github.com/repos/food2g0/Centralized-Image-Uploader/releases/latest
2025-08-26 08:19:25,796 - INFO - 🌐 Attempting to connect to https://api.github.com/repos/food2g0/Centralized-Image-Uploader/releases/latest (attempt 1/3)
2025-08-26 08:19:25,798 - DEBUG - Starting new HTTPS connection (1): api.github.com:443
2025-08-26 08:19:26,212 - DEBUG - https://api.github.com:443 "GET /repos/food2g0/Centralized-Image-Uploader/releases/latest HTTP/1.1" 200 1140
2025-08-26 08:19:26,212 - INFO - ✅ Request successful (Status: 200)
2025-08-26 08:19:26,213 - INFO - 📄 Latest release: 1.1.0
2025-08-26 08:19:26,213 - INFO - 📝 Release name: Update V 1.1.0
2025-08-26 08:19:26,213 - INFO - 📅 Published: 2025-08-23T08:46:32Z
2025-08-26 08:19:26,213 - INFO - ⬇️ Download URL: https://github.com/food2g0/Centralized-Image-Uploader/releases/download/1.1.0/installer.exe
2025-08-26 08:19:26,213 - INFO - 💻 Current version: 1.1.0
2025-08-26 08:19:26,213 - INFO - 📄 Latest version: 1.1.0
2025-08-26 08:19:26,214 - INFO - 🔍 Comparing versions: '1.1.0' vs '1.1.0'
2025-08-26 08:19:26,214 - INFO - ✅ Semantic version comparison: Versions are equal
2025-08-26 08:19:26,214 - INFO - ✅ App is up to date
2025-08-26 08:19:26,214 - INFO - ✅ No updates needed
2025-08-26 08:19:26,214 - INFO - ========================================
2025-08-26 08:19:26,214 - INFO - 🎯 LAUNCHING MAIN APPLICATION
2025-08-26 08:19:26,214 - INFO - ========================================
2025-08-26 08:19:27,244 - DEBUG - This service is instrumented using OpenTelemetry. OpenTelemetry or one of its components could not be imported; please add compatible versions of opentelemetry-api and opentelemetry-instrumentation packages in order to get Storage Tracing data.
2025-08-26 08:19:27,427 - INFO - 📱 Calling login_gui.main()
2025-08-26 08:19:38,393 - DEBUG - Starting new HTTPS connection (1): oauth2.googleapis.com:443
2025-08-26 08:19:38,483 - DEBUG - https://oauth2.googleapis.com:443 "POST /token HTTP/1.1" 200 None
2025-08-26 08:25:46,712 - INFO - ✅ Configuration loaded from updater.ini
2025-08-26 08:25:46,712 - INFO - ✅ Single instance lock acquired
2025-08-26 08:25:46,713 - INFO - ============================================================
2025-08-26 08:25:46,713 - INFO - 🚀 RMS LATEST RELEASE UPDATER STARTING
2025-08-26 08:25:46,713 - INFO - ============================================================
2025-08-26 08:25:46,713 - INFO - 🔍 Checking for updates using latest release...
2025-08-26 08:25:46,713 - INFO - 🔍 Fetching latest release information from GitHub...
2025-08-26 08:25:46,713 - INFO - 📡 API URL: https://api.github.com/repos/food2g0/Centralized-Image-Uploader/releases/latest
2025-08-26 08:25:46,713 - INFO - 🌐 Attempting to connect to https://api.github.com/repos/food2g0/Centralized-Image-Uploader/releases/latest (attempt 1/3)
2025-08-26 08:25:46,714 - DEBUG - Starting new HTTPS connection (1): api.github.com:443
2025-08-26 08:25:47,118 - DEBUG - https://api.github.com:443 "GET /repos/food2g0/Centralized-Image-Uploader/releases/latest HTTP/1.1" 200 1140
2025-08-26 08:25:47,118 - INFO - ✅ Request successful (Status: 200)
2025-08-26 08:25:47,118 - INFO - 📄 Latest release: 1.1.0
2025-08-26 08:25:47,118 - INFO - 📝 Release name: Update V 1.1.0
2025-08-26 08:25:47,119 - INFO - 📅 Published: 2025-08-23T08:46:32Z
2025-08-26 08:25:47,119 - INFO - ⬇️ Download URL: https://github.com/food2g0/Centralized-Image-Uploader/releases/download/1.1.0/installer.exe
2025-08-26 08:25:47,119 - INFO - 💻 Current version: 1.1.0
2025-08-26 08:25:47,119 - INFO - 📄 Latest version: 1.1.0
2025-08-26 08:25:47,119 - INFO - 🔍 Comparing versions: '1.1.0' vs '1.1.0'
2025-08-26 08:25:47,119 - INFO - ✅ Semantic version comparison: Versions are equal
2025-08-26 08:25:47,119 - INFO - ✅ App is up to date
2025-08-26 08:25:47,119 - INFO - ✅ No updates needed
2025-08-26 08:25:47,119 - INFO - ========================================
2025-08-26 08:25:47,119 - INFO - 🎯 LAUNCHING MAIN APPLICATION
2025-08-26 08:25:47,120 - INFO - ========================================
2025-08-26 08:25:47,548 - DEBUG - This service is instrumented using OpenTelemetry. OpenTelemetry or one of its components could not be imported; please add compatible versions of opentelemetry-api and opentelemetry-instrumentation packages in order to get Storage Tracing data.
2025-08-26 08:25:47,625 - INFO - 📱 Calling login_gui.main()
2025-08-26 08:25:49,497 - DEBUG - Starting new HTTPS connection (1): oauth2.googleapis.com:443
2025-08-26 08:25:49,586 - DEBUG - https://oauth2.googleapis.com:443 "POST /token HTTP/1.1" 200 None
2025-08-26 08:32:37,541 - INFO - ✅ Configuration loaded from updater.ini
2025-08-26 08:32:37,542 - INFO - ✅ Single instance lock acquired
2025-08-26 08:32:37,542 - INFO - ============================================================
2025-08-26 08:32:37,542 - INFO - 🚀 RMS LATEST RELEASE UPDATER STARTING
2025-08-26 08:32:37,542 - INFO - ============================================================
2025-08-26 08:32:37,543 - INFO - 🔍 Checking for updates using latest release...
2025-08-26 08:32:37,543 - INFO - 🔍 Fetching latest release information from GitHub...
2025-08-26 08:32:37,543 - INFO - 📡 API URL: https://api.github.com/repos/food2g0/Centralized-Image-Uploader/releases/latest
2025-08-26 08:32:37,543 - INFO - 🌐 Attempting to connect to https://api.github.com/repos/food2g0/Centralized-Image-Uploader/releases/latest (attempt 1/3)
2025-08-26 08:32:37,545 - DEBUG - Starting new HTTPS connection (1): api.github.com:443
2025-08-26 08:32:37,947 - DEBUG - https://api.github.com:443 "GET /repos/food2g0/Centralized-Image-Uploader/releases/latest HTTP/1.1" 200 1140
2025-08-26 08:32:37,948 - INFO - ✅ Request successful (Status: 200)
2025-08-26 08:32:37,948 - INFO - 📄 Latest release: 1.1.0
2025-08-26 08:32:37,948 - INFO - 📝 Release name: Update V 1.1.0
2025-08-26 08:32:37,948 - INFO - 📅 Published: 2025-08-23T08:46:32Z
2025-08-26 08:32:37,948 - INFO - ⬇️ Download URL: https://github.com/food2g0/Centralized-Image-Uploader/releases/download/1.1.0/installer.exe
2025-08-26 08:32:37,948 - INFO - 💻 Current version: 1.1.0
2025-08-26 08:32:37,948 - INFO - 📄 Latest version: 1.1.0
2025-08-26 08:32:37,949 - INFO - 🔍 Comparing versions: '1.1.0' vs '1.1.0'
2025-08-26 08:32:37,949 - INFO - ✅ Semantic version comparison: Versions are equal
2025-08-26 08:32:37,949 - INFO - ✅ App is up to date
2025-08-26 08:32:37,949 - INFO - ✅ No updates needed
2025-08-26 08:32:37,949 - INFO - ========================================
2025-08-26 08:32:37,949 - INFO - 🎯 LAUNCHING MAIN APPLICATION
2025-08-26 08:32:37,949 - INFO - ========================================
2025-08-26 08:32:38,352 - DEBUG - This service is instrumented using OpenTelemetry. OpenTelemetry or one of its components could not be imported; please add compatible versions of opentelemetry-api and opentelemetry-instrumentation packages in order to get Storage Tracing data.
2025-08-26 08:32:38,428 - INFO - 📱 Calling login_gui.main()
2025-08-26 08:32:40,415 - DEBUG - Starting new HTTPS connection (1): oauth2.googleapis.com:443
2025-08-26 08:32:40,506 - DEBUG - https://oauth2.googleapis.com:443 "POST /token HTTP/1.1" 200 None
2025-08-26 08:36:35,406 - INFO - ✅ Configuration loaded from updater.ini
2025-08-26 08:36:35,407 - INFO - ✅ Single instance lock acquired
2025-08-26 08:36:35,407 - INFO - ============================================================
2025-08-26 08:36:35,407 - INFO - 🚀 RMS LATEST RELEASE UPDATER STARTING
2025-08-26 08:36:35,407 - INFO - ============================================================
2025-08-26 08:36:35,407 - INFO - 🔍 Checking for updates using latest release...
2025-08-26 08:36:35,408 - INFO - 🔍 Fetching latest release information from GitHub...
2025-08-26 08:36:35,408 - INFO - 📡 API URL: https://api.github.com/repos/food2g0/Centralized-Image-Uploader/releases/latest
2025-08-26 08:36:35,408 - INFO - 🌐 Attempting to connect to https://api.github.com/repos/food2g0/Centralized-Image-Uploader/releases/latest (attempt 1/3)
2025-08-26 08:36:35,409 - DEBUG - Starting new HTTPS connection (1): api.github.com:443
2025-08-26 08:36:35,820 - DEBUG - https://api.github.com:443 "GET /repos/food2g0/Centralized-Image-Uploader/releases/latest HTTP/1.1" 200 1140
2025-08-26 08:36:35,821 - INFO - ✅ Request successful (Status: 200)
2025-08-26 08:36:35,821 - INFO - 📄 Latest release: 1.1.0
2025-08-26 08:36:35,821 - INFO - 📝 Release name: Update V 1.1.0
2025-08-26 08:36:35,821 - INFO - 📅 Published: 2025-08-23T08:46:32Z
2025-08-26 08:36:35,821 - INFO - ⬇️ Download URL: https://github.com/food2g0/Centralized-Image-Uploader/releases/download/1.1.0/installer.exe
2025-08-26 08:36:35,822 - INFO - 💻 Current version: 1.1.0
2025-08-26 08:36:35,822 - INFO - 📄 Latest version: 1.1.0
2025-08-26 08:36:35,822 - INFO - 🔍 Comparing versions: '1.1.0' vs '1.1.0'
2025-08-26 08:36:35,822 - INFO - ✅ Semantic version comparison: Versions are equal
2025-08-26 08:36:35,822 - INFO - ✅ App is up to date
2025-08-26 08:36:35,822 - INFO - ✅ No updates needed
2025-08-26 08:36:35,822 - INFO - ========================================
2025-08-26 08:36:35,822 - INFO - 🎯 LAUNCHING MAIN APPLICATION
2025-08-26 08:36:35,822 - INFO - ========================================
2025-08-26 08:36:36,232 - DEBUG - This service is instrumented using OpenTelemetry. OpenTelemetry or one of its components could not be imported; please add compatible versions of opentelemetry-api and opentelemetry-instrumentation packages in order to get Storage Tracing data.
2025-08-26 08:36:36,308 - INFO - 📱 Calling login_gui.main()
2025-08-26 08:36:37,399 - DEBUG - Starting new HTTPS connection (1): oauth2.googleapis.com:443
2025-08-26 08:36:37,488 - DEBUG - https://oauth2.googleapis.com:443 "POST /token HTTP/1.1" 200 None
2025-08-26 08:44:37,146 - INFO - ✅ Configuration loaded from updater.ini
2025-08-26 08:44:37,147 - INFO - ✅ Single instance lock acquired
2025-08-26 08:44:37,147 - INFO - ============================================================
2025-08-26 08:44:37,147 - INFO - 🚀 RMS LATEST RELEASE UPDATER STARTING
2025-08-26 08:44:37,147 - INFO - ============================================================
2025-08-26 08:44:37,147 - INFO - 🔍 Checking for updates using latest release...
2025-08-26 08:44:37,147 - INFO - 🔍 Fetching latest release information from GitHub...
2025-08-26 08:44:37,147 - INFO - 📡 API URL: https://api.github.com/repos/food2g0/Centralized-Image-Uploader/releases/latest
2025-08-26 08:44:37,148 - INFO - 🌐 Attempting to connect to https://api.github.com/repos/food2g0/Centralized-Image-Uploader/releases/latest (attempt 1/3)
2025-08-26 08:44:37,149 - DEBUG - Starting new HTTPS connection (1): api.github.com:443
2025-08-26 08:44:37,658 - DEBUG - https://api.github.com:443 "GET /repos/food2g0/Centralized-Image-Uploader/releases/latest HTTP/1.1" 200 1140
2025-08-26 08:44:37,659 - INFO - ✅ Request successful (Status: 200)
2025-08-26 08:44:37,659 - INFO - 📄 Latest release: 1.1.0
2025-08-26 08:44:37,659 - INFO - 📝 Release name: Update V 1.1.0
2025-08-26 08:44:37,659 - INFO - 📅 Published: 2025-08-23T08:46:32Z
2025-08-26 08:44:37,659 - INFO - ⬇️ Download URL: https://github.com/food2g0/Centralized-Image-Uploader/releases/download/1.1.0/installer.exe
2025-08-26 08:44:37,660 - INFO - 💻 Current version: 1.1.0
2025-08-26 08:44:37,660 - INFO - 📄 Latest version: 1.1.0
2025-08-26 08:44:37,660 - INFO - 🔍 Comparing versions: '1.1.0' vs '1.1.0'
2025-08-26 08:44:37,660 - INFO - ✅ Semantic version comparison: Versions are equal
2025-08-26 08:44:37,660 - INFO - ✅ App is up to date
2025-08-26 08:44:37,660 - INFO - ✅ No updates needed
2025-08-26 08:44:37,660 - INFO - ========================================
2025-08-26 08:44:37,660 - INFO - 🎯 LAUNCHING MAIN APPLICATION
2025-08-26 08:44:37,661 - INFO - ========================================
2025-08-26 08:44:38,226 - DEBUG - This service is instrumented using OpenTelemetry. OpenTelemetry or one of its components could not be imported; please add compatible versions of opentelemetry-api and opentelemetry-instrumentation packages in order to get Storage Tracing data.
2025-08-26 08:44:38,430 - INFO - 📱 Calling login_gui.main()
2025-08-26 08:44:40,011 - DEBUG - Starting new HTTPS connection (1): oauth2.googleapis.com:443
2025-08-26 08:44:40,101 - DEBUG - https://oauth2.googleapis.com:443 "POST /token HTTP/1.1" 200 None
2025-08-26 08:52:03,960 - INFO - ✅ Configuration loaded from updater.ini
2025-08-26 08:52:03,961 - INFO - ✅ Single instance lock acquired
2025-08-26 08:52:03,961 - INFO - ============================================================
2025-08-26 08:52:03,961 - INFO - 🚀 RMS LATEST RELEASE UPDATER STARTING
2025-08-26 08:52:03,961 - INFO - ============================================================
2025-08-26 08:52:03,961 - INFO - 🔍 Checking for updates using latest release...
2025-08-26 08:52:03,961 - INFO - 🔍 Fetching latest release information from GitHub...
2025-08-26 08:52:03,961 - INFO - 📡 API URL: https://api.github.com/repos/food2g0/Centralized-Image-Uploader/releases/latest
2025-08-26 08:52:03,962 - INFO - 🌐 Attempting to connect to https://api.github.com/repos/food2g0/Centralized-Image-Uploader/releases/latest (attempt 1/3)
2025-08-26 08:52:03,963 - DEBUG - Starting new HTTPS connection (1): api.github.com:443
2025-08-26 08:52:04,359 - DEBUG - https://api.github.com:443 "GET /repos/food2g0/Centralized-Image-Uploader/releases/latest HTTP/1.1" 200 1140
2025-08-26 08:52:04,360 - INFO - ✅ Request successful (Status: 200)
2025-08-26 08:52:04,360 - INFO - 📄 Latest release: 1.1.0
2025-08-26 08:52:04,360 - INFO - 📝 Release name: Update V 1.1.0
2025-08-26 08:52:04,360 - INFO - 📅 Published: 2025-08-23T08:46:32Z
2025-08-26 08:52:04,360 - INFO - ⬇️ Download URL: https://github.com/food2g0/Centralized-Image-Uploader/releases/download/1.1.0/installer.exe
2025-08-26 08:52:04,361 - INFO - 💻 Current version: 1.1.0
2025-08-26 08:52:04,361 - INFO - 📄 Latest version: 1.1.0
2025-08-26 08:52:04,361 - INFO - 🔍 Comparing versions: '1.1.0' vs '1.1.0'
2025-08-26 08:52:04,361 - INFO - ✅ Semantic version comparison: Versions are equal
2025-08-26 08:52:04,361 - INFO - ✅ App is up to date
2025-08-26 08:52:04,361 - INFO - ✅ No updates needed
2025-08-26 08:52:04,361 - INFO - ========================================
2025-08-26 08:52:04,361 - INFO - 🎯 LAUNCHING MAIN APPLICATION
2025-08-26 08:52:04,361 - INFO - ========================================
2025-08-26 08:52:04,776 - DEBUG - This service is instrumented using OpenTelemetry. OpenTelemetry or one of its components could not be imported; please add compatible versions of opentelemetry-api and opentelemetry-instrumentation packages in order to get Storage Tracing data.
2025-08-26 08:52:04,854 - INFO - 📱 Calling login_gui.main()
2025-08-26 08:52:06,394 - DEBUG - Starting new HTTPS connection (1): oauth2.googleapis.com:443
2025-08-26 08:52:06,487 - DEBUG - https://oauth2.googleapis.com:443 "POST /token HTTP/1.1" 200 None
2025-08-26 09:50:49,759 - DEBUG - Resetting dropped connection: oauth2.googleapis.com
2025-08-26 09:50:49,850 - DEBUG - https://oauth2.googleapis.com:443 "POST /token HTTP/1.1" 200 None
2025-08-26 10:34:29,099 - DEBUG - Starting new HTTPS connection (1): storage.googleapis.com:443
2025-08-26 10:34:29,307 - DEBUG - https://storage.googleapis.com:443 "GET /records-management-faffa.firebasestorage.app/KALIBO%20AKLAN%2F2025-08-08_1755052668_E%20TOLENTINO%2C%20A%20REVESTIR.jfif HTTP/1.1" 200 538832
2025-08-26 10:47:09,470 - DEBUG - Resetting dropped connection: oauth2.googleapis.com
2025-08-26 10:47:09,561 - DEBUG - https://oauth2.googleapis.com:443 "POST /token HTTP/1.1" 200 None
2025-08-26 10:50:14,533 - INFO - ✅ Configuration loaded from updater.ini
2025-08-26 10:50:14,534 - INFO - ✅ Single instance lock acquired
2025-08-26 10:50:14,534 - INFO - ============================================================
2025-08-26 10:50:14,534 - INFO - 🚀 RMS LATEST RELEASE UPDATER STARTING
2025-08-26 10:50:14,534 - INFO - ============================================================
2025-08-26 10:50:14,534 - INFO - 🔍 Checking for updates using latest release...
2025-08-26 10:50:14,534 - INFO - 🔍 Fetching latest release information from GitHub...
2025-08-26 10:50:14,534 - INFO - 📡 API URL: https://api.github.com/repos/food2g0/Centralized-Image-Uploader/releases/latest
2025-08-26 10:50:14,534 - INFO - 🌐 Attempting to connect to https://api.github.com/repos/food2g0/Centralized-Image-Uploader/releases/latest (attempt 1/3)
2025-08-26 10:50:14,536 - DEBUG - Starting new HTTPS connection (1): api.github.com:443
2025-08-26 10:50:14,933 - DEBUG - https://api.github.com:443 "GET /repos/food2g0/Centralized-Image-Uploader/releases/latest HTTP/1.1" 200 None
2025-08-26 10:50:14,933 - INFO - ✅ Request successful (Status: 200)
2025-08-26 10:50:14,934 - INFO - 📄 Latest release: 1.1.0
2025-08-26 10:50:14,934 - INFO - 📝 Release name: Update V 1.1.0
2025-08-26 10:50:14,934 - INFO - 📅 Published: 2025-08-23T08:46:32Z
2025-08-26 10:50:14,934 - INFO - ⬇️ Download URL: https://github.com/food2g0/Centralized-Image-Uploader/releases/download/1.1.0/installer.exe
2025-08-26 10:50:14,934 - INFO - 💻 Current version: 1.1.0
2025-08-26 10:50:14,934 - INFO - 📄 Latest version: 1.1.0
2025-08-26 10:50:14,934 - INFO - 🔍 Comparing versions: '1.1.0' vs '1.1.0'
2025-08-26 10:50:14,935 - INFO - ✅ Semantic version comparison: Versions are equal
2025-08-26 10:50:14,935 - INFO - ✅ App is up to date
2025-08-26 10:50:14,935 - INFO - ✅ No updates needed
2025-08-26 10:50:14,935 - INFO - ========================================
2025-08-26 10:50:14,935 - INFO - 🎯 LAUNCHING MAIN APPLICATION
2025-08-26 10:50:14,935 - INFO - ========================================
2025-08-26 10:50:15,854 - DEBUG - This service is instrumented using OpenTelemetry. OpenTelemetry or one of its components could not be imported; please add compatible versions of opentelemetry-api and opentelemetry-instrumentation packages in order to get Storage Tracing data.
2025-08-26 10:50:16,029 - INFO - 📱 Calling login_gui.main()
2025-08-26 10:50:19,336 - DEBUG - Starting new HTTPS connection (1): oauth2.googleapis.com:443
2025-08-26 10:50:19,423 - DEBUG - https://oauth2.googleapis.com:443 "POST /token HTTP/1.1" 200 None
2025-08-26 11:32:11,352 - INFO - ✅ Configuration loaded from updater.ini
2025-08-26 11:32:11,577 - INFO - ✅ Single instance lock acquired
2025-08-26 11:32:11,798 - INFO - ============================================================
2025-08-26 11:32:11,805 - INFO - 🚀 RMS LATEST RELEASE UPDATER STARTING
2025-08-26 11:32:11,806 - INFO - ============================================================
2025-08-26 11:32:11,806 - INFO - 🔍 Checking for updates using latest release...
2025-08-26 11:32:11,806 - INFO - 🔍 Fetching latest release information from GitHub...
2025-08-26 11:32:11,807 - INFO - 📡 API URL: https://api.github.com/repos/food2g0/Centralized-Image-Uploader/releases/latest
2025-08-26 11:32:11,807 - INFO - 🌐 Attempting to connect to https://api.github.com/repos/food2g0/Centralized-Image-Uploader/releases/latest (attempt 1/3)
2025-08-26 11:32:11,810 - DEBUG - Starting new HTTPS connection (1): api.github.com:443
2025-08-26 11:32:12,343 - DEBUG - https://api.github.com:443 "GET /repos/food2g0/Centralized-Image-Uploader/releases/latest HTTP/1.1" 200 1140
2025-08-26 11:32:12,344 - INFO - ✅ Request successful (Status: 200)
2025-08-26 11:32:12,344 - INFO - 📄 Latest release: 1.1.0
2025-08-26 11:32:12,344 - INFO - 📝 Release name: Update V 1.1.0
2025-08-26 11:32:12,344 - INFO - 📅 Published: 2025-08-23T08:46:32Z
2025-08-26 11:32:12,344 - INFO - ⬇️ Download URL: https://github.com/food2g0/Centralized-Image-Uploader/releases/download/1.1.0/installer.exe
2025-08-26 11:32:12,344 - INFO - 💻 Current version: 1.1.0
2025-08-26 11:32:12,345 - INFO - 📄 Latest version: 1.1.0
2025-08-26 11:32:12,345 - INFO - 🔍 Comparing versions: '1.1.0' vs '1.1.0'
2025-08-26 11:32:12,345 - INFO - ✅ Semantic version comparison: Versions are equal
2025-08-26 11:32:12,345 - INFO - ✅ App is up to date
2025-08-26 11:32:12,345 - INFO - ✅ No updates needed
2025-08-26 11:32:12,345 - INFO - ========================================
2025-08-26 11:32:12,345 - INFO - 🎯 LAUNCHING MAIN APPLICATION
2025-08-26 11:32:12,345 - INFO - ========================================
2025-08-26 11:32:12,786 - DEBUG - This service is instrumented using OpenTelemetry. OpenTelemetry or one of its components could not be imported; please add compatible versions of opentelemetry-api and opentelemetry-instrumentation packages in order to get Storage Tracing data.
2025-08-26 11:32:12,872 - INFO - 📱 Calling login_gui.main()
2025-08-26 11:32:14,301 - DEBUG - Starting new HTTPS connection (1): oauth2.googleapis.com:443
2025-08-26 11:32:14,417 - DEBUG - https://oauth2.googleapis.com:443 "POST /token HTTP/1.1" 200 None
2025-08-26 11:37:58,614 - INFO - ✅ Configuration loaded from updater.ini
2025-08-26 11:37:58,616 - INFO - ✅ Single instance lock acquired
2025-08-26 11:37:58,616 - INFO - ============================================================
2025-08-26 11:37:58,617 - INFO - 🚀 RMS LATEST RELEASE UPDATER STARTING
2025-08-26 11:37:58,617 - INFO - ============================================================
2025-08-26 11:37:58,617 - INFO - 🔍 Checking for updates using latest release...
2025-08-26 11:37:58,618 - INFO - 🔍 Fetching latest release information from GitHub...
2025-08-26 11:37:58,618 - INFO - 📡 API URL: https://api.github.com/repos/food2g0/Centralized-Image-Uploader/releases/latest
2025-08-26 11:37:58,618 - INFO - 🌐 Attempting to connect to https://api.github.com/repos/food2g0/Centralized-Image-Uploader/releases/latest (attempt 1/3)
2025-08-26 11:37:58,620 - DEBUG - Starting new HTTPS connection (1): api.github.com:443
2025-08-26 11:37:59,139 - DEBUG - https://api.github.com:443 "GET /repos/food2g0/Centralized-Image-Uploader/releases/latest HTTP/1.1" 200 1140
2025-08-26 11:37:59,144 - INFO - ✅ Request successful (Status: 200)
2025-08-26 11:37:59,146 - INFO - 📄 Latest release: 1.1.0
2025-08-26 11:37:59,146 - INFO - 📝 Release name: Update V 1.1.0
2025-08-26 11:37:59,147 - INFO - 📅 Published: 2025-08-23T08:46:32Z
2025-08-26 11:37:59,147 - INFO - ⬇️ Download URL: https://github.com/food2g0/Centralized-Image-Uploader/releases/download/1.1.0/installer.exe
2025-08-26 11:37:59,148 - INFO - 💻 Current version: 1.1.0
2025-08-26 11:37:59,259 - INFO - 📄 Latest version: 1.1.0
2025-08-26 11:37:59,259 - INFO - 🔍 Comparing versions: '1.1.0' vs '1.1.0'
2025-08-26 11:37:59,260 - INFO - ✅ Semantic version comparison: Versions are equal
2025-08-26 11:37:59,260 - INFO - ✅ App is up to date
2025-08-26 11:37:59,260 - INFO - ✅ No updates needed
2025-08-26 11:37:59,261 - INFO - ========================================
2025-08-26 11:37:59,261 - INFO - 🎯 LAUNCHING MAIN APPLICATION
2025-08-26 11:37:59,261 - INFO - ========================================
2025-08-26 11:37:59,724 - DEBUG - This service is instrumented using OpenTelemetry. OpenTelemetry or one of its components could not be imported; please add compatible versions of opentelemetry-api and opentelemetry-instrumentation packages in order to get Storage Tracing data.
2025-08-26 11:37:59,804 - INFO - 📱 Calling login_gui.main()
2025-08-26 11:38:01,004 - DEBUG - Starting new HTTPS connection (1): oauth2.googleapis.com:443
2025-08-26 11:38:01,093 - DEBUG - https://oauth2.googleapis.com:443 "POST /token HTTP/1.1" 200 None
2025-08-26 11:54:07,448 - INFO - ✅ Configuration loaded from updater.ini
2025-08-26 11:54:07,449 - INFO - ✅ Single instance lock acquired
2025-08-26 11:54:07,449 - INFO - ============================================================
2025-08-26 11:54:07,449 - INFO - 🚀 RMS LATEST RELEASE UPDATER STARTING
2025-08-26 11:54:07,449 - INFO - ============================================================
2025-08-26 11:54:07,449 - INFO - 🔍 Checking for updates using latest release...
2025-08-26 11:54:07,449 - INFO - 🔍 Fetching latest release information from GitHub...
2025-08-26 11:54:07,449 - INFO - 📡 API URL: https://api.github.com/repos/food2g0/Centralized-Image-Uploader/releases/latest
2025-08-26 11:54:07,449 - INFO - 🌐 Attempting to connect to https://api.github.com/repos/food2g0/Centralized-Image-Uploader/releases/latest (attempt 1/3)
2025-08-26 11:54:07,451 - DEBUG - Starting new HTTPS connection (1): api.github.com:443
2025-08-26 11:54:07,936 - DEBUG - https://api.github.com:443 "GET /repos/food2g0/Centralized-Image-Uploader/releases/latest HTTP/1.1" 200 None
2025-08-26 11:54:07,937 - INFO - ✅ Request successful (Status: 200)
2025-08-26 11:54:07,937 - INFO - 📄 Latest release: 1.1.0
2025-08-26 11:54:07,937 - INFO - 📝 Release name: Update V 1.1.0
2025-08-26 11:54:07,937 - INFO - 📅 Published: 2025-08-23T08:46:32Z
2025-08-26 11:54:07,938 - INFO - ⬇️ Download URL: https://github.com/food2g0/Centralized-Image-Uploader/releases/download/1.1.0/installer.exe
2025-08-26 11:54:07,938 - INFO - 💻 Current version: 1.1.0
2025-08-26 11:54:07,938 - INFO - 📄 Latest version: 1.1.0
2025-08-26 11:54:07,938 - INFO - 🔍 Comparing versions: '1.1.0' vs '1.1.0'
2025-08-26 11:54:07,938 - INFO - ✅ Semantic version comparison: Versions are equal
2025-08-26 11:54:07,938 - INFO - ✅ App is up to date
2025-08-26 11:54:07,938 - INFO - ✅ No updates needed
2025-08-26 11:54:07,938 - INFO - ========================================
2025-08-26 11:54:07,938 - INFO - 🎯 LAUNCHING MAIN APPLICATION
2025-08-26 11:54:07,938 - INFO - ========================================
2025-08-26 11:54:08,362 - DEBUG - This service is instrumented using OpenTelemetry. OpenTelemetry or one of its components could not be imported; please add compatible versions of opentelemetry-api and opentelemetry-instrumentation packages in order to get Storage Tracing data.
2025-08-26 11:54:08,441 - INFO - 📱 Calling login_gui.main()
2025-08-26 11:54:10,068 - DEBUG - Starting new HTTPS connection (1): oauth2.googleapis.com:443
2025-08-26 11:54:10,158 - DEBUG - https://oauth2.googleapis.com:443 "POST /token HTTP/1.1" 200 None
2025-08-26 12:35:22,370 - INFO - ✅ Configuration loaded from updater.ini
2025-08-26 12:35:22,370 - INFO - ✅ Single instance lock acquired
2025-08-26 12:35:22,371 - INFO - ============================================================
2025-08-26 12:35:22,371 - INFO - 🚀 RMS LATEST RELEASE UPDATER STARTING
2025-08-26 12:35:22,371 - INFO - ============================================================
2025-08-26 12:35:22,371 - INFO - 🔍 Checking for updates using latest release...
2025-08-26 12:35:22,371 - INFO - 🔍 Fetching latest release information from GitHub...
2025-08-26 12:35:22,371 - INFO - 📡 API URL: https://api.github.com/repos/food2g0/Centralized-Image-Uploader/releases/latest
2025-08-26 12:35:22,371 - INFO - 🌐 Attempting to connect to https://api.github.com/repos/food2g0/Centralized-Image-Uploader/releases/latest (attempt 1/3)
2025-08-26 12:35:22,372 - DEBUG - Starting new HTTPS connection (1): api.github.com:443
2025-08-26 12:35:22,778 - DEBUG - https://api.github.com:443 "GET /repos/food2g0/Centralized-Image-Uploader/releases/latest HTTP/1.1" 200 1140
2025-08-26 12:35:22,779 - INFO - ✅ Request successful (Status: 200)
2025-08-26 12:35:22,779 - INFO - 📄 Latest release: 1.1.0
2025-08-26 12:35:22,779 - INFO - 📝 Release name: Update V 1.1.0
2025-08-26 12:35:22,779 - INFO - 📅 Published: 2025-08-23T08:46:32Z
2025-08-26 12:35:22,779 - INFO - ⬇️ Download URL: https://github.com/food2g0/Centralized-Image-Uploader/releases/download/1.1.0/installer.exe
2025-08-26 12:35:22,780 - INFO - 💻 Current version: 1.1.0
2025-08-26 12:35:22,780 - INFO - 📄 Latest version: 1.1.0
2025-08-26 12:35:22,780 - INFO - 🔍 Comparing versions: '1.1.0' vs '1.1.0'
2025-08-26 12:35:22,780 - INFO - ✅ Semantic version comparison: Versions are equal
2025-08-26 12:35:22,780 - INFO - ✅ App is up to date
2025-08-26 12:35:22,780 - INFO - ✅ No updates needed
2025-08-26 12:35:22,780 - INFO - ========================================
2025-08-26 12:35:22,780 - INFO - 🎯 LAUNCHING MAIN APPLICATION
2025-08-26 12:35:22,780 - INFO - ========================================
2025-08-26 12:35:23,195 - DEBUG - This service is instrumented using OpenTelemetry. OpenTelemetry or one of its components could not be imported; please add compatible versions of opentelemetry-api and opentelemetry-instrumentation packages in order to get Storage Tracing data.
2025-08-26 12:35:23,271 - INFO - 📱 Calling login_gui.main()
2025-08-26 13:20:21,759 - INFO - ✅ Configuration loaded from updater.ini
2025-08-26 13:20:21,760 - INFO - ✅ Single instance lock acquired
2025-08-26 13:20:21,760 - INFO - ============================================================
2025-08-26 13:20:21,761 - INFO - 🚀 RMS LATEST RELEASE UPDATER STARTING
2025-08-26 13:20:21,761 - INFO - ============================================================
2025-08-26 13:20:21,761 - INFO - 🔍 Checking for updates using latest release...
2025-08-26 13:20:21,761 - INFO - 🔍 Fetching latest release information from GitHub...
2025-08-26 13:20:21,761 - INFO - 📡 API URL: https://api.github.com/repos/food2g0/Centralized-Image-Uploader/releases/latest
2025-08-26 13:20:21,761 - INFO - 🌐 Attempting to connect to https://api.github.com/repos/food2g0/Centralized-Image-Uploader/releases/latest (attempt 1/3)
2025-08-26 13:20:21,765 - DEBUG - Starting new HTTPS connection (1): api.github.com:443
2025-08-26 13:20:22,167 - DEBUG - https://api.github.com:443 "GET /repos/food2g0/Centralized-Image-Uploader/releases/latest HTTP/1.1" 200 1140
2025-08-26 13:20:22,168 - INFO - ✅ Request successful (Status: 200)
2025-08-26 13:20:22,169 - INFO - 📄 Latest release: 1.1.0
2025-08-26 13:20:22,169 - INFO - 📝 Release name: Update V 1.1.0
2025-08-26 13:20:22,169 - INFO - 📅 Published: 2025-08-23T08:46:32Z
2025-08-26 13:20:22,169 - INFO - ⬇️ Download URL: https://github.com/food2g0/Centralized-Image-Uploader/releases/download/1.1.0/installer.exe
2025-08-26 13:20:22,170 - INFO - 💻 Current version: 1.1.0
2025-08-26 13:20:22,170 - INFO - 📄 Latest version: 1.1.0
2025-08-26 13:20:22,170 - INFO - 🔍 Comparing versions: '1.1.0' vs '1.1.0'
2025-08-26 13:20:22,170 - INFO - ✅ Semantic version comparison: Versions are equal
2025-08-26 13:20:22,170 - INFO - ✅ App is up to date
2025-08-26 13:20:22,170 - INFO - ✅ No updates needed
2025-08-26 13:20:22,170 - INFO - ========================================
2025-08-26 13:20:22,170 - INFO - 🎯 LAUNCHING MAIN APPLICATION
2025-08-26 13:20:22,171 - INFO - ========================================
2025-08-26 13:20:23,889 - DEBUG - This service is instrumented using OpenTelemetry. OpenTelemetry or one of its components could not be imported; please add compatible versions of opentelemetry-api and opentelemetry-instrumentation packages in order to get Storage Tracing data.
2025-08-26 13:20:24,176 - INFO - 📱 Calling login_gui.main()
2025-08-26 13:20:34,894 - DEBUG - Starting new HTTPS connection (1): oauth2.googleapis.com:443
2025-08-26 13:20:34,983 - DEBUG - https://oauth2.googleapis.com:443 "POST /token HTTP/1.1" 200 None
2025-08-26 13:21:35,484 - INFO - ✅ Configuration loaded from updater.ini
2025-08-26 13:21:35,484 - INFO - ✅ Single instance lock acquired
2025-08-26 13:21:35,485 - INFO - ============================================================
2025-08-26 13:21:35,485 - INFO - 🚀 RMS LATEST RELEASE UPDATER STARTING
2025-08-26 13:21:35,485 - INFO - ============================================================
2025-08-26 13:21:35,485 - INFO - 🔍 Checking for updates using latest release...
2025-08-26 13:21:35,485 - INFO - 🔍 Fetching latest release information from GitHub...
2025-08-26 13:21:35,485 - INFO - 📡 API URL: https://api.github.com/repos/food2g0/Centralized-Image-Uploader/releases/latest
2025-08-26 13:21:35,485 - INFO - 🌐 Attempting to connect to https://api.github.com/repos/food2g0/Centralized-Image-Uploader/releases/latest (attempt 1/3)
2025-08-26 13:21:35,487 - DEBUG - Starting new HTTPS connection (1): api.github.com:443
2025-08-26 13:21:35,878 - DEBUG - https://api.github.com:443 "GET /repos/food2g0/Centralized-Image-Uploader/releases/latest HTTP/1.1" 200 1140
2025-08-26 13:21:35,878 - INFO - ✅ Request successful (Status: 200)
2025-08-26 13:21:35,879 - INFO - 📄 Latest release: 1.1.0
2025-08-26 13:21:35,879 - INFO - 📝 Release name: Update V 1.1.0
2025-08-26 13:21:35,879 - INFO - 📅 Published: 2025-08-23T08:46:32Z
2025-08-26 13:21:35,879 - INFO - ⬇️ Download URL: https://github.com/food2g0/Centralized-Image-Uploader/releases/download/1.1.0/installer.exe
2025-08-26 13:21:35,879 - INFO - 💻 Current version: 1.1.0
2025-08-26 13:21:35,879 - INFO - 📄 Latest version: 1.1.0
2025-08-26 13:21:35,879 - INFO - 🔍 Comparing versions: '1.1.0' vs '1.1.0'
2025-08-26 13:21:35,880 - INFO - ✅ Semantic version comparison: Versions are equal
2025-08-26 13:21:35,880 - INFO - ✅ App is up to date
2025-08-26 13:21:35,880 - INFO - ✅ No updates needed
2025-08-26 13:21:35,880 - INFO - ========================================
2025-08-26 13:21:35,880 - INFO - 🎯 LAUNCHING MAIN APPLICATION
2025-08-26 13:21:35,880 - INFO - ========================================
2025-08-26 13:21:36,306 - DEBUG - This service is instrumented using OpenTelemetry. OpenTelemetry or one of its components could not be imported; please add compatible versions of opentelemetry-api and opentelemetry-instrumentation packages in order to get Storage Tracing data.
2025-08-26 13:21:36,383 - INFO - 📱 Calling login_gui.main()
2025-08-26 13:21:37,594 - DEBUG - Starting new HTTPS connection (1): oauth2.googleapis.com:443
2025-08-26 13:21:37,682 - DEBUG - https://oauth2.googleapis.com:443 "POST /token HTTP/1.1" 200 None
2025-08-26 13:21:49,861 - DEBUG - Starting new HTTPS connection (1): firebasestorage.googleapis.com:443
2025-08-26 13:21:50,558 - DEBUG - https://firebasestorage.googleapis.com:443 "POST /v0/b/records-management-faffa.firebasestorage.app/o?name=Cash%20Management/2025-08-26_1756185709_0_DRAFT%20FT%20BSP%202025.pdf HTTP/1.1" 200 662
2025-08-26 13:24:53,096 - INFO - ✅ Configuration loaded from updater.ini
2025-08-26 13:24:53,096 - INFO - ✅ Single instance lock acquired
2025-08-26 13:24:53,097 - INFO - ============================================================
2025-08-26 13:24:53,097 - INFO - 🚀 RMS LATEST RELEASE UPDATER STARTING
2025-08-26 13:24:53,097 - INFO - ============================================================
2025-08-26 13:24:53,097 - INFO - 🔍 Checking for updates using latest release...
2025-08-26 13:24:53,097 - INFO - 🔍 Fetching latest release information from GitHub...
2025-08-26 13:24:53,097 - INFO - 📡 API URL: https://api.github.com/repos/food2g0/Centralized-Image-Uploader/releases/latest
2025-08-26 13:24:53,097 - INFO - 🌐 Attempting to connect to https://api.github.com/repos/food2g0/Centralized-Image-Uploader/releases/latest (attempt 1/3)
2025-08-26 13:24:53,099 - DEBUG - Starting new HTTPS connection (1): api.github.com:443
2025-08-26 13:24:53,565 - DEBUG - https://api.github.com:443 "GET /repos/food2g0/Centralized-Image-Uploader/releases/latest HTTP/1.1" 200 None
2025-08-26 13:24:53,566 - INFO - ✅ Request successful (Status: 200)
2025-08-26 13:24:53,566 - INFO - 📄 Latest release: 1.1.0
2025-08-26 13:24:53,566 - INFO - 📝 Release name: Update V 1.1.0
2025-08-26 13:24:53,566 - INFO - 📅 Published: 2025-08-23T08:46:32Z
2025-08-26 13:24:53,566 - INFO - ⬇️ Download URL: https://github.com/food2g0/Centralized-Image-Uploader/releases/download/1.1.0/installer.exe
2025-08-26 13:24:53,566 - INFO - 💻 Current version: 1.1.0
2025-08-26 13:24:53,567 - INFO - 📄 Latest version: 1.1.0
2025-08-26 13:24:53,567 - INFO - 🔍 Comparing versions: '1.1.0' vs '1.1.0'
2025-08-26 13:24:53,567 - INFO - ✅ Semantic version comparison: Versions are equal
2025-08-26 13:24:53,567 - INFO - ✅ App is up to date
2025-08-26 13:24:53,567 - INFO - ✅ No updates needed
2025-08-26 13:24:53,567 - INFO - ========================================
2025-08-26 13:24:53,567 - INFO - 🎯 LAUNCHING MAIN APPLICATION
2025-08-26 13:24:53,567 - INFO - ========================================
2025-08-26 13:24:54,000 - DEBUG - This service is instrumented using OpenTelemetry. OpenTelemetry or one of its components could not be imported; please add compatible versions of opentelemetry-api and opentelemetry-instrumentation packages in order to get Storage Tracing data.
2025-08-26 13:24:54,081 - INFO - 📱 Calling login_gui.main()
2025-08-26 13:24:55,402 - DEBUG - Starting new HTTPS connection (1): oauth2.googleapis.com:443
2025-08-26 13:24:55,487 - DEBUG - https://oauth2.googleapis.com:443 "POST /token HTTP/1.1" 200 None
2025-08-26 13:26:59,601 - INFO - ✅ Configuration loaded from updater.ini
2025-08-26 13:26:59,601 - INFO - ✅ Single instance lock acquired
2025-08-26 13:26:59,601 - INFO - ============================================================
2025-08-26 13:26:59,601 - INFO - 🚀 RMS LATEST RELEASE UPDATER STARTING
2025-08-26 13:26:59,602 - INFO - ============================================================
2025-08-26 13:26:59,602 - INFO - 🔍 Checking for updates using latest release...
2025-08-26 13:26:59,602 - INFO - 🔍 Fetching latest release information from GitHub...
2025-08-26 13:26:59,602 - INFO - 📡 API URL: https://api.github.com/repos/food2g0/Centralized-Image-Uploader/releases/latest
2025-08-26 13:26:59,602 - INFO - 🌐 Attempting to connect to https://api.github.com/repos/food2g0/Centralized-Image-Uploader/releases/latest (attempt 1/3)
2025-08-26 13:26:59,603 - DEBUG - Starting new HTTPS connection (1): api.github.com:443
2025-08-26 13:27:00,066 - DEBUG - https://api.github.com:443 "GET /repos/food2g0/Centralized-Image-Uploader/releases/latest HTTP/1.1" 200 None
2025-08-26 13:27:00,066 - INFO - ✅ Request successful (Status: 200)
2025-08-26 13:27:00,067 - INFO - 📄 Latest release: 1.1.0
2025-08-26 13:27:00,067 - INFO - 📝 Release name: Update V 1.1.0
2025-08-26 13:27:00,067 - INFO - 📅 Published: 2025-08-23T08:46:32Z
2025-08-26 13:27:00,067 - INFO - ⬇️ Download URL: https://github.com/food2g0/Centralized-Image-Uploader/releases/download/1.1.0/installer.exe
2025-08-26 13:27:00,067 - INFO - 💻 Current version: 1.1.0
2025-08-26 13:27:00,067 - INFO - 📄 Latest version: 1.1.0
2025-08-26 13:27:00,067 - INFO - 🔍 Comparing versions: '1.1.0' vs '1.1.0'
2025-08-26 13:27:00,068 - INFO - ✅ Semantic version comparison: Versions are equal
2025-08-26 13:27:00,068 - INFO - ✅ App is up to date
2025-08-26 13:27:00,068 - INFO - ✅ No updates needed
2025-08-26 13:27:00,068 - INFO - ========================================
2025-08-26 13:27:00,068 - INFO - 🎯 LAUNCHING MAIN APPLICATION
2025-08-26 13:27:00,068 - INFO - ========================================
2025-08-26 13:27:00,491 - DEBUG - This service is instrumented using OpenTelemetry. OpenTelemetry or one of its components could not be imported; please add compatible versions of opentelemetry-api and opentelemetry-instrumentation packages in order to get Storage Tracing data.
2025-08-26 13:27:00,569 - INFO - 📱 Calling login_gui.main()
2025-08-26 13:27:01,754 - DEBUG - Starting new HTTPS connection (1): oauth2.googleapis.com:443
2025-08-26 13:27:01,866 - DEBUG - https://oauth2.googleapis.com:443 "POST /token HTTP/1.1" 200 None
2025-08-26 13:28:44,439 - INFO - ✅ Configuration loaded from updater.ini
2025-08-26 13:28:44,439 - INFO - ✅ Single instance lock acquired
2025-08-26 13:28:44,440 - INFO - ============================================================
2025-08-26 13:28:44,440 - INFO - 🚀 RMS LATEST RELEASE UPDATER STARTING
2025-08-26 13:28:44,440 - INFO - ============================================================
2025-08-26 13:28:44,440 - INFO - 🔍 Checking for updates using latest release...
2025-08-26 13:28:44,440 - INFO - 🔍 Fetching latest release information from GitHub...
2025-08-26 13:28:44,440 - INFO - 📡 API URL: https://api.github.com/repos/food2g0/Centralized-Image-Uploader/releases/latest
2025-08-26 13:28:44,440 - INFO - 🌐 Attempting to connect to https://api.github.com/repos/food2g0/Centralized-Image-Uploader/releases/latest (attempt 1/3)
2025-08-26 13:28:44,442 - DEBUG - Starting new HTTPS connection (1): api.github.com:443
2025-08-26 13:28:44,867 - DEBUG - https://api.github.com:443 "GET /repos/food2g0/Centralized-Image-Uploader/releases/latest HTTP/1.1" 200 1140
2025-08-26 13:28:44,867 - INFO - ✅ Request successful (Status: 200)
2025-08-26 13:28:44,867 - INFO - 📄 Latest release: 1.1.0
2025-08-26 13:28:44,867 - INFO - 📝 Release name: Update V 1.1.0
2025-08-26 13:28:44,868 - INFO - 📅 Published: 2025-08-23T08:46:32Z
2025-08-26 13:28:44,868 - INFO - ⬇️ Download URL: https://github.com/food2g0/Centralized-Image-Uploader/releases/download/1.1.0/installer.exe
2025-08-26 13:28:44,868 - INFO - 💻 Current version: 1.1.0
2025-08-26 13:28:44,868 - INFO - 📄 Latest version: 1.1.0
2025-08-26 13:28:44,868 - INFO - 🔍 Comparing versions: '1.1.0' vs '1.1.0'
2025-08-26 13:28:44,868 - INFO - ✅ Semantic version comparison: Versions are equal
2025-08-26 13:28:44,868 - INFO - ✅ App is up to date
2025-08-26 13:28:44,868 - INFO - ✅ No updates needed
2025-08-26 13:28:44,869 - INFO - ========================================
2025-08-26 13:28:44,869 - INFO - 🎯 LAUNCHING MAIN APPLICATION
2025-08-26 13:28:44,869 - INFO - ========================================
2025-08-26 13:28:45,305 - DEBUG - This service is instrumented using OpenTelemetry. OpenTelemetry or one of its components could not be imported; please add compatible versions of opentelemetry-api and opentelemetry-instrumentation packages in order to get Storage Tracing data.
2025-08-26 13:28:45,384 - INFO - 📱 Calling login_gui.main()
2025-08-26 13:28:46,476 - DEBUG - Starting new HTTPS connection (1): oauth2.googleapis.com:443
2025-08-26 13:28:46,572 - DEBUG - https://oauth2.googleapis.com:443 "POST /token HTTP/1.1" 200 None
2025-08-26 13:29:44,966 - INFO - ✅ Configuration loaded from updater.ini
2025-08-26 13:29:44,967 - INFO - ✅ Single instance lock acquired
2025-08-26 13:29:44,967 - INFO - ============================================================
2025-08-26 13:29:44,967 - INFO - 🚀 RMS LATEST RELEASE UPDATER STARTING
2025-08-26 13:29:44,967 - INFO - ============================================================
2025-08-26 13:29:44,967 - INFO - 🔍 Checking for updates using latest release...
2025-08-26 13:29:44,967 - INFO - 🔍 Fetching latest release information from GitHub...
2025-08-26 13:29:44,967 - INFO - 📡 API URL: https://api.github.com/repos/food2g0/Centralized-Image-Uploader/releases/latest
2025-08-26 13:29:44,967 - INFO - 🌐 Attempting to connect to https://api.github.com/repos/food2g0/Centralized-Image-Uploader/releases/latest (attempt 1/3)
2025-08-26 13:29:44,969 - DEBUG - Starting new HTTPS connection (1): api.github.com:443
2025-08-26 13:29:45,373 - DEBUG - https://api.github.com:443 "GET /repos/food2g0/Centralized-Image-Uploader/releases/latest HTTP/1.1" 200 1140
2025-08-26 13:29:45,374 - INFO - ✅ Request successful (Status: 200)
2025-08-26 13:29:45,374 - INFO - 📄 Latest release: 1.1.0
2025-08-26 13:29:45,374 - INFO - 📝 Release name: Update V 1.1.0
2025-08-26 13:29:45,374 - INFO - 📅 Published: 2025-08-23T08:46:32Z
2025-08-26 13:29:45,374 - INFO - ⬇️ Download URL: https://github.com/food2g0/Centralized-Image-Uploader/releases/download/1.1.0/installer.exe
2025-08-26 13:29:45,374 - INFO - 💻 Current version: 1.1.0
2025-08-26 13:29:45,374 - INFO - 📄 Latest version: 1.1.0
2025-08-26 13:29:45,375 - INFO - 🔍 Comparing versions: '1.1.0' vs '1.1.0'
2025-08-26 13:29:45,375 - INFO - ✅ Semantic version comparison: Versions are equal
2025-08-26 13:29:45,375 - INFO - ✅ App is up to date
2025-08-26 13:29:45,375 - INFO - ✅ No updates needed
2025-08-26 13:29:45,375 - INFO - ========================================
2025-08-26 13:29:45,375 - INFO - 🎯 LAUNCHING MAIN APPLICATION
2025-08-26 13:29:45,375 - INFO - ========================================
2025-08-26 13:29:45,795 - DEBUG - This service is instrumented using OpenTelemetry. OpenTelemetry or one of its components could not be imported; please add compatible versions of opentelemetry-api and opentelemetry-instrumentation packages in order to get Storage Tracing data.
2025-08-26 13:29:45,872 - INFO - 📱 Calling login_gui.main()
2025-08-26 13:29:46,928 - DEBUG - Starting new HTTPS connection (1): oauth2.googleapis.com:443
2025-08-26 13:29:47,032 - DEBUG - https://oauth2.googleapis.com:443 "POST /token HTTP/1.1" 200 None
2025-08-26 13:32:16,343 - INFO - ✅ Configuration loaded from updater.ini
2025-08-26 13:32:16,344 - INFO - ✅ Single instance lock acquired
2025-08-26 13:32:16,344 - INFO - ============================================================
2025-08-26 13:32:16,344 - INFO - 🚀 RMS LATEST RELEASE UPDATER STARTING
2025-08-26 13:32:16,345 - INFO - ============================================================
2025-08-26 13:32:16,345 - INFO - 🔍 Checking for updates using latest release...
2025-08-26 13:32:16,345 - INFO - 🔍 Fetching latest release information from GitHub...
2025-08-26 13:32:16,345 - INFO - 📡 API URL: https://api.github.com/repos/food2g0/Centralized-Image-Uploader/releases/latest
2025-08-26 13:32:16,345 - INFO - 🌐 Attempting to connect to https://api.github.com/repos/food2g0/Centralized-Image-Uploader/releases/latest (attempt 1/3)
2025-08-26 13:32:16,347 - DEBUG - Starting new HTTPS connection (1): api.github.com:443
2025-08-26 13:32:16,855 - DEBUG - https://api.github.com:443 "GET /repos/food2g0/Centralized-Image-Uploader/releases/latest HTTP/1.1" 200 1140
2025-08-26 13:32:16,856 - INFO - ✅ Request successful (Status: 200)
2025-08-26 13:32:16,856 - INFO - 📄 Latest release: 1.1.0
2025-08-26 13:32:16,856 - INFO - 📝 Release name: Update V 1.1.0
2025-08-26 13:32:16,856 - INFO - 📅 Published: 2025-08-23T08:46:32Z
2025-08-26 13:32:16,856 - INFO - ⬇️ Download URL: https://github.com/food2g0/Centralized-Image-Uploader/releases/download/1.1.0/installer.exe
2025-08-26 13:32:16,856 - INFO - 💻 Current version: 1.1.0
2025-08-26 13:32:16,857 - INFO - 📄 Latest version: 1.1.0
2025-08-26 13:32:16,857 - INFO - 🔍 Comparing versions: '1.1.0' vs '1.1.0'
2025-08-26 13:32:16,857 - INFO - ✅ Semantic version comparison: Versions are equal
2025-08-26 13:32:16,857 - INFO - ✅ App is up to date
2025-08-26 13:32:16,857 - INFO - ✅ No updates needed
2025-08-26 13:32:16,857 - INFO - ========================================
2025-08-26 13:32:16,857 - INFO - 🎯 LAUNCHING MAIN APPLICATION
2025-08-26 13:32:16,857 - INFO - ========================================
2025-08-26 13:32:17,287 - DEBUG - This service is instrumented using OpenTelemetry. OpenTelemetry or one of its components could not be imported; please add compatible versions of opentelemetry-api and opentelemetry-instrumentation packages in order to get Storage Tracing data.
2025-08-26 13:32:17,365 - INFO - 📱 Calling login_gui.main()
2025-08-26 13:32:18,742 - DEBUG - Starting new HTTPS connection (1): oauth2.googleapis.com:443
2025-08-26 13:32:18,843 - DEBUG - https://oauth2.googleapis.com:443 "POST /token HTTP/1.1" 200 None
2025-08-26 13:35:02,275 - INFO - ✅ Configuration loaded from updater.ini
2025-08-26 13:35:02,276 - INFO - ✅ Single instance lock acquired
2025-08-26 13:35:02,276 - INFO - ============================================================
2025-08-26 13:35:02,276 - INFO - 🚀 RMS LATEST RELEASE UPDATER STARTING
2025-08-26 13:35:02,276 - INFO - ============================================================
2025-08-26 13:35:02,276 - INFO - 🔍 Checking for updates using latest release...
2025-08-26 13:35:02,276 - INFO - 🔍 Fetching latest release information from GitHub...
2025-08-26 13:35:02,276 - INFO - 📡 API URL: https://api.github.com/repos/food2g0/Centralized-Image-Uploader/releases/latest
2025-08-26 13:35:02,277 - INFO - 🌐 Attempting to connect to https://api.github.com/repos/food2g0/Centralized-Image-Uploader/releases/latest (attempt 1/3)
2025-08-26 13:35:02,278 - DEBUG - Starting new HTTPS connection (1): api.github.com:443
2025-08-26 13:35:02,664 - DEBUG - https://api.github.com:443 "GET /repos/food2g0/Centralized-Image-Uploader/releases/latest HTTP/1.1" 200 None
2025-08-26 13:35:02,664 - INFO - ✅ Request successful (Status: 200)
2025-08-26 13:35:02,665 - INFO - 📄 Latest release: 1.1.0
2025-08-26 13:35:02,665 - INFO - 📝 Release name: Update V 1.1.0
2025-08-26 13:35:02,665 - INFO - 📅 Published: 2025-08-23T08:46:32Z
2025-08-26 13:35:02,665 - INFO - ⬇️ Download URL: https://github.com/food2g0/Centralized-Image-Uploader/releases/download/1.1.0/installer.exe
2025-08-26 13:35:02,665 - INFO - 💻 Current version: 1.1.0
2025-08-26 13:35:02,666 - INFO - 📄 Latest version: 1.1.0
2025-08-26 13:35:02,666 - INFO - 🔍 Comparing versions: '1.1.0' vs '1.1.0'
2025-08-26 13:35:02,666 - INFO - ✅ Semantic version comparison: Versions are equal
2025-08-26 13:35:02,666 - INFO - ✅ App is up to date
2025-08-26 13:35:02,666 - INFO - ✅ No updates needed
2025-08-26 13:35:02,666 - INFO - ========================================
2025-08-26 13:35:02,666 - INFO - 🎯 LAUNCHING MAIN APPLICATION
2025-08-26 13:35:02,666 - INFO - ========================================
2025-08-26 13:35:03,099 - DEBUG - This service is instrumented using OpenTelemetry. OpenTelemetry or one of its components could not be imported; please add compatible versions of opentelemetry-api and opentelemetry-instrumentation packages in order to get Storage Tracing data.
2025-08-26 13:35:03,178 - INFO - 📱 Calling login_gui.main()
2025-08-26 13:35:34,523 - DEBUG - Starting new HTTPS connection (1): oauth2.googleapis.com:443
2025-08-26 13:35:34,607 - DEBUG - https://oauth2.googleapis.com:443 "POST /token HTTP/1.1" 200 None
2025-08-26 13:37:26,455 - DEBUG - Starting new HTTPS connection (1): firebasestorage.googleapis.com:443
2025-08-26 13:37:26,861 - DEBUG - https://firebasestorage.googleapis.com:443 "GET /v0/b/records-management-faffa.firebasestorage.app/o/BAYOMBONG%2F2025-08-12_1755055323_C.%20AGLUBA%2C%20R%20NATOR%2C%20R%20MONTEPALCO.jpg?alt=media HTTP/1.1" 200 499934
2025-08-26 13:41:47,150 - INFO - ✅ Configuration loaded from updater.ini
2025-08-26 13:41:47,151 - INFO - ✅ Single instance lock acquired
2025-08-26 13:41:47,151 - INFO - ============================================================
2025-08-26 13:41:47,151 - INFO - 🚀 RMS LATEST RELEASE UPDATER STARTING
2025-08-26 13:41:47,151 - INFO - ============================================================
2025-08-26 13:41:47,151 - INFO - 🔍 Checking for updates using latest release...
2025-08-26 13:41:47,152 - INFO - 🔍 Fetching latest release information from GitHub...
2025-08-26 13:41:47,152 - INFO - 📡 API URL: https://api.github.com/repos/food2g0/Centralized-Image-Uploader/releases/latest
2025-08-26 13:41:47,152 - INFO - 🌐 Attempting to connect to https://api.github.com/repos/food2g0/Centralized-Image-Uploader/releases/latest (attempt 1/3)
2025-08-26 13:41:47,153 - DEBUG - Starting new HTTPS connection (1): api.github.com:443
2025-08-26 13:41:47,540 - DEBUG - https://api.github.com:443 "GET /repos/food2g0/Centralized-Image-Uploader/releases/latest HTTP/1.1" 200 1140
2025-08-26 13:41:47,541 - INFO - ✅ Request successful (Status: 200)
2025-08-26 13:41:47,541 - INFO - 📄 Latest release: 1.1.0
2025-08-26 13:41:47,541 - INFO - 📝 Release name: Update V 1.1.0
2025-08-26 13:41:47,541 - INFO - 📅 Published: 2025-08-23T08:46:32Z
2025-08-26 13:41:47,541 - INFO - ⬇️ Download URL: https://github.com/food2g0/Centralized-Image-Uploader/releases/download/1.1.0/installer.exe
2025-08-26 13:41:47,542 - INFO - 💻 Current version: 1.1.0
2025-08-26 13:41:47,542 - INFO - 📄 Latest version: 1.1.0
2025-08-26 13:41:47,542 - INFO - 🔍 Comparing versions: '1.1.0' vs '1.1.0'
2025-08-26 13:41:47,542 - INFO - ✅ Semantic version comparison: Versions are equal
2025-08-26 13:41:47,542 - INFO - ✅ App is up to date
2025-08-26 13:41:47,542 - INFO - ✅ No updates needed
2025-08-26 13:41:47,542 - INFO - ========================================
2025-08-26 13:41:47,542 - INFO - 🎯 LAUNCHING MAIN APPLICATION
2025-08-26 13:41:47,542 - INFO - ========================================
2025-08-26 13:41:47,983 - DEBUG - This service is instrumented using OpenTelemetry. OpenTelemetry or one of its components could not be imported; please add compatible versions of opentelemetry-api and opentelemetry-instrumentation packages in order to get Storage Tracing data.
2025-08-26 13:41:48,061 - INFO - 📱 Calling login_gui.main()
2025-08-26 13:41:49,222 - DEBUG - Starting new HTTPS connection (1): oauth2.googleapis.com:443
2025-08-26 13:41:49,313 - DEBUG - https://oauth2.googleapis.com:443 "POST /token HTTP/1.1" 200 None
2025-08-26 13:41:58,851 - DEBUG - Starting new HTTPS connection (1): storage.googleapis.com:443
2025-08-26 13:41:58,977 - DEBUG - https://storage.googleapis.com:443 "GET /records-management-faffa.firebasestorage.app/SHORTHORN%2F2025-08-10_1754880851_M.E%20CASIDSID%2C%20J.%20GUINTO%2C%20A.%20MAGDASAL.jfif HTTP/1.1" 200 477101
2025-08-26 13:42:05,986 - DEBUG - Starting new HTTPS connection (1): storage.googleapis.com:443
2025-08-26 13:42:06,366 - DEBUG - https://storage.googleapis.com:443 "GET /records-management-faffa.firebasestorage.app/SHORTHORN%2F2025-08-04_1756017001_A.%20CAGAS%2C%20A.%20CAGUINDANGAN.jfif HTTP/1.1" 200 508033
2025-08-26 13:42:08,936 - DEBUG - Starting new HTTPS connection (1): firebasestorage.googleapis.com:443
2025-08-26 13:42:09,277 - DEBUG - https://firebasestorage.googleapis.com:443 "GET /v0/b/records-management-faffa.firebasestorage.app/o/SHORTHORN%2F2025-08-03_1754293289_AUG%203%20SO%202.jfif?alt=media HTTP/1.1" 200 930645
2025-08-26 13:42:13,853 - DEBUG - Starting new HTTPS connection (1): firebasestorage.googleapis.com:443
2025-08-26 13:42:14,197 - DEBUG - https://firebasestorage.googleapis.com:443 "GET /v0/b/records-management-faffa.firebasestorage.app/o/SHORTHORN%2F2025-08-01_1754542898_F.%20MANGUBAT%2C%20A.%20PUNO%2C%20N.%20REJUSO%2C%20J.%20PAJARO%2C%20J.%20RAGUNDIAZ.jfif?alt=media HTTP/1.1" 200 1122557
2025-08-26 13:42:14,548 - DEBUG - Starting new HTTPS connection (1): firebasestorage.googleapis.com:443
2025-08-26 13:42:14,809 - DEBUG - https://firebasestorage.googleapis.com:443 "GET /v0/b/records-management-faffa.firebasestorage.app/o/SHORTHORN%2F2025-08-01_1754542898_F.%20MANGUBAT%2C%20A.%20PUNO%2C%20N.%20REJUSO%2C%20J.%20PAJARO%2C%20J.%20RAGUNDIAZ.jfif?alt=media HTTP/1.1" 200 1122557
2025-08-26 13:42:15,173 - DEBUG - Starting new HTTPS connection (1): firebasestorage.googleapis.com:443
2025-08-26 13:42:15,475 - DEBUG - https://firebasestorage.googleapis.com:443 "GET /v0/b/records-management-faffa.firebasestorage.app/o/SHORTHORN%2F2025-08-01_1754542898_F.%20MANGUBAT%2C%20A.%20PUNO%2C%20N.%20REJUSO%2C%20J.%20PAJARO%2C%20J.%20RAGUNDIAZ.jfif?alt=media HTTP/1.1" 200 1122557
2025-08-26 13:42:15,824 - DEBUG - Starting new HTTPS connection (1): firebasestorage.googleapis.com:443
2025-08-26 13:42:16,106 - DEBUG - https://firebasestorage.googleapis.com:443 "GET /v0/b/records-management-faffa.firebasestorage.app/o/SHORTHORN%2F2025-08-01_1754542898_F.%20MANGUBAT%2C%20A.%20PUNO%2C%20N.%20REJUSO%2C%20J.%20PAJARO%2C%20J.%20RAGUNDIAZ.jfif?alt=media HTTP/1.1" 200 1122557
2025-08-26 13:44:33,126 - INFO - ✅ Configuration loaded from updater.ini
2025-08-26 13:44:33,127 - INFO - ✅ Single instance lock acquired
2025-08-26 13:44:33,127 - INFO - ============================================================
2025-08-26 13:44:33,127 - INFO - 🚀 RMS LATEST RELEASE UPDATER STARTING
2025-08-26 13:44:33,127 - INFO - ============================================================
2025-08-26 13:44:33,128 - INFO - 🔍 Checking for updates using latest release...
2025-08-26 13:44:33,128 - INFO - 🔍 Fetching latest release information from GitHub...
2025-08-26 13:44:33,128 - INFO - 📡 API URL: https://api.github.com/repos/food2g0/Centralized-Image-Uploader/releases/latest
2025-08-26 13:44:33,128 - INFO - 🌐 Attempting to connect to https://api.github.com/repos/food2g0/Centralized-Image-Uploader/releases/latest (attempt 1/3)
2025-08-26 13:44:33,129 - DEBUG - Starting new HTTPS connection (1): api.github.com:443
2025-08-26 13:44:33,976 - DEBUG - https://api.github.com:443 "GET /repos/food2g0/Centralized-Image-Uploader/releases/latest HTTP/1.1" 200 1140
2025-08-26 13:44:33,976 - INFO - ✅ Request successful (Status: 200)
2025-08-26 13:44:33,977 - INFO - 📄 Latest release: 1.1.0
2025-08-26 13:44:33,977 - INFO - 📝 Release name: Update V 1.1.0
2025-08-26 13:44:33,977 - INFO - 📅 Published: 2025-08-23T08:46:32Z
2025-08-26 13:44:33,977 - INFO - ⬇️ Download URL: https://github.com/food2g0/Centralized-Image-Uploader/releases/download/1.1.0/installer.exe
2025-08-26 13:44:33,977 - INFO - 💻 Current version: 1.1.0
2025-08-26 13:44:33,977 - INFO - 📄 Latest version: 1.1.0
2025-08-26 13:44:33,977 - INFO - 🔍 Comparing versions: '1.1.0' vs '1.1.0'
2025-08-26 13:44:33,977 - INFO - ✅ Semantic version comparison: Versions are equal
2025-08-26 13:44:33,977 - INFO - ✅ App is up to date
2025-08-26 13:44:33,978 - INFO - ✅ No updates needed
2025-08-26 13:44:33,978 - INFO - ========================================
2025-08-26 13:44:33,978 - INFO - 🎯 LAUNCHING MAIN APPLICATION
2025-08-26 13:44:33,978 - INFO - ========================================
2025-08-26 13:44:34,399 - DEBUG - This service is instrumented using OpenTelemetry. OpenTelemetry or one of its components could not be imported; please add compatible versions of opentelemetry-api and opentelemetry-instrumentation packages in order to get Storage Tracing data.
2025-08-26 13:44:34,475 - INFO - 📱 Calling login_gui.main()
2025-08-26 13:45:08,431 - DEBUG - Starting new HTTPS connection (1): oauth2.googleapis.com:443
2025-08-26 13:45:08,539 - DEBUG - https://oauth2.googleapis.com:443 "POST /token HTTP/1.1" 200 None
2025-08-26 13:52:58,425 - INFO - ✅ Configuration loaded from updater.ini
2025-08-26 13:52:58,426 - INFO - ✅ Single instance lock acquired
2025-08-26 13:52:58,426 - INFO - ============================================================
2025-08-26 13:52:58,426 - INFO - 🚀 RMS LATEST RELEASE UPDATER STARTING
2025-08-26 13:52:58,426 - INFO - ============================================================
2025-08-26 13:52:58,427 - INFO - 🔍 Checking for updates using latest release...
2025-08-26 13:52:58,427 - INFO - 🔍 Fetching latest release information from GitHub...
2025-08-26 13:52:58,427 - INFO - 📡 API URL: https://api.github.com/repos/food2g0/Centralized-Image-Uploader/releases/latest
2025-08-26 13:52:58,427 - INFO - 🌐 Attempting to connect to https://api.github.com/repos/food2g0/Centralized-Image-Uploader/releases/latest (attempt 1/3)
2025-08-26 13:52:58,816 - INFO - ✅ Request successful (Status: 200)
2025-08-26 13:52:58,816 - INFO - 📄 Latest release: 1.1.0
2025-08-26 13:52:58,816 - INFO - 📝 Release name: Update V 1.1.0
2025-08-26 13:52:58,816 - INFO - 📅 Published: 2025-08-23T08:46:32Z
2025-08-26 13:52:58,817 - INFO - ⬇️ Download URL: https://github.com/food2g0/Centralized-Image-Uploader/releases/download/1.1.0/installer.exe
2025-08-26 13:52:58,817 - INFO - 💻 Current version: 1.1.0
2025-08-26 13:52:58,817 - INFO - 📄 Latest version: 1.1.0
2025-08-26 13:52:58,817 - INFO - 🔍 Comparing versions: '1.1.0' vs '1.1.0'
2025-08-26 13:52:58,817 - INFO - ✅ Semantic version comparison: Versions are equal
2025-08-26 13:52:58,817 - INFO - ✅ App is up to date
2025-08-26 13:52:58,818 - INFO - ✅ No updates needed
2025-08-26 13:52:58,818 - INFO - ========================================
2025-08-26 13:52:58,818 - INFO - 🎯 LAUNCHING MAIN APPLICATION
2025-08-26 13:52:58,818 - INFO - ========================================
2025-08-26 13:52:59,304 - INFO - 📱 Calling login_gui.main()
2025-08-26 13:54:09,238 - INFO - ✅ Configuration loaded from updater.ini
2025-08-26 13:54:09,238 - INFO - ✅ Single instance lock acquired
2025-08-26 13:54:09,239 - INFO - ============================================================
2025-08-26 13:54:09,239 - INFO - 🚀 RMS LATEST RELEASE UPDATER STARTING
2025-08-26 13:54:09,239 - INFO - ============================================================
2025-08-26 13:54:09,239 - INFO - 🔍 Checking for updates using latest release...
2025-08-26 13:54:09,239 - INFO - 🔍 Fetching latest release information from GitHub...
2025-08-26 13:54:09,239 - INFO - 📡 API URL: https://api.github.com/repos/food2g0/Centralized-Image-Uploader/releases/latest
2025-08-26 13:54:09,239 - INFO - 🌐 Attempting to connect to https://api.github.com/repos/food2g0/Centralized-Image-Uploader/releases/latest (attempt 1/3)
2025-08-26 13:54:09,647 - INFO - ✅ Request successful (Status: 200)
2025-08-26 13:54:09,647 - INFO - 📄 Latest release: 1.1.0
2025-08-26 13:54:09,647 - INFO - 📝 Release name: Update V 1.1.0
2025-08-26 13:54:09,647 - INFO - 📅 Published: 2025-08-23T08:46:32Z
2025-08-26 13:54:09,647 - INFO - ⬇️ Download URL: https://github.com/food2g0/Centralized-Image-Uploader/releases/download/1.1.0/installer.exe
2025-08-26 13:54:09,648 - INFO - 💻 Current version: 1.1.0
2025-08-26 13:54:09,648 - INFO - 📄 Latest version: 1.1.0
2025-08-26 13:54:09,648 - INFO - 🔍 Comparing versions: '1.1.0' vs '1.1.0'
2025-08-26 13:54:09,648 - INFO - ✅ Semantic version comparison: Versions are equal
2025-08-26 13:54:09,648 - INFO - ✅ App is up to date
2025-08-26 13:54:09,648 - INFO - ✅ No updates needed
2025-08-26 13:54:09,648 - INFO - ========================================
2025-08-26 13:54:09,649 - INFO - 🎯 LAUNCHING MAIN APPLICATION
2025-08-26 13:54:09,649 - INFO - ========================================
2025-08-26 13:54:10,138 - INFO - 📱 Calling login_gui.main()
2025-08-26 13:59:42,403 - INFO - ✅ Configuration loaded from updater.ini
2025-08-26 13:59:42,403 - INFO - ✅ Single instance lock acquired
2025-08-26 13:59:42,404 - INFO - ============================================================
2025-08-26 13:59:42,404 - INFO - 🚀 RMS LATEST RELEASE UPDATER STARTING
2025-08-26 13:59:42,404 - INFO - ============================================================
2025-08-26 13:59:42,404 - INFO - 🔍 Checking for updates using latest release...
2025-08-26 13:59:42,404 - INFO - 🔍 Fetching latest release information from GitHub...
2025-08-26 13:59:42,404 - INFO - 📡 API URL: https://api.github.com/repos/food2g0/Centralized-Image-Uploader/releases/latest
2025-08-26 13:59:42,404 - INFO - 🌐 Attempting to connect to https://api.github.com/repos/food2g0/Centralized-Image-Uploader/releases/latest (attempt 1/3)
2025-08-26 13:59:42,799 - INFO - ✅ Request successful (Status: 200)
2025-08-26 13:59:42,799 - INFO - 📄 Latest release: 1.1.0
2025-08-26 13:59:42,800 - INFO - 📝 Release name: Update V 1.1.0
2025-08-26 13:59:42,800 - INFO - 📅 Published: 2025-08-23T08:46:32Z
2025-08-26 13:59:42,800 - INFO - ⬇️ Download URL: https://github.com/food2g0/Centralized-Image-Uploader/releases/download/1.1.0/installer.exe
2025-08-26 13:59:42,800 - INFO - 💻 Current version: 1.1.0
2025-08-26 13:59:42,800 - INFO - 📄 Latest version: 1.1.0
2025-08-26 13:59:42,800 - INFO - 🔍 Comparing versions: '1.1.0' vs '1.1.0'
2025-08-26 13:59:42,801 - INFO - ✅ Semantic version comparison: Versions are equal
2025-08-26 13:59:42,801 - INFO - ✅ App is up to date
2025-08-26 13:59:42,801 - INFO - ✅ No updates needed
2025-08-26 13:59:42,801 - INFO - ========================================
2025-08-26 13:59:42,801 - INFO - 🎯 LAUNCHING MAIN APPLICATION
2025-08-26 13:59:42,801 - INFO - ========================================
2025-08-26 13:59:43,291 - INFO - 📱 Calling login_gui.main()
2025-08-26 13:59:52,523 - INFO - ✅ Configuration loaded from updater.ini
2025-08-26 13:59:52,523 - INFO - ✅ Single instance lock acquired
2025-08-26 13:59:52,523 - INFO - ============================================================
2025-08-26 13:59:52,523 - INFO - 🚀 RMS LATEST RELEASE UPDATER STARTING
2025-08-26 13:59:52,523 - INFO - ============================================================
2025-08-26 13:59:52,524 - INFO - 🔍 Checking for updates using latest release...
2025-08-26 13:59:52,524 - INFO - 🔍 Fetching latest release information from GitHub...
2025-08-26 13:59:52,524 - INFO - 📡 API URL: https://api.github.com/repos/food2g0/Centralized-Image-Uploader/releases/latest
2025-08-26 13:59:52,524 - INFO - 🌐 Attempting to connect to https://api.github.com/repos/food2g0/Centralized-Image-Uploader/releases/latest (attempt 1/3)
2025-08-26 13:59:52,639 - INFO - ✅ Request successful (Status: 200)
2025-08-26 13:59:52,639 - INFO - 📄 Latest release: 1.1.0
2025-08-26 13:59:52,639 - INFO - 📝 Release name: Update V 1.1.0
2025-08-26 13:59:52,640 - INFO - 📅 Published: 2025-08-23T08:46:32Z
2025-08-26 13:59:52,640 - INFO - ⬇️ Download URL: https://github.com/food2g0/Centralized-Image-Uploader/releases/download/1.1.0/installer.exe
2025-08-26 13:59:52,640 - INFO - 💻 Current version: 1.1.0
2025-08-26 13:59:52,640 - INFO - 📄 Latest version: 1.1.0
2025-08-26 13:59:52,640 - INFO - 🔍 Comparing versions: '1.1.0' vs '1.1.0'
2025-08-26 13:59:52,640 - INFO - ✅ Semantic version comparison: Versions are equal
2025-08-26 13:59:52,640 - INFO - ✅ App is up to date
2025-08-26 13:59:52,641 - INFO - ✅ No updates needed
2025-08-26 13:59:52,641 - INFO - ========================================
2025-08-26 13:59:52,641 - INFO - 🎯 LAUNCHING MAIN APPLICATION
2025-08-26 13:59:52,641 - INFO - ========================================
2025-08-26 13:59:53,168 - INFO - 📱 Calling login_gui.main()
2025-08-26 14:16:50,265 - INFO - ✅ Configuration loaded from updater.ini
2025-08-26 14:16:50,266 - INFO - ✅ Single instance lock acquired
2025-08-26 14:16:50,266 - INFO - ============================================================
2025-08-26 14:16:50,266 - INFO - 🚀 RMS LATEST RELEASE UPDATER STARTING
2025-08-26 14:16:50,266 - INFO - ============================================================
2025-08-26 14:16:50,266 - INFO - 🔍 Checking for updates using latest release...
2025-08-26 14:16:50,266 - INFO - 🔍 Fetching latest release information from GitHub...
2025-08-26 14:16:50,266 - INFO - 📡 API URL: https://api.github.com/repos/food2g0/Centralized-Image-Uploader/releases/latest
2025-08-26 14:16:50,266 - INFO - 🌐 Attempting to connect to https://api.github.com/repos/food2g0/Centralized-Image-Uploader/releases/latest (attempt 1/3)
2025-08-26 14:16:50,686 - INFO - ✅ Request successful (Status: 200)
2025-08-26 14:16:50,686 - INFO - 📄 Latest release: 1.1.0
2025-08-26 14:16:50,687 - INFO - 📝 Release name: Update V 1.1.0
2025-08-26 14:16:50,687 - INFO - 📅 Published: 2025-08-23T08:46:32Z
2025-08-26 14:16:50,687 - INFO - ⬇️ Download URL: https://github.com/food2g0/Centralized-Image-Uploader/releases/download/1.1.0/installer.exe
2025-08-26 14:16:50,687 - INFO - 💻 Current version: 1.1.0
2025-08-26 14:16:50,687 - INFO - 📄 Latest version: 1.1.0
2025-08-26 14:16:50,687 - INFO - 🔍 Comparing versions: '1.1.0' vs '1.1.0'
2025-08-26 14:16:50,687 - INFO - ✅ Semantic version comparison: Versions are equal
2025-08-26 14:16:50,688 - INFO - ✅ App is up to date
2025-08-26 14:16:50,688 - INFO - ✅ No updates needed
2025-08-26 14:16:50,688 - INFO - ========================================
2025-08-26 14:16:50,688 - INFO - 🎯 LAUNCHING MAIN APPLICATION
2025-08-26 14:16:50,688 - INFO - ========================================
2025-08-26 14:16:51,181 - INFO - 📱 Calling login_gui.main()
2025-08-26 15:11:02,812 - INFO - ✅ Configuration loaded from updater.ini
2025-08-26 15:11:02,812 - INFO - ✅ Single instance lock acquired
2025-08-26 15:11:02,813 - INFO - ============================================================
2025-08-26 15:11:02,813 - INFO - 🚀 RMS LATEST RELEASE UPDATER STARTING
2025-08-26 15:11:02,813 - INFO - ============================================================
2025-08-26 15:11:02,813 - INFO - 🔍 Checking for updates using latest release...
2025-08-26 15:11:02,813 - INFO - 🔍 Fetching latest release information from GitHub...
2025-08-26 15:11:02,813 - INFO - 📡 API URL: https://api.github.com/repos/food2g0/Centralized-Image-Uploader/releases/latest
2025-08-26 15:11:02,813 - INFO - 🌐 Attempting to connect to https://api.github.com/repos/food2g0/Centralized-Image-Uploader/releases/latest (attempt 1/3)
2025-08-26 15:11:03,180 - INFO - ✅ Request successful (Status: 200)
2025-08-26 15:11:03,181 - INFO - 📄 Latest release: 1.1.0
2025-08-26 15:11:03,181 - INFO - 📝 Release name: Update V 1.1.0
2025-08-26 15:11:03,181 - INFO - 📅 Published: 2025-08-23T08:46:32Z
2025-08-26 15:11:03,181 - INFO - ⬇️ Download URL: https://github.com/food2g0/Centralized-Image-Uploader/releases/download/1.1.0/installer.exe
2025-08-26 15:11:03,181 - INFO - 💻 Current version: 1.1.0
2025-08-26 15:11:03,181 - INFO - 📄 Latest version: 1.1.0
2025-08-26 15:11:03,182 - INFO - 🔍 Comparing versions: '1.1.0' vs '1.1.0'
2025-08-26 15:11:03,182 - INFO - ✅ Semantic version comparison: Versions are equal
2025-08-26 15:11:03,182 - INFO - ✅ App is up to date
2025-08-26 15:11:03,182 - INFO - ✅ No updates needed
2025-08-26 15:11:03,182 - INFO - ========================================
2025-08-26 15:11:03,182 - INFO - 🎯 LAUNCHING MAIN APPLICATION
2025-08-26 15:11:03,182 - INFO - ========================================
2025-08-26 15:11:03,752 - INFO - 📱 Calling login_gui.main()
2025-08-26 15:15:17,905 - INFO - ✅ Configuration loaded from updater.ini
2025-08-26 15:15:17,906 - INFO - ✅ Single instance lock acquired
2025-08-26 15:15:17,906 - INFO - ============================================================
2025-08-26 15:15:17,906 - INFO - 🚀 RMS LATEST RELEASE UPDATER STARTING
2025-08-26 15:15:17,906 - INFO - ============================================================
2025-08-26 15:15:17,906 - INFO - 🔍 Checking for updates using latest release...
2025-08-26 15:15:17,906 - INFO - 🔍 Fetching latest release information from GitHub...
2025-08-26 15:15:17,907 - INFO - 📡 API URL: https://api.github.com/repos/food2g0/Centralized-Image-Uploader/releases/latest
2025-08-26 15:15:17,907 - INFO - 🌐 Attempting to connect to https://api.github.com/repos/food2g0/Centralized-Image-Uploader/releases/latest (attempt 1/3)
2025-08-26 15:15:18,320 - INFO - ✅ Request successful (Status: 200)
2025-08-26 15:15:18,321 - INFO - 📄 Latest release: 1.1.0
2025-08-26 15:15:18,321 - INFO - 📝 Release name: Update V 1.1.0
2025-08-26 15:15:18,321 - INFO - 📅 Published: 2025-08-23T08:46:32Z
2025-08-26 15:15:18,321 - INFO - ⬇️ Download URL: https://github.com/food2g0/Centralized-Image-Uploader/releases/download/1.1.0/installer.exe
2025-08-26 15:15:18,322 - INFO - 💻 Current version: 1.1.0
2025-08-26 15:15:18,322 - INFO - 📄 Latest version: 1.1.0
2025-08-26 15:15:18,322 - INFO - 🔍 Comparing versions: '1.1.0' vs '1.1.0'
2025-08-26 15:15:18,322 - INFO - ✅ Semantic version comparison: Versions are equal
2025-08-26 15:15:18,322 - INFO - ✅ App is up to date
2025-08-26 15:15:18,322 - INFO - ✅ No updates needed
2025-08-26 15:15:18,322 - INFO - ========================================
2025-08-26 15:15:18,322 - INFO - 🎯 LAUNCHING MAIN APPLICATION
2025-08-26 15:15:18,323 - INFO - ========================================
2025-08-26 15:15:18,862 - INFO - 📱 Calling login_gui.main()
2025-08-26 15:21:58,129 - INFO - ✅ Configuration loaded from updater.ini
2025-08-26 15:21:58,130 - INFO - ✅ Single instance lock acquired
2025-08-26 15:21:58,130 - INFO - ============================================================
2025-08-26 15:21:58,130 - INFO - 🚀 RMS LATEST RELEASE UPDATER STARTING
2025-08-26 15:21:58,130 - INFO - ============================================================
2025-08-26 15:21:58,130 - INFO - 🔍 Checking for updates using latest release...
2025-08-26 15:21:58,130 - INFO - 🔍 Fetching latest release information from GitHub...
2025-08-26 15:21:58,131 - INFO - 📡 API URL: https://api.github.com/repos/food2g0/Centralized-Image-Uploader/releases/latest
2025-08-26 15:21:58,131 - INFO - 🌐 Attempting to connect to https://api.github.com/repos/food2g0/Centralized-Image-Uploader/releases/latest (attempt 1/3)
2025-08-26 15:21:58,521 - INFO - ✅ Request successful (Status: 200)
2025-08-26 15:21:58,521 - INFO - 📄 Latest release: 1.1.0
2025-08-26 15:21:58,521 - INFO - 📝 Release name: Update V 1.1.0
2025-08-26 15:21:58,522 - INFO - 📅 Published: 2025-08-23T08:46:32Z
2025-08-26 15:21:58,522 - INFO - ⬇️ Download URL: https://github.com/food2g0/Centralized-Image-Uploader/releases/download/1.1.0/installer.exe
2025-08-26 15:21:58,522 - INFO - 💻 Current version: 1.1.0
2025-08-26 15:21:58,522 - INFO - 📄 Latest version: 1.1.0
2025-08-26 15:21:58,522 - INFO - 🔍 Comparing versions: '1.1.0' vs '1.1.0'
2025-08-26 15:21:58,522 - INFO - ✅ Semantic version comparison: Versions are equal
2025-08-26 15:21:58,522 - INFO - ✅ App is up to date
2025-08-26 15:21:58,522 - INFO - ✅ No updates needed
2025-08-26 15:21:58,523 - INFO - ========================================
2025-08-26 15:21:58,523 - INFO - 🎯 LAUNCHING MAIN APPLICATION
2025-08-26 15:21:58,523 - INFO - ========================================
2025-08-26 15:21:59,027 - INFO - 📱 Calling login_gui.main()
2025-08-26 15:29:31,626 - INFO - ✅ Configuration loaded from updater.ini
2025-08-26 15:29:31,627 - INFO - ✅ Single instance lock acquired
2025-08-26 15:29:31,627 - INFO - ============================================================
2025-08-26 15:29:31,627 - INFO - 🚀 RMS LATEST RELEASE UPDATER STARTING
2025-08-26 15:29:31,627 - INFO - ============================================================
2025-08-26 15:29:31,627 - INFO - 🔍 Checking for updates using latest release...
2025-08-26 15:29:31,627 - INFO - 🔍 Fetching latest release information from GitHub...
2025-08-26 15:29:31,628 - INFO - 📡 API URL: https://api.github.com/repos/food2g0/Centralized-Image-Uploader/releases/latest
2025-08-26 15:29:31,628 - INFO - 🌐 Attempting to connect to https://api.github.com/repos/food2g0/Centralized-Image-Uploader/releases/latest (attempt 1/3)
2025-08-26 15:29:32,032 - INFO - ✅ Request successful (Status: 200)
2025-08-26 15:29:32,032 - INFO - 📄 Latest release: 1.1.0
2025-08-26 15:29:32,032 - INFO - 📝 Release name: Update V 1.1.0
2025-08-26 15:29:32,032 - INFO - 📅 Published: 2025-08-23T08:46:32Z
2025-08-26 15:29:32,032 - INFO - ⬇️ Download URL: https://github.com/food2g0/Centralized-Image-Uploader/releases/download/1.1.0/installer.exe
2025-08-26 15:29:32,032 - INFO - 💻 Current version: 1.1.0
2025-08-26 15:29:32,033 - INFO - 📄 Latest version: 1.1.0
2025-08-26 15:29:32,033 - INFO - 🔍 Comparing versions: '1.1.0' vs '1.1.0'
2025-08-26 15:29:32,033 - INFO - ✅ Semantic version comparison: Versions are equal
2025-08-26 15:29:32,033 - INFO - ✅ App is up to date
2025-08-26 15:29:32,033 - INFO - ✅ No updates needed
2025-08-26 15:29:32,033 - INFO - ========================================
2025-08-26 15:29:32,033 - INFO - 🎯 LAUNCHING MAIN APPLICATION
2025-08-26 15:29:32,033 - INFO - ========================================
2025-08-26 15:29:32,537 - INFO - 📱 Calling login_gui.main()
2025-08-26 15:42:38,334 - INFO - ✅ Configuration loaded from updater.ini
2025-08-26 15:42:38,335 - INFO - ✅ Single instance lock acquired
2025-08-26 15:42:38,335 - INFO - ============================================================
2025-08-26 15:42:38,335 - INFO - 🚀 RMS LATEST RELEASE UPDATER STARTING
2025-08-26 15:42:38,335 - INFO - ============================================================
2025-08-26 15:42:38,335 - INFO - 🔍 Checking for updates using latest release...
2025-08-26 15:42:38,335 - INFO - 🔍 Fetching latest release information from GitHub...
2025-08-26 15:42:38,335 - INFO - 📡 API URL: https://api.github.com/repos/food2g0/Centralized-Image-Uploader/releases/latest
2025-08-26 15:42:38,336 - INFO - 🌐 Attempting to connect to https://api.github.com/repos/food2g0/Centralized-Image-Uploader/releases/latest (attempt 1/3)
2025-08-26 15:42:38,723 - INFO - ✅ Request successful (Status: 200)
2025-08-26 15:42:38,723 - INFO - 📄 Latest release: 1.1.2
2025-08-26 15:42:38,723 - INFO - 📝 Release name: Update V 1.1.2
2025-08-26 15:42:38,723 - INFO - 📅 Published: 2025-08-26T07:39:03Z
2025-08-26 15:42:38,724 - INFO - ⬇️ Download URL: https://github.com/food2g0/Centralized-Image-Uploader/releases/download/1.1.2/installer.exe
2025-08-26 15:42:38,724 - INFO - 💻 Current version: 1.1.0
2025-08-26 15:42:38,724 - INFO - 📄 Latest version: 1.1.2
2025-08-26 15:42:38,724 - INFO - 🔍 Comparing versions: '1.1.0' vs '1.1.2'
2025-08-26 15:42:38,724 - INFO - ⬆️ Semantic version comparison: Update available
2025-08-26 15:42:38,724 - INFO - ⬆️ Update available!
2025-08-26 15:42:38,725 - INFO - 📋 Created preservation instructions: update_instructions.txt
2025-08-26 15:42:38,730 - INFO - 📋 Backed up file: updater.ini
2025-08-26 15:42:38,731 - INFO - 📋 Backed up file: updater.log
2025-08-26 15:42:38,731 - INFO - ✅ Backed up 2 items to C:\Users\Paww\AppData\Local\Temp\RMS_backup
2025-08-26 15:42:38,731 - INFO - 📱 Showing update dialog for latest release: 1.1.2
2025-08-26 15:43:12,768 - INFO - 👤 User declined update
2025-08-26 15:43:12,768 - INFO - ========================================
2025-08-26 15:43:12,768 - INFO - 🎯 LAUNCHING MAIN APPLICATION
2025-08-26 15:43:12,768 - INFO - ========================================
2025-08-26 15:43:13,233 - INFO - 📱 Calling login_gui.main()
2025-08-26 15:47:45,707 - INFO - ✅ Configuration loaded from updater.ini
2025-08-26 15:47:45,708 - INFO - ✅ Single instance lock acquired
2025-08-26 15:47:45,708 - INFO - ============================================================
2025-08-26 15:47:45,708 - INFO - 🚀 RMS LATEST RELEASE UPDATER STARTING
2025-08-26 15:47:45,708 - INFO - ============================================================
2025-08-26 15:47:45,708 - INFO - 🔍 Checking for updates using latest release...
2025-08-26 15:47:45,708 - INFO - 🔍 Fetching latest release information from GitHub...
2025-08-26 15:47:45,709 - INFO - 📡 API URL: https://api.github.com/repos/food2g0/Centralized-Image-Uploader/releases/latest
2025-08-26 15:47:45,709 - INFO - 🌐 Attempting to connect to https://api.github.com/repos/food2g0/Centralized-Image-Uploader/releases/latest (attempt 1/3)
2025-08-26 15:47:46,104 - INFO - ✅ Request successful (Status: 200)
2025-08-26 15:47:46,104 - INFO - 📄 Latest release: 1.1.2
2025-08-26 15:47:46,104 - INFO - 📝 Release name: Update V 1.1.2
2025-08-26 15:47:46,105 - INFO - 📅 Published: 2025-08-26T07:39:03Z
2025-08-26 15:47:46,105 - INFO - ⬇️ Download URL: https://github.com/food2g0/Centralized-Image-Uploader/releases/download/1.1.2/installer.exe
2025-08-26 15:47:46,105 - INFO - 💻 Current version: 1.1.0
2025-08-26 15:47:46,105 - INFO - 📄 Latest version: 1.1.2
2025-08-26 15:47:46,105 - INFO - 🔍 Comparing versions: '1.1.0' vs '1.1.2'
2025-08-26 15:47:46,105 - INFO - ⬆️ Semantic version comparison: Update available
2025-08-26 15:47:46,105 - INFO - ⬆️ Update available!
2025-08-26 15:47:46,106 - INFO - 📋 Created preservation instructions: update_instructions.txt
2025-08-26 15:47:46,108 - INFO - 📋 Backed up file: updater.ini
2025-08-26 15:47:46,108 - INFO - 📋 Backed up file: updater.log
2025-08-26 15:47:46,109 - INFO - ✅ Backed up 2 items to C:\Users\Paww\AppData\Local\Temp\RMS_backup
2025-08-26 15:47:46,109 - INFO - 📱 Showing update dialog for latest release: 1.1.2
2025-08-26 15:47:51,291 - INFO - 👤 User declined update
2025-08-26 15:47:51,291 - INFO - ========================================
2025-08-26 15:47:51,291 - INFO - 🎯 LAUNCHING MAIN APPLICATION
2025-08-26 15:47:51,291 - INFO - ========================================
2025-08-26 15:47:51,853 - INFO - 📱 Calling login_gui.main()
2025-08-26 15:47:56,110 - INFO - ✅ Configuration loaded from updater.ini
2025-08-26 15:47:56,110 - INFO - ✅ Single instance lock acquired
2025-08-26 15:47:56,110 - INFO - ============================================================
2025-08-26 15:47:56,110 - INFO - 🚀 RMS LATEST RELEASE UPDATER STARTING
2025-08-26 15:47:56,110 - INFO - ============================================================
2025-08-26 15:47:56,111 - INFO - 🔍 Checking for updates using latest release...
2025-08-26 15:47:56,111 - INFO - 🔍 Fetching latest release information from GitHub...
2025-08-26 15:47:56,111 - INFO - 📡 API URL: https://api.github.com/repos/food2g0/Centralized-Image-Uploader/releases/latest
2025-08-26 15:47:56,111 - INFO - 🌐 Attempting to connect to https://api.github.com/repos/food2g0/Centralized-Image-Uploader/releases/latest (attempt 1/3)
2025-08-26 15:47:56,233 - INFO - ✅ Request successful (Status: 200)
2025-08-26 15:47:56,233 - INFO - 📄 Latest release: 1.1.2
2025-08-26 15:47:56,233 - INFO - 📝 Release name: Update V 1.1.2
2025-08-26 15:47:56,233 - INFO - 📅 Published: 2025-08-26T07:39:03Z
2025-08-26 15:47:56,234 - INFO - ⬇️ Download URL: https://github.com/food2g0/Centralized-Image-Uploader/releases/download/1.1.2/installer.exe
2025-08-26 15:47:56,234 - INFO - 💻 Current version: 1.1.0
2025-08-26 15:47:56,234 - INFO - 📄 Latest version: 1.1.2
2025-08-26 15:47:56,234 - INFO - 🔍 Comparing versions: '1.1.0' vs '1.1.2'
2025-08-26 15:47:56,234 - INFO - ⬆️ Semantic version comparison: Update available
2025-08-26 15:47:56,234 - INFO - ⬆️ Update available!
2025-08-26 15:47:56,235 - INFO - 📋 Created preservation instructions: update_instructions.txt
2025-08-26 15:47:56,236 - INFO - 📋 Backed up file: updater.ini
2025-08-26 15:47:56,237 - INFO - 📋 Backed up file: updater.log
2025-08-26 15:47:56,237 - INFO - ✅ Backed up 2 items to C:\Users\Paww\AppData\Local\Temp\RMS_backup
2025-08-26 15:47:56,238 - INFO - 📱 Showing update dialog for latest release: 1.1.2
2025-08-26 15:48:01,795 - INFO - 👤 User declined update
2025-08-26 15:48:01,795 - INFO - ========================================
2025-08-26 15:48:01,795 - INFO - 🎯 LAUNCHING MAIN APPLICATION
2025-08-26 15:48:01,795 - INFO - ========================================
2025-08-26 15:48:02,306 - INFO - 📱 Calling login_gui.main()
2025-08-26 15:48:13,383 - INFO - ✅ Configuration loaded from updater.ini
2025-08-26 15:48:13,383 - INFO - ✅ Single instance lock acquired
2025-08-26 15:48:13,383 - INFO - ============================================================
2025-08-26 15:48:13,383 - INFO - 🚀 RMS LATEST RELEASE UPDATER STARTING
2025-08-26 15:48:13,384 - INFO - ============================================================
2025-08-26 15:48:13,384 - INFO - 🔍 Checking for updates using latest release...
2025-08-26 15:48:13,384 - INFO - 🔍 Fetching latest release information from GitHub...
2025-08-26 15:48:13,384 - INFO - 📡 API URL: https://api.github.com/repos/food2g0/Centralized-Image-Uploader/releases/latest
2025-08-26 15:48:13,384 - INFO - 🌐 Attempting to connect to https://api.github.com/repos/food2g0/Centralized-Image-Uploader/releases/latest (attempt 1/3)
2025-08-26 15:48:13,509 - INFO - ✅ Request successful (Status: 200)
2025-08-26 15:48:13,510 - INFO - 📄 Latest release: 1.1.2
2025-08-26 15:48:13,510 - INFO - 📝 Release name: Update V 1.1.2
2025-08-26 15:48:13,510 - INFO - 📅 Published: 2025-08-26T07:39:03Z
2025-08-26 15:48:13,510 - INFO - ⬇️ Download URL: https://github.com/food2g0/Centralized-Image-Uploader/releases/download/1.1.2/installer.exe
2025-08-26 15:48:13,510 - INFO - 💻 Current version: 1.1.0
2025-08-26 15:48:13,510 - INFO - 📄 Latest version: 1.1.2
2025-08-26 15:48:13,510 - INFO - 🔍 Comparing versions: '1.1.0' vs '1.1.2'
2025-08-26 15:48:13,511 - INFO - ⬆️ Semantic version comparison: Update available
2025-08-26 15:48:13,511 - INFO - ⬆️ Update available!
2025-08-26 15:48:13,511 - INFO - 📋 Created preservation instructions: update_instructions.txt
2025-08-26 15:48:13,513 - INFO - 📋 Backed up file: updater.ini
2025-08-26 15:48:13,514 - INFO - 📋 Backed up file: updater.log
2025-08-26 15:48:13,514 - INFO - ✅ Backed up 2 items to C:\Users\Paww\AppData\Local\Temp\RMS_backup
2025-08-26 15:48:13,514 - INFO - 📱 Showing update dialog for latest release: 1.1.2
2025-08-26 15:48:15,074 - INFO - 👤 User declined update
2025-08-26 15:48:15,074 - INFO - ========================================
2025-08-26 15:48:15,074 - INFO - 🎯 LAUNCHING MAIN APPLICATION
2025-08-26 15:48:15,075 - INFO - ========================================
2025-08-26 15:48:15,585 - INFO - 📱 Calling login_gui.main()
2025-08-26 15:48:26,772 - INFO - ✅ Configuration loaded from updater.ini
2025-08-26 15:48:26,772 - INFO - ✅ Single instance lock acquired
2025-08-26 15:48:26,772 - INFO - ============================================================
2025-08-26 15:48:26,773 - INFO - 🚀 RMS LATEST RELEASE UPDATER STARTING
2025-08-26 15:48:26,773 - INFO - ============================================================
2025-08-26 15:48:26,773 - INFO - 🔍 Checking for updates using latest release...
2025-08-26 15:48:26,773 - INFO - 🔍 Fetching latest release information from GitHub...
2025-08-26 15:48:26,773 - INFO - 📡 API URL: https://api.github.com/repos/food2g0/Centralized-Image-Uploader/releases/latest
2025-08-26 15:48:26,773 - INFO - 🌐 Attempting to connect to https://api.github.com/repos/food2g0/Centralized-Image-Uploader/releases/latest (attempt 1/3)
2025-08-26 15:48:26,887 - INFO - ✅ Request successful (Status: 200)
2025-08-26 15:48:26,887 - INFO - 📄 Latest release: 1.1.2
2025-08-26 15:48:26,887 - INFO - 📝 Release name: Update V 1.1.2
2025-08-26 15:48:26,887 - INFO - 📅 Published: 2025-08-26T07:39:03Z
2025-08-26 15:48:26,888 - INFO - ⬇️ Download URL: https://github.com/food2g0/Centralized-Image-Uploader/releases/download/1.1.2/installer.exe
2025-08-26 15:48:26,888 - INFO - 💻 Current version: 1.1.2
2025-08-26 15:48:26,888 - INFO - 📄 Latest version: 1.1.2
2025-08-26 15:48:26,888 - INFO - 🔍 Comparing versions: '1.1.2' vs '1.1.2'
2025-08-26 15:48:26,888 - INFO - ✅ Semantic version comparison: Versions are equal
2025-08-26 15:48:26,888 - INFO - ✅ App is up to date
2025-08-26 15:48:26,888 - INFO - ✅ No updates needed
2025-08-26 15:48:26,888 - INFO - ========================================
2025-08-26 15:48:26,889 - INFO - 🎯 LAUNCHING MAIN APPLICATION
2025-08-26 15:48:26,889 - INFO - ========================================
2025-08-26 15:48:27,384 - INFO - 📱 Calling login_gui.main()
2025-08-26 15:55:57,760 - INFO - ✅ Configuration loaded from updater.ini
2025-08-26 15:55:57,760 - WARNING - Another instance is running: [Errno 13] Permission denied
2025-08-26 15:56:03,348 - INFO - ✅ Configuration loaded from updater.ini
2025-08-26 15:56:03,348 - INFO - ✅ Single instance lock acquired
2025-08-26 15:56:03,348 - INFO - ============================================================
2025-08-26 15:56:03,348 - INFO - 🚀 RMS LATEST RELEASE UPDATER STARTING
2025-08-26 15:56:03,349 - INFO - ============================================================
2025-08-26 15:56:03,349 - INFO - 🔍 Checking for updates using latest release...
2025-08-26 15:56:03,349 - INFO - 🔍 Fetching latest release information from GitHub...
2025-08-26 15:56:03,349 - INFO - 📡 API URL: https://api.github.com/repos/food2g0/Centralized-Image-Uploader/releases/latest
2025-08-26 15:56:03,349 - INFO - 🌐 Attempting to connect to https://api.github.com/repos/food2g0/Centralized-Image-Uploader/releases/latest (attempt 1/3)
2025-08-26 15:56:03,736 - INFO - ✅ Request successful (Status: 200)
2025-08-26 15:56:03,736 - INFO - 📄 Latest release: 1.1.2
2025-08-26 15:56:03,736 - INFO - 📝 Release name: Update V 1.1.2
2025-08-26 15:56:03,737 - INFO - 📅 Published: 2025-08-26T07:39:03Z
2025-08-26 15:56:03,737 - INFO - ⬇️ Download URL: https://github.com/food2g0/Centralized-Image-Uploader/releases/download/1.1.2/installer.exe
2025-08-26 15:56:03,737 - INFO - 💻 Current version: 1.1.2
2025-08-26 15:56:03,737 - INFO - 📄 Latest version: 1.1.2
2025-08-26 15:56:03,737 - INFO - 🔍 Comparing versions: '1.1.2' vs '1.1.2'
2025-08-26 15:56:03,737 - INFO - ✅ Semantic version comparison: Versions are equal
2025-08-26 15:56:03,737 - INFO - ✅ App is up to date
2025-08-26 15:56:03,738 - INFO - ✅ No updates needed
2025-08-26 15:56:03,738 - INFO - ========================================
2025-08-26 15:56:03,738 - INFO - 🎯 LAUNCHING MAIN APPLICATION
2025-08-26 15:56:03,738 - INFO - ========================================
2025-08-26 15:56:04,261 - INFO - 📱 Calling login_gui.main()
2025-08-26 16:04:35,063 - INFO - ✅ Configuration loaded from updater.ini
2025-08-26 16:04:35,063 - INFO - ✅ Single instance lock acquired
2025-08-26 16:04:35,063 - INFO - ============================================================
2025-08-26 16:04:35,063 - INFO - 🚀 RMS LATEST RELEASE UPDATER STARTING
2025-08-26 16:04:35,063 - INFO - ============================================================
2025-08-26 16:04:35,064 - INFO - 🔍 Checking for updates using latest release...
2025-08-26 16:04:35,064 - INFO - 🔍 Fetching latest release information from GitHub...
2025-08-26 16:04:35,064 - INFO - 📡 API URL: https://api.github.com/repos/food2g0/Centralized-Image-Uploader/releases/latest
2025-08-26 16:04:35,064 - INFO - 🌐 Attempting to connect to https://api.github.com/repos/food2g0/Centralized-Image-Uploader/releases/latest (attempt 1/3)
2025-08-26 16:04:35,499 - INFO - ✅ Request successful (Status: 200)
2025-08-26 16:04:35,499 - INFO - 📄 Latest release: 1.1.2
2025-08-26 16:04:35,499 - INFO - 📝 Release name: Update V 1.1.2
2025-08-26 16:04:35,499 - INFO - 📅 Published: 2025-08-26T07:39:03Z
2025-08-26 16:04:35,500 - INFO - ⬇️ Download URL: https://github.com/food2g0/Centralized-Image-Uploader/releases/download/1.1.2/installer.exe
2025-08-26 16:04:35,500 - INFO - 💻 Current version: 1.1.2
2025-08-26 16:04:35,500 - INFO - 📄 Latest version: 1.1.2
2025-08-26 16:04:35,500 - INFO - 🔍 Comparing versions: '1.1.2' vs '1.1.2'
2025-08-26 16:04:35,500 - INFO - ✅ Semantic version comparison: Versions are equal
2025-08-26 16:04:35,500 - INFO - ✅ App is up to date
2025-08-26 16:04:35,500 - INFO - ✅ No updates needed
2025-08-26 16:04:35,500 - INFO - ========================================
2025-08-26 16:04:35,501 - INFO - 🎯 LAUNCHING MAIN APPLICATION
2025-08-26 16:04:35,501 - INFO - ========================================
2025-08-26 16:04:35,993 - INFO - 📱 Calling login_gui.main()
2025-08-26 16:05:16,531 - INFO - ✅ Configuration loaded from updater.ini
2025-08-26 16:05:16,532 - INFO - ✅ Single instance lock acquired
2025-08-26 16:05:16,532 - INFO - ============================================================
2025-08-26 16:05:16,532 - INFO - 🚀 RMS LATEST RELEASE UPDATER STARTING
2025-08-26 16:05:16,533 - INFO - ============================================================
2025-08-26 16:05:16,533 - INFO - 🔍 Checking for updates using latest release...
2025-08-26 16:05:16,533 - INFO - 🔍 Fetching latest release information from GitHub...
2025-08-26 16:05:16,533 - INFO - 📡 API URL: https://api.github.com/repos/food2g0/Centralized-Image-Uploader/releases/latest
2025-08-26 16:05:16,533 - INFO - 🌐 Attempting to connect to https://api.github.com/repos/food2g0/Centralized-Image-Uploader/releases/latest (attempt 1/3)
2025-08-26 16:05:16,944 - INFO - ✅ Request successful (Status: 200)
2025-08-26 16:05:16,944 - INFO - 📄 Latest release: 1.1.2
2025-08-26 16:05:16,944 - INFO - 📝 Release name: Update V 1.1.2
2025-08-26 16:05:16,944 - INFO - 📅 Published: 2025-08-26T07:39:03Z
2025-08-26 16:05:16,945 - INFO - ⬇️ Download URL: https://github.com/food2g0/Centralized-Image-Uploader/releases/download/1.1.2/installer.exe
2025-08-26 16:05:16,945 - INFO - 💻 Current version: 1.1.2
2025-08-26 16:05:16,945 - INFO - 📄 Latest version: 1.1.2
2025-08-26 16:05:16,945 - INFO - 🔍 Comparing versions: '1.1.2' vs '1.1.2'
2025-08-26 16:05:16,945 - INFO - ✅ Semantic version comparison: Versions are equal
2025-08-26 16:05:16,945 - INFO - ✅ App is up to date
2025-08-26 16:05:16,945 - INFO - ✅ No updates needed
2025-08-26 16:05:16,945 - INFO - ========================================
2025-08-26 16:05:16,946 - INFO - 🎯 LAUNCHING MAIN APPLICATION
2025-08-26 16:05:16,946 - INFO - ========================================
2025-08-26 16:05:17,453 - INFO - 📱 Calling login_gui.main()
2025-08-26 16:08:42,803 - INFO - ✅ Configuration loaded from updater.ini
2025-08-26 16:08:42,803 - INFO - ✅ Single instance lock acquired
2025-08-26 16:08:42,803 - INFO - ============================================================
2025-08-26 16:08:42,803 - INFO - 🚀 RMS LATEST RELEASE UPDATER STARTING
2025-08-26 16:08:42,803 - INFO - ============================================================
2025-08-26 16:08:42,804 - INFO - 🔍 Checking for updates using latest release...
2025-08-26 16:08:42,804 - INFO - 🔍 Fetching latest release information from GitHub...
2025-08-26 16:08:42,804 - INFO - 📡 API URL: https://api.github.com/repos/food2g0/Centralized-Image-Uploader/releases/latest
2025-08-26 16:08:42,804 - INFO - 🌐 Attempting to connect to https://api.github.com/repos/food2g0/Centralized-Image-Uploader/releases/latest (attempt 1/3)
2025-08-26 16:08:43,191 - INFO - ✅ Request successful (Status: 200)
2025-08-26 16:08:43,191 - INFO - 📄 Latest release: 1.1.2
2025-08-26 16:08:43,191 - INFO - 📝 Release name: Update V 1.1.2
2025-08-26 16:08:43,191 - INFO - 📅 Published: 2025-08-26T07:39:03Z
2025-08-26 16:08:43,191 - INFO - ⬇️ Download URL: https://github.com/food2g0/Centralized-Image-Uploader/releases/download/1.1.2/installer.exe
2025-08-26 16:08:43,191 - INFO - 💻 Current version: 1.1.2
2025-08-26 16:08:43,192 - INFO - 📄 Latest version: 1.1.2
2025-08-26 16:08:43,192 - INFO - 🔍 Comparing versions: '1.1.2' vs '1.1.2'
2025-08-26 16:08:43,192 - INFO - ✅ Semantic version comparison: Versions are equal
2025-08-26 16:08:43,192 - INFO - ✅ App is up to date
2025-08-26 16:08:43,192 - INFO - ✅ No updates needed
2025-08-26 16:08:43,192 - INFO - ========================================
2025-08-26 16:08:43,192 - INFO - 🎯 LAUNCHING MAIN APPLICATION
2025-08-26 16:08:43,192 - INFO - ========================================
2025-08-26 16:08:43,681 - INFO - 📱 Calling login_gui.main()
2025-08-26 16:11:50,185 - INFO - ✅ Configuration loaded from updater.ini
2025-08-26 16:11:50,186 - INFO - ✅ Single instance lock acquired
2025-08-26 16:11:50,186 - INFO - ============================================================
2025-08-26 16:11:50,186 - INFO - 🚀 RMS LATEST RELEASE UPDATER STARTING
2025-08-26 16:11:50,186 - INFO - ============================================================
2025-08-26 16:11:50,186 - INFO - 🔍 Checking for updates using latest release...
2025-08-26 16:11:50,186 - INFO - 🔍 Fetching latest release information from GitHub...
2025-08-26 16:11:50,187 - INFO - 📡 API URL: https://api.github.com/repos/food2g0/Centralized-Image-Uploader/releases/latest
2025-08-26 16:11:50,187 - INFO - 🌐 Attempting to connect to https://api.github.com/repos/food2g0/Centralized-Image-Uploader/releases/latest (attempt 1/3)
2025-08-26 16:11:50,593 - INFO - ✅ Request successful (Status: 200)
2025-08-26 16:11:50,594 - INFO - 📄 Latest release: 1.1.2
2025-08-26 16:11:50,594 - INFO - 📝 Release name: Update V 1.1.2
2025-08-26 16:11:50,594 - INFO - 📅 Published: 2025-08-26T07:39:03Z
2025-08-26 16:11:50,594 - INFO - ⬇️ Download URL: https://github.com/food2g0/Centralized-Image-Uploader/releases/download/1.1.2/installer.exe
2025-08-26 16:11:50,594 - INFO - 💻 Current version: 1.1.2
2025-08-26 16:11:50,594 - INFO - 📄 Latest version: 1.1.2
2025-08-26 16:11:50,594 - INFO - 🔍 Comparing versions: '1.1.2' vs '1.1.2'
2025-08-26 16:11:50,594 - INFO - ✅ Semantic version comparison: Versions are equal
2025-08-26 16:11:50,595 - INFO - ✅ App is up to date
2025-08-26 16:11:50,595 - INFO - ✅ No updates needed
2025-08-26 16:11:50,595 - INFO - ========================================
2025-08-26 16:11:50,595 - INFO - 🎯 LAUNCHING MAIN APPLICATION
2025-08-26 16:11:50,595 - INFO - ========================================
2025-08-26 16:11:51,112 - INFO - 📱 Calling login_gui.main()
2025-08-27 10:54:58,058 - INFO - ✅ Configuration loaded from updater.ini
2025-08-27 10:54:58,059 - INFO - ✅ Single instance lock acquired
2025-08-27 10:54:58,059 - INFO - ============================================================
2025-08-27 10:54:58,071 - INFO - 🚀 RMS LATEST RELEASE UPDATER STARTING
2025-08-27 10:54:58,071 - INFO - ============================================================
2025-08-27 10:54:58,072 - INFO - ✅ Updated version file to: 1.1.2
2025-08-27 10:54:58,072 - INFO - 📄 Created initial version file with: 1.1.2
2025-08-27 10:54:58,072 - INFO - 🔍 Checking for updates using latest release...
2025-08-27 10:54:58,072 - INFO - 🔍 Fetching latest release information from GitHub...
2025-08-27 10:54:58,072 - INFO - 📡 API URL: https://api.github.com/repos/food2g0/Centralized-Image-Uploader/releases/latest
2025-08-27 10:54:58,072 - INFO - 🌐 Attempting to connect to https://api.github.com/repos/food2g0/Centralized-Image-Uploader/releases/latest (attempt 1/3)
2025-08-27 10:54:58,480 - INFO - ✅ Request successful (Status: 200)
2025-08-27 10:54:58,480 - INFO - 📄 Latest release: 1.1.2
2025-08-27 10:54:58,480 - INFO - 📝 Release name: Update V 1.1.2
2025-08-27 10:54:58,480 - INFO - 📅 Published: 2025-08-26T07:39:03Z
2025-08-27 10:54:58,480 - INFO - ⬇️ Download URL: https://github.com/food2g0/Centralized-Image-Uploader/releases/download/1.1.2/installer.exe
2025-08-27 10:54:58,481 - INFO - 💻 Current version: 1.1.2
2025-08-27 10:54:58,481 - INFO - 📄 Latest version: 1.1.2
2025-08-27 10:54:58,481 - INFO - 🔍 Comparing versions: '1.1.2' vs '1.1.2'
2025-08-27 10:54:58,481 - INFO - ✅ Semantic version comparison: Versions are equal
2025-08-27 10:54:58,481 - INFO - ✅ App is up to date
2025-08-27 10:54:58,482 - INFO - ✅ No updates needed
2025-08-27 10:54:58,482 - INFO - ========================================
2025-08-27 10:54:58,482 - INFO - 🎯 LAUNCHING MAIN APPLICATION
2025-08-27 10:54:58,482 - INFO - ========================================
2025-08-27 10:54:59,796 - INFO - 📱 Calling login_gui.main()
2025-08-27 11:11:51,992 - INFO - ✅ Configuration loaded from updater.ini
2025-08-27 11:11:51,992 - INFO - 📄 Version from config: 1.1.2
2025-08-27 11:11:51,993 - INFO - ✅ Single instance lock acquired
2025-08-27 11:11:51,993 - INFO - 🔧 Initializing application files...
2025-08-27 11:11:51,993 - INFO - 📄 Created initial version file with: 1.1.2
2025-08-27 11:11:52,000 - INFO - ✅ Application files initialized successfully
2025-08-27 11:11:52,000 - INFO - ============================================================
2025-08-27 11:11:52,000 - INFO - 🚀 RMS LATEST RELEASE UPDATER STARTING
2025-08-27 11:11:52,000 - INFO - ============================================================
2025-08-27 11:11:52,000 - INFO - 🔍 Checking for updates using latest release...
2025-08-27 11:11:52,000 - INFO - 🔍 Fetching latest release information from GitHub...
2025-08-27 11:11:52,001 - INFO - 📡 API URL: https://api.github.com/repos/food2g0/Centralized-Image-Uploader/releases/latest
2025-08-27 11:11:52,001 - INFO - 🌐 Attempting to connect to https://api.github.com/repos/food2g0/Centralized-Image-Uploader/releases/latest (attempt 1/3)
2025-08-27 11:11:52,424 - INFO - ✅ Request successful (Status: 200)
2025-08-27 11:11:52,424 - INFO - 📄 Latest release: 1.1.2
2025-08-27 11:11:52,424 - INFO - 📝 Release name: Update V 1.1.2
2025-08-27 11:11:52,424 - INFO - 📅 Published: 2025-08-26T07:39:03Z
2025-08-27 11:11:52,424 - INFO - ⬇️ Download URL: https://github.com/food2g0/Centralized-Image-Uploader/releases/download/1.1.2/installer.exe
2025-08-27 11:11:52,424 - INFO - 💻 Current version: 1.1.2
2025-08-27 11:11:52,425 - INFO - 📄 Latest version: 1.1.2
2025-08-27 11:11:52,425 - INFO - 🔍 Comparing versions: '1.1.2' vs '1.1.2'
2025-08-27 11:11:52,425 - INFO - ✅ Semantic version comparison: Versions are equal
2025-08-27 11:11:52,425 - INFO - ✅ App is up to date
2025-08-27 11:11:52,425 - INFO - ✅ No updates needed
2025-08-27 11:11:52,425 - INFO - ========================================
2025-08-27 11:11:52,425 - INFO - 🎯 LAUNCHING MAIN APPLICATION
2025-08-27 11:11:52,425 - INFO - ========================================
2025-08-27 11:11:52,921 - INFO - 📱 Calling login_gui.main()
2025-08-27 11:12:25,212 - INFO - ✅ Configuration loaded from updater.ini
2025-08-27 11:12:25,212 - INFO - 📄 Version from config: 1.1.2
2025-08-27 11:12:25,213 - INFO - ✅ Single instance lock acquired
2025-08-27 11:12:25,213 - INFO - 🔧 Initializing application files...
2025-08-27 11:12:25,213 - INFO - ✅ Application files initialized successfully
2025-08-27 11:12:25,213 - INFO - ============================================================
2025-08-27 11:12:25,213 - INFO - 🚀 RMS LATEST RELEASE UPDATER STARTING
2025-08-27 11:12:25,213 - INFO - ============================================================
2025-08-27 11:12:25,213 - INFO - 🔍 Checking for updates using latest release...
2025-08-27 11:12:25,214 - INFO - 🔍 Fetching latest release information from GitHub...
2025-08-27 11:12:25,214 - INFO - 📡 API URL: https://api.github.com/repos/food2g0/Centralized-Image-Uploader/releases/latest
2025-08-27 11:12:25,214 - INFO - 🌐 Attempting to connect to https://api.github.com/repos/food2g0/Centralized-Image-Uploader/releases/latest (attempt 1/3)
2025-08-27 11:12:25,622 - INFO - ✅ Request successful (Status: 200)
2025-08-27 11:12:25,623 - INFO - 📄 Latest release: 1.1.2
2025-08-27 11:12:25,623 - INFO - 📝 Release name: Update V 1.1.2
2025-08-27 11:12:25,623 - INFO - 📅 Published: 2025-08-26T07:39:03Z
2025-08-27 11:12:25,623 - INFO - ⬇️ Download URL: https://github.com/food2g0/Centralized-Image-Uploader/releases/download/1.1.2/installer.exe
2025-08-27 11:12:25,624 - INFO - 💻 Current version: 1.1.2
2025-08-27 11:12:25,624 - INFO - 📄 Latest version: 1.1.2
2025-08-27 11:12:25,624 - INFO - 🔍 Comparing versions: '1.1.2' vs '1.1.2'
2025-08-27 11:12:25,624 - INFO - ✅ Semantic version comparison: Versions are equal
2025-08-27 11:12:25,624 - INFO - ✅ App is up to date
2025-08-27 11:12:25,624 - INFO - ✅ No updates needed
2025-08-27 11:12:25,624 - INFO - ========================================
2025-08-27 11:12:25,624 - INFO - 🎯 LAUNCHING MAIN APPLICATION
2025-08-27 11:12:25,624 - INFO - ========================================
2025-08-27 11:12:26,105 - INFO - 📱 Calling login_gui.main()
2025-08-27 11:13:05,047 - INFO - ✅ Configuration loaded from updater.ini
2025-08-27 11:13:05,048 - INFO - 📄 Version from config: 1.1.2
2025-08-27 11:13:05,048 - INFO - ✅ Single instance lock acquired
2025-08-27 11:13:05,048 - INFO - 🔧 Initializing application files...
2025-08-27 11:13:05,049 - INFO - 📄 Created initial version file with: 1.1.2
2025-08-27 11:13:05,050 - INFO - ✅ Application files initialized successfully
2025-08-27 11:13:05,050 - INFO - ============================================================
2025-08-27 11:13:05,050 - INFO - 🚀 RMS LATEST RELEASE UPDATER STARTING
2025-08-27 11:13:05,050 - INFO - ============================================================
2025-08-27 11:13:05,050 - INFO - 🔍 Checking for updates using latest release...
2025-08-27 11:13:05,051 - INFO - 🔍 Fetching latest release information from GitHub...
2025-08-27 11:13:05,051 - INFO - 📡 API URL: https://api.github.com/repos/food2g0/Centralized-Image-Uploader/releases/latest
2025-08-27 11:13:05,051 - INFO - 🌐 Attempting to connect to https://api.github.com/repos/food2g0/Centralized-Image-Uploader/releases/latest (attempt 1/3)
2025-08-27 11:13:05,452 - INFO - ✅ Request successful (Status: 200)
2025-08-27 11:13:05,452 - INFO - 📄 Latest release: 1.1.2
2025-08-27 11:13:05,452 - INFO - 📝 Release name: Update V 1.1.2
2025-08-27 11:13:05,452 - INFO - 📅 Published: 2025-08-26T07:39:03Z
2025-08-27 11:13:05,452 - INFO - ⬇️ Download URL: https://github.com/food2g0/Centralized-Image-Uploader/releases/download/1.1.2/installer.exe
2025-08-27 11:13:05,453 - INFO - 💻 Current version: 1.1.2
2025-08-27 11:13:05,453 - INFO - 📄 Latest version: 1.1.2
2025-08-27 11:13:05,453 - INFO - 🔍 Comparing versions: '1.1.2' vs '1.1.2'
2025-08-27 11:13:05,453 - INFO - ✅ Semantic version comparison: Versions are equal
2025-08-27 11:13:05,453 - INFO - ✅ App is up to date
2025-08-27 11:13:05,453 - INFO - ✅ No updates needed
2025-08-27 11:13:05,454 - INFO - ========================================
2025-08-27 11:13:05,454 - INFO - 🎯 LAUNCHING MAIN APPLICATION
2025-08-27 11:13:05,454 - INFO - ========================================
2025-08-27 11:13:05,948 - INFO - 📱 Calling login_gui.main()
2025-08-27 11:13:13,689 - INFO - ✅ Configuration loaded from updater.ini
2025-08-27 11:13:13,689 - INFO - 📄 Version from config: 1.1.2
2025-08-27 11:13:13,690 - INFO - ✅ Single instance lock acquired
2025-08-27 11:13:13,690 - INFO - 🔧 Initializing application files...
2025-08-27 11:13:13,690 - INFO - 🔄 Version mismatch detected: file=1.1.1, config=1.1.2
2025-08-27 11:13:13,691 - INFO - ✅ Updated config version to: 1.1.1
2025-08-27 11:13:13,691 - INFO - ✅ Version synchronized to: 1.1.1
2025-08-27 11:13:13,691 - INFO - ✅ Application files initialized successfully
2025-08-27 11:13:13,691 - INFO - ============================================================
2025-08-27 11:13:13,691 - INFO - 🚀 RMS LATEST RELEASE UPDATER STARTING
2025-08-27 11:13:13,691 - INFO - ============================================================
2025-08-27 11:13:13,692 - INFO - 🔍 Checking for updates using latest release...
2025-08-27 11:13:13,692 - INFO - 🔍 Fetching latest release information from GitHub...
2025-08-27 11:13:13,692 - INFO - 📡 API URL: https://api.github.com/repos/food2g0/Centralized-Image-Uploader/releases/latest
2025-08-27 11:13:13,692 - INFO - 🌐 Attempting to connect to https://api.github.com/repos/food2g0/Centralized-Image-Uploader/releases/latest (attempt 1/3)
2025-08-27 11:13:13,812 - INFO - ✅ Request successful (Status: 200)
2025-08-27 11:13:13,813 - INFO - 📄 Latest release: 1.1.2
2025-08-27 11:13:13,813 - INFO - 📝 Release name: Update V 1.1.2
2025-08-27 11:13:13,813 - INFO - 📅 Published: 2025-08-26T07:39:03Z
2025-08-27 11:13:13,813 - INFO - ⬇️ Download URL: https://github.com/food2g0/Centralized-Image-Uploader/releases/download/1.1.2/installer.exe
2025-08-27 11:13:13,813 - INFO - 💻 Current version: 1.1.1
2025-08-27 11:13:13,813 - INFO - 📄 Latest version: 1.1.2
2025-08-27 11:13:13,813 - INFO - 🔍 Comparing versions: '1.1.1' vs '1.1.2'
2025-08-27 11:13:13,814 - INFO - ⬆️ Semantic version comparison: Update available
2025-08-27 11:13:13,814 - INFO - ⬆️ Update available!
2025-08-27 11:13:13,814 - INFO - 📋 Created preservation instructions: update_instructions.txt
2025-08-27 11:13:13,819 - INFO - 📋 Backed up file: updater.ini
2025-08-27 11:13:13,820 - INFO - 📋 Backed up file: updater.log
2025-08-27 11:13:13,821 - INFO - ✅ Backed up 2 items to C:\Users\Paww\AppData\Local\Temp\RMS_backup
2025-08-27 11:13:13,821 - INFO - 📱 Showing update dialog for latest release: 1.1.2
2025-08-27 11:13:16,092 - INFO - 👤 User accepted update
2025-08-27 11:13:16,092 - INFO - ⬇️ Downloading installer from: https://github.com/food2g0/Centralized-Image-Uploader/releases/download/1.1.2/installer.exe
2025-08-27 11:13:16,093 - INFO - 🌐 Attempting to connect to https://github.com/food2g0/Centralized-Image-Uploader/releases/download/1.1.2/installer.exe (attempt 1/3)
2025-08-27 11:13:17,349 - INFO - ✅ Request successful (Status: 200)
2025-08-27 11:13:17,350 - INFO - 📁 Installer size: 66.14 MB
2025-08-27 11:13:17,351 - INFO - 📥 Download progress: 1.2%
2025-08-27 11:13:17,352 - INFO - 📥 Download progress: 2.4%
2025-08-27 11:13:17,353 - INFO - 📥 Download progress: 3.5%
2025-08-27 11:13:17,354 - INFO - 📥 Download progress: 4.7%
2025-08-27 11:13:17,355 - INFO - 📥 Download progress: 5.9%
2025-08-27 11:13:17,356 - INFO - 📥 Download progress: 7.1%
2025-08-27 11:13:17,357 - INFO - 📥 Download progress: 8.3%
2025-08-27 11:13:17,358 - INFO - 📥 Download progress: 9.4%
2025-08-27 11:13:17,359 - INFO - 📥 Download progress: 10.6%
2025-08-27 11:13:17,360 - INFO - 📥 Download progress: 11.8%
2025-08-27 11:13:17,361 - INFO - 📥 Download progress: 13.0%
2025-08-27 11:13:17,363 - INFO - 📥 Download progress: 14.2%
2025-08-27 11:13:17,364 - INFO - 📥 Download progress: 15.4%
2025-08-27 11:13:17,365 - INFO - 📥 Download progress: 16.5%
2025-08-27 11:13:17,366 - INFO - 📥 Download progress: 17.7%
2025-08-27 11:13:17,367 - INFO - 📥 Download progress: 18.9%
2025-08-27 11:13:17,369 - INFO - 📥 Download progress: 20.1%
2025-08-27 11:13:17,370 - INFO - 📥 Download progress: 21.3%
2025-08-27 11:13:17,371 - INFO - 📥 Download progress: 22.4%
2025-08-27 11:13:17,372 - INFO - 📥 Download progress: 23.6%
2025-08-27 11:13:17,373 - INFO - 📥 Download progress: 24.8%
2025-08-27 11:13:17,374 - INFO - 📥 Download progress: 26.0%
2025-08-27 11:13:17,375 - INFO - 📥 Download progress: 27.2%
2025-08-27 11:13:17,376 - INFO - 📥 Download progress: 28.3%
2025-08-27 11:13:17,377 - INFO - 📥 Download progress: 29.5%
2025-08-27 11:13:17,378 - INFO - 📥 Download progress: 30.7%
2025-08-27 11:13:17,379 - INFO - 📥 Download progress: 31.9%
2025-08-27 11:13:17,381 - INFO - 📥 Download progress: 33.1%
2025-08-27 11:13:17,382 - INFO - 📥 Download progress: 34.3%
2025-08-27 11:13:17,383 - INFO - 📥 Download progress: 35.4%
2025-08-27 11:13:17,384 - INFO - 📥 Download progress: 36.6%
2025-08-27 11:13:17,385 - INFO - 📥 Download progress: 37.8%
2025-08-27 11:13:17,386 - INFO - 📥 Download progress: 39.0%
2025-08-27 11:13:17,387 - INFO - 📥 Download progress: 40.2%
2025-08-27 11:13:17,389 - INFO - 📥 Download progress: 41.3%
2025-08-27 11:13:17,390 - INFO - 📥 Download progress: 42.5%
2025-08-27 11:13:17,391 - INFO - 📥 Download progress: 43.7%
2025-08-27 11:13:17,396 - INFO - 📥 Download progress: 44.9%
2025-08-27 11:13:17,397 - INFO - 📥 Download progress: 46.1%
2025-08-27 11:13:17,399 - INFO - 📥 Download progress: 47.2%
2025-08-27 11:13:17,400 - INFO - 📥 Download progress: 48.4%
2025-08-27 11:13:17,402 - INFO - 📥 Download progress: 49.6%
2025-08-27 11:13:17,403 - INFO - 📥 Download progress: 50.8%
2025-08-27 11:13:17,404 - INFO - 📥 Download progress: 52.0%
2025-08-27 11:13:17,405 - INFO - 📥 Download progress: 53.2%
2025-08-27 11:13:17,406 - INFO - 📥 Download progress: 54.3%
2025-08-27 11:13:17,407 - INFO - 📥 Download progress: 55.5%
2025-08-27 11:13:17,408 - INFO - 📥 Download progress: 56.7%
2025-08-27 11:13:17,409 - INFO - 📥 Download progress: 57.9%
2025-08-27 11:13:17,410 - INFO - 📥 Download progress: 59.1%
2025-08-27 11:13:17,411 - INFO - 📥 Download progress: 60.2%
2025-08-27 11:13:17,413 - INFO - 📥 Download progress: 61.4%
2025-08-27 11:13:17,414 - INFO - 📥 Download progress: 62.6%
2025-08-27 11:13:17,415 - INFO - 📥 Download progress: 63.8%
2025-08-27 11:13:17,416 - INFO - 📥 Download progress: 65.0%
2025-08-27 11:13:17,417 - INFO - 📥 Download progress: 66.1%
2025-08-27 11:13:17,418 - INFO - 📥 Download progress: 67.3%
2025-08-27 11:13:17,419 - INFO - 📥 Download progress: 68.5%
2025-08-27 11:13:17,421 - INFO - 📥 Download progress: 69.7%
2025-08-27 11:13:17,422 - INFO - 📥 Download progress: 70.9%
2025-08-27 11:13:17,423 - INFO - 📥 Download progress: 72.1%
2025-08-27 11:13:17,424 - INFO - 📥 Download progress: 73.2%
2025-08-27 11:13:17,426 - INFO - 📥 Download progress: 74.4%
2025-08-27 11:13:17,427 - INFO - 📥 Download progress: 75.6%
2025-08-27 11:13:17,429 - INFO - 📥 Download progress: 76.8%
2025-08-27 11:13:17,429 - INFO - 📥 Download progress: 78.0%
2025-08-27 11:13:17,430 - INFO - 📥 Download progress: 79.1%
2025-08-27 11:13:17,431 - INFO - 📥 Download progress: 80.3%
2025-08-27 11:13:17,432 - INFO - 📥 Download progress: 81.5%
2025-08-27 11:13:17,433 - INFO - 📥 Download progress: 82.7%
2025-08-27 11:13:17,434 - INFO - 📥 Download progress: 83.9%
2025-08-27 11:13:17,435 - INFO - 📥 Download progress: 85.0%
2025-08-27 11:13:17,436 - INFO - 📥 Download progress: 86.2%
2025-08-27 11:13:17,437 - INFO - 📥 Download progress: 87.4%
2025-08-27 11:13:17,438 - INFO - 📥 Download progress: 88.6%
2025-08-27 11:13:17,438 - INFO - 📥 Download progress: 89.8%
2025-08-27 11:13:17,440 - INFO - 📥 Download progress: 91.0%
2025-08-27 11:13:17,441 - INFO - 📥 Download progress: 92.1%
2025-08-27 11:13:17,442 - INFO - 📥 Download progress: 93.3%
2025-08-27 11:13:17,443 - INFO - 📥 Download progress: 94.5%
2025-08-27 11:13:17,444 - INFO - 📥 Download progress: 95.7%
2025-08-27 11:13:17,445 - INFO - 📥 Download progress: 96.9%
2025-08-27 11:13:17,446 - INFO - 📥 Download progress: 98.0%
2025-08-27 11:13:17,447 - INFO - 📥 Download progress: 99.2%
2025-08-27 11:13:17,448 - INFO - 💾 Installer saved to: C:\Users\Paww\AppData\Local\Temp\updater_1iiah1ec.exe
2025-08-27 11:13:17,452 - INFO - ✅ Updated version file to: 1.1.2
2025-08-27 11:13:17,453 - INFO - ✅ Updated config version to: 1.1.2
2025-08-27 11:13:20,052 - INFO - 🚀 Launching installer: C:\Users\Paww\AppData\Local\Temp\updater_1iiah1ec.exe
2025-08-27 11:13:22,354 - INFO - 🔄 Exiting for update...
2025-08-27 11:22:09,735 - INFO - Configuration loaded from updater.ini
2025-08-27 11:22:09,735 - INFO - Version from config: 1.1.2
2025-08-27 11:22:09,736 - WARNING - Another instance is running: [Errno 13] Permission denied
2025-08-27 11:22:19,153 - INFO - Configuration loaded from updater.ini
2025-08-27 11:22:19,153 - INFO - Version from config: 1.1.2
2025-08-27 11:22:19,154 - INFO - Single instance lock acquired
2025-08-27 11:22:19,154 - INFO - ==================================================
2025-08-27 11:22:19,154 - INFO - VERSION STATUS DEBUG
2025-08-27 11:22:19,154 - INFO - ==================================================
2025-08-27 11:22:19,154 - INFO - version.txt does not exist
2025-08-27 11:22:19,154 - INFO - CONFIG current_version: '1.1.2'
2025-08-27 11:22:19,154 - INFO - updater.ini contains version: '1.1.2'
2025-08-27 11:22:19,155 - INFO - No pending updates
2025-08-27 11:22:19,155 - INFO - ==================================================
2025-08-27 11:22:19,155 - INFO - Initializing application files...
2025-08-27 11:22:19,155 - INFO - Created initial version file with: 1.1.2
2025-08-27 11:22:19,156 - INFO - Application files initialized successfully
2025-08-27 11:22:19,156 - INFO - ============================================================
2025-08-27 11:22:19,156 - INFO - RMS LATEST RELEASE UPDATER STARTING
2025-08-27 11:22:19,156 - INFO - ============================================================
2025-08-27 11:22:19,156 - INFO - Checking for updates using latest release...
2025-08-27 11:22:19,157 - INFO - Fetching latest release information from GitHub...
2025-08-27 11:22:19,157 - INFO - API URL: https://api.github.com/repos/food2g0/Centralized-Image-Uploader/releases/latest
2025-08-27 11:22:19,157 - INFO - Attempting to connect to https://api.github.com/repos/food2g0/Centralized-Image-Uploader/releases/latest (attempt 1/3)
2025-08-27 11:22:19,558 - INFO - Request successful (Status: 200)
2025-08-27 11:22:19,558 - INFO - Latest release: 1.1.2
2025-08-27 11:22:19,558 - INFO - Release name: Update V 1.1.2
2025-08-27 11:22:19,558 - INFO - Published: 2025-08-26T07:39:03Z
2025-08-27 11:22:19,558 - INFO - Download URL: https://github.com/food2g0/Centralized-Image-Uploader/releases/download/1.1.2/installer.exe
2025-08-27 11:22:19,559 - INFO - Current version: 1.1.2
2025-08-27 11:22:19,559 - INFO - Latest version: 1.1.2
2025-08-27 11:22:19,559 - INFO - Comparing versions: '1.1.2' vs '1.1.2'
2025-08-27 11:22:19,559 - INFO - Semantic version comparison: Versions are equal
2025-08-27 11:22:19,559 - INFO - App is up to date
2025-08-27 11:22:19,559 - INFO - No updates needed
2025-08-27 11:22:19,559 - INFO - ========================================
2025-08-27 11:22:19,559 - INFO - LAUNCHING MAIN APPLICATION
2025-08-27 11:22:19,559 - INFO - ========================================
2025-08-27 11:22:20,088 - INFO - Calling login_gui.main()
2025-08-27 11:47:25,629 - INFO - Configuration loaded from updater.ini
2025-08-27 11:47:25,629 - INFO - Version from config: 1.1.2
2025-08-27 11:47:25,630 - INFO - Single instance lock acquired
2025-08-27 11:47:25,630 - INFO - ==================================================
2025-08-27 11:47:25,630 - INFO - VERSION STATUS DEBUG
2025-08-27 11:47:25,630 - INFO - ==================================================
2025-08-27 11:47:25,630 - INFO - version.txt contains: '1.1.2'
2025-08-27 11:47:25,631 - INFO - CONFIG current_version: '1.1.2'
2025-08-27 11:47:25,631 - INFO - updater.ini contains version: '1.1.2'
2025-08-27 11:47:25,631 - INFO - No pending updates
2025-08-27 11:47:25,631 - INFO - ==================================================
2025-08-27 11:47:25,631 - INFO - Initializing application files...
2025-08-27 11:47:25,631 - INFO - Application files initialized successfully
2025-08-27 11:47:25,631 - INFO - ============================================================
2025-08-27 11:47:25,632 - INFO - RMS LATEST RELEASE UPDATER STARTING
2025-08-27 11:47:25,632 - INFO - ============================================================
2025-08-27 11:47:25,632 - INFO - Checking for updates using latest release...
2025-08-27 11:47:25,632 - INFO - Fetching latest release information from GitHub...
2025-08-27 11:47:25,632 - INFO - API URL: https://api.github.com/repos/food2g0/Centralized-Image-Uploader/releases/latest
2025-08-27 11:47:25,632 - INFO - Attempting to connect to https://api.github.com/repos/food2g0/Centralized-Image-Uploader/releases/latest (attempt 1/3)
2025-08-27 11:47:26,072 - INFO - Request successful (Status: 200)
2025-08-27 11:47:26,072 - INFO - Latest release: 1.1.2
2025-08-27 11:47:26,072 - INFO - Release name: Update V 1.1.2
2025-08-27 11:47:26,072 - INFO - Published: 2025-08-26T07:39:03Z
2025-08-27 11:47:26,072 - INFO - Download URL: https://github.com/food2g0/Centralized-Image-Uploader/releases/download/1.1.2/installer.exe
2025-08-27 11:47:26,072 - INFO - Current version: 1.1.2
2025-08-27 11:47:26,073 - INFO - Latest version: 1.1.2
2025-08-27 11:47:26,073 - INFO - Comparing versions: '1.1.2' vs '1.1.2'
2025-08-27 11:47:26,073 - INFO - Semantic version comparison: Versions are equal
2025-08-27 11:47:26,073 - INFO - App is up to date
2025-08-27 11:47:26,073 - INFO - No updates needed
2025-08-27 11:47:26,073 - INFO - ========================================
2025-08-27 11:47:26,073 - INFO - LAUNCHING MAIN APPLICATION
2025-08-27 11:47:26,073 - INFO - ========================================
2025-08-27 11:47:26,567 - INFO - Calling login_gui.main()
2025-08-27 11:52:27,169 - INFO - Configuration loaded from updater.ini
2025-08-27 11:52:27,170 - INFO - Version from config: 1.1.2
2025-08-27 11:52:27,170 - INFO - Single instance lock acquired
2025-08-27 11:52:27,170 - INFO - ==================================================
2025-08-27 11:52:27,170 - INFO - VERSION STATUS DEBUG
2025-08-27 11:52:27,171 - INFO - ==================================================
2025-08-27 11:52:27,171 - INFO - version.txt contains: '1.1.2'
2025-08-27 11:52:27,171 - INFO - CONFIG current_version: '1.1.2'
2025-08-27 11:52:27,171 - INFO - updater.ini contains version: '1.1.2'
2025-08-27 11:52:27,172 - INFO - No pending updates
2025-08-27 11:52:27,172 - INFO - ==================================================
2025-08-27 11:52:27,172 - INFO - Initializing application files...
2025-08-27 11:52:27,172 - INFO - Application files initialized successfully
2025-08-27 11:52:27,172 - INFO - ============================================================
2025-08-27 11:52:27,172 - INFO - RMS LATEST RELEASE UPDATER STARTING
2025-08-27 11:52:27,172 - INFO - ============================================================
2025-08-27 11:52:27,172 - INFO - Checking for updates using latest release...
2025-08-27 11:52:27,173 - INFO - Fetching latest release information from GitHub...
2025-08-27 11:52:27,173 - INFO - API URL: https://api.github.com/repos/food2g0/Centralized-Image-Uploader/releases/latest
2025-08-27 11:52:27,173 - INFO - Attempting to connect to https://api.github.com/repos/food2g0/Centralized-Image-Uploader/releases/latest (attempt 1/3)
2025-08-27 11:52:27,580 - INFO - Request successful (Status: 200)
2025-08-27 11:52:27,581 - INFO - Latest release: 1.1.2
2025-08-27 11:52:27,581 - INFO - Release name: Update V 1.1.2
2025-08-27 11:52:27,581 - INFO - Published: 2025-08-26T07:39:03Z
2025-08-27 11:52:27,581 - INFO - Download URL: https://github.com/food2g0/Centralized-Image-Uploader/releases/download/1.1.2/installer.exe
2025-08-27 11:52:27,581 - INFO - Current version: 1.1.2
2025-08-27 11:52:27,581 - INFO - Latest version: 1.1.2
2025-08-27 11:52:27,581 - INFO - Comparing versions: '1.1.2' vs '1.1.2'
2025-08-27 11:52:27,581 - INFO - Semantic version comparison: Versions are equal
2025-08-27 11:52:27,581 - INFO - App is up to date
2025-08-27 11:52:27,582 - INFO - No updates needed
2025-08-27 11:52:27,582 - INFO - ========================================
2025-08-27 11:52:27,582 - INFO - LAUNCHING MAIN APPLICATION
2025-08-27 11:52:27,582 - INFO - ========================================
2025-08-27 11:52:28,073 - INFO - Calling login_gui.main()
2025-08-27 13:29:22,662 - INFO - Configuration loaded from updater.ini
2025-08-27 13:29:22,662 - INFO - Version from config: 1.1.2
2025-08-27 13:29:22,663 - INFO - Single instance lock acquired
2025-08-27 13:29:22,663 - INFO - ==================================================
2025-08-27 13:29:22,663 - INFO - VERSION STATUS DEBUG
2025-08-27 13:29:22,663 - INFO - ==================================================
2025-08-27 13:29:22,664 - INFO - version.txt contains: '1.1.2'
2025-08-27 13:29:22,664 - INFO - CONFIG current_version: '1.1.2'
2025-08-27 13:29:22,664 - INFO - updater.ini contains version: '1.1.2'
2025-08-27 13:29:22,664 - INFO - No pending updates
2025-08-27 13:29:22,664 - INFO - ==================================================
2025-08-27 13:29:22,664 - INFO - Initializing application files...
2025-08-27 13:29:22,665 - INFO - Application files initialized successfully
2025-08-27 13:29:22,665 - INFO - ============================================================
2025-08-27 13:29:22,665 - INFO - RMS LATEST RELEASE UPDATER STARTING
2025-08-27 13:29:22,665 - INFO - ============================================================
2025-08-27 13:29:22,665 - INFO - Checking for updates using latest release...
2025-08-27 13:29:22,665 - INFO - Fetching latest release information from GitHub...
2025-08-27 13:29:22,665 - INFO - API URL: https://api.github.com/repos/food2g0/Centralized-Image-Uploader/releases/latest
2025-08-27 13:29:22,665 - INFO - Attempting to connect to https://api.github.com/repos/food2g0/Centralized-Image-Uploader/releases/latest (attempt 1/3)
2025-08-27 13:29:23,089 - INFO - Request successful (Status: 200)
2025-08-27 13:29:23,089 - INFO - Latest release: 1.1.2
2025-08-27 13:29:23,089 - INFO - Release name: Update V 1.1.2
2025-08-27 13:29:23,089 - INFO - Published: 2025-08-26T07:39:03Z
2025-08-27 13:29:23,089 - INFO - Download URL: https://github.com/food2g0/Centralized-Image-Uploader/releases/download/1.1.2/installer.exe
2025-08-27 13:29:23,090 - INFO - Current version: 1.1.2
2025-08-27 13:29:23,090 - INFO - Latest version: 1.1.2
2025-08-27 13:29:23,090 - INFO - Comparing versions: '1.1.2' vs '1.1.2'
2025-08-27 13:29:23,090 - INFO - Semantic version comparison: Versions are equal
2025-08-27 13:29:23,090 - INFO - App is up to date
2025-08-27 13:29:23,090 - INFO - No updates needed
2025-08-27 13:29:23,090 - INFO - ========================================
2025-08-27 13:29:23,090 - INFO - LAUNCHING MAIN APPLICATION
2025-08-27 13:29:23,090 - INFO - ========================================
2025-08-27 13:29:23,619 - INFO - Calling login_gui.main()
2025-08-27 13:44:21,683 - INFO - Configuration loaded from updater.ini
2025-08-27 13:44:21,683 - INFO - Version from config: 1.1.2
2025-08-27 13:44:21,684 - INFO - Single instance lock acquired
2025-08-27 13:44:21,684 - INFO - ==================================================
2025-08-27 13:44:21,684 - INFO - VERSION STATUS DEBUG
2025-08-27 13:44:21,684 - INFO - ==================================================
2025-08-27 13:44:21,685 - INFO - version.txt contains: '1.1.2'
2025-08-27 13:44:21,685 - INFO - CONFIG current_version: '1.1.2'
2025-08-27 13:44:21,685 - INFO - updater.ini contains version: '1.1.2'
2025-08-27 13:44:21,686 - INFO - No pending updates
2025-08-27 13:44:21,686 - INFO - ==================================================
2025-08-27 13:44:21,686 - INFO - Initializing application files...
2025-08-27 13:44:21,686 - INFO - Application files initialized successfully
2025-08-27 13:44:21,686 - INFO - ============================================================
2025-08-27 13:44:21,686 - INFO - RMS LATEST RELEASE UPDATER STARTING
2025-08-27 13:44:21,687 - INFO - ============================================================
2025-08-27 13:44:21,687 - INFO - Checking for updates using latest release...
2025-08-27 13:44:21,687 - INFO - Fetching latest release information from GitHub...
2025-08-27 13:44:21,687 - INFO - API URL: https://api.github.com/repos/food2g0/Centralized-Image-Uploader/releases/latest
2025-08-27 13:44:21,687 - INFO - Attempting to connect to https://api.github.com/repos/food2g0/Centralized-Image-Uploader/releases/latest (attempt 1/3)
2025-08-27 13:44:22,064 - INFO - Request successful (Status: 200)
2025-08-27 13:44:22,065 - INFO - Latest release: 1.1.2
2025-08-27 13:44:22,065 - INFO - Release name: Update V 1.1.2
2025-08-27 13:44:22,065 - INFO - Published: 2025-08-26T07:39:03Z
2025-08-27 13:44:22,065 - INFO - Download URL: https://github.com/food2g0/Centralized-Image-Uploader/releases/download/1.1.2/installer.exe
2025-08-27 13:44:22,065 - INFO - Current version: 1.1.2
2025-08-27 13:44:22,065 - INFO - Latest version: 1.1.2
2025-08-27 13:44:22,065 - INFO - Comparing versions: '1.1.2' vs '1.1.2'
2025-08-27 13:44:22,066 - INFO - Semantic version comparison: Versions are equal
2025-08-27 13:44:22,066 - INFO - App is up to date
2025-08-27 13:44:22,066 - INFO - No updates needed
2025-08-27 13:44:22,066 - INFO - ========================================
2025-08-27 13:44:22,066 - INFO - LAUNCHING MAIN APPLICATION
2025-08-27 13:44:22,066 - INFO - ========================================
2025-08-27 13:44:22,557 - INFO - Calling login_gui.main()
2025-08-27 13:47:45,265 - INFO - Configuration loaded from updater.ini
2025-08-27 13:47:45,265 - INFO - Version from config: 1.1.2
2025-08-27 13:47:45,265 - INFO - Single instance lock acquired
2025-08-27 13:47:45,265 - INFO - ==================================================
2025-08-27 13:47:45,266 - INFO - VERSION STATUS DEBUG
2025-08-27 13:47:45,266 - INFO - ==================================================
2025-08-27 13:47:45,266 - INFO - version.txt contains: '1.1.2'
2025-08-27 13:47:45,266 - INFO - CONFIG current_version: '1.1.2'
2025-08-27 13:47:45,267 - INFO - updater.ini contains version: '1.1.2'
2025-08-27 13:47:45,267 - INFO - No pending updates
2025-08-27 13:47:45,267 - INFO - ==================================================
2025-08-27 13:47:45,267 - INFO - Initializing application files...
2025-08-27 13:47:45,267 - INFO - Application files initialized successfully
2025-08-27 13:47:45,267 - INFO - ============================================================
2025-08-27 13:47:45,267 - INFO - RMS LATEST RELEASE UPDATER STARTING
2025-08-27 13:47:45,267 - INFO - ============================================================
2025-08-27 13:47:45,268 - INFO - Checking for updates using latest release...
2025-08-27 13:47:45,268 - INFO - Fetching latest release information from GitHub...
2025-08-27 13:47:45,268 - INFO - API URL: https://api.github.com/repos/food2g0/Centralized-Image-Uploader/releases/latest
2025-08-27 13:47:45,268 - INFO - Attempting to connect to https://api.github.com/repos/food2g0/Centralized-Image-Uploader/releases/latest (attempt 1/3)
2025-08-27 13:47:45,667 - INFO - Request successful (Status: 200)
2025-08-27 13:47:45,667 - INFO - Latest release: 1.1.2
2025-08-27 13:47:45,667 - INFO - Release name: Update V 1.1.2
2025-08-27 13:47:45,667 - INFO - Published: 2025-08-26T07:39:03Z
2025-08-27 13:47:45,667 - INFO - Download URL: https://github.com/food2g0/Centralized-Image-Uploader/releases/download/1.1.2/installer.exe
2025-08-27 13:47:45,668 - INFO - Current version: 1.1.2
2025-08-27 13:47:45,668 - INFO - Latest version: 1.1.2
2025-08-27 13:47:45,668 - INFO - Comparing versions: '1.1.2' vs '1.1.2'
2025-08-27 13:47:45,668 - INFO - Semantic version comparison: Versions are equal
2025-08-27 13:47:45,668 - INFO - App is up to date
2025-08-27 13:47:45,668 - INFO - No updates needed
2025-08-27 13:47:45,668 - INFO - ========================================
2025-08-27 13:47:45,668 - INFO - LAUNCHING MAIN APPLICATION
2025-08-27 13:47:45,668 - INFO - ========================================
2025-08-27 13:47:46,162 - INFO - Calling login_gui.main()
2025-08-27 14:10:16,188 - INFO - Configuration loaded from updater.ini
2025-08-27 14:10:16,189 - INFO - Version from config: 1.1.2
2025-08-27 14:10:16,189 - INFO - Single instance lock acquired
2025-08-27 14:10:16,189 - INFO - ==================================================
2025-08-27 14:10:16,189 - INFO - VERSION STATUS DEBUG
2025-08-27 14:10:16,189 - INFO - ==================================================
2025-08-27 14:10:16,190 - INFO - version.txt contains: '1.1.2'
2025-08-27 14:10:16,190 - INFO - CONFIG current_version: '1.1.2'
2025-08-27 14:10:16,190 - INFO - updater.ini contains version: '1.1.2'
2025-08-27 14:10:16,190 - INFO - No pending updates
2025-08-27 14:10:16,191 - INFO - ==================================================
2025-08-27 14:10:16,191 - INFO - Initializing application files...
2025-08-27 14:10:16,191 - INFO - Application files initialized successfully
2025-08-27 14:10:16,191 - INFO - ============================================================
2025-08-27 14:10:16,191 - INFO - RMS LATEST RELEASE UPDATER STARTING
2025-08-27 14:10:16,191 - INFO - ============================================================
2025-08-27 14:10:16,191 - INFO - Checking for updates using latest release...
2025-08-27 14:10:16,191 - INFO - Fetching latest release information from GitHub...
2025-08-27 14:10:16,191 - INFO - API URL: https://api.github.com/repos/food2g0/Centralized-Image-Uploader/releases/latest
2025-08-27 14:10:16,192 - INFO - Attempting to connect to https://api.github.com/repos/food2g0/Centralized-Image-Uploader/releases/latest (attempt 1/3)
2025-08-27 14:10:16,593 - INFO - Request successful (Status: 200)
2025-08-27 14:10:16,593 - INFO - Latest release: 1.1.2
2025-08-27 14:10:16,593 - INFO - Release name: Update V 1.1.2
2025-08-27 14:10:16,593 - INFO - Published: 2025-08-26T07:39:03Z
2025-08-27 14:10:16,593 - INFO - Download URL: https://github.com/food2g0/Centralized-Image-Uploader/releases/download/1.1.2/installer.exe
2025-08-27 14:10:16,594 - INFO - Current version: 1.1.2
2025-08-27 14:10:16,594 - INFO - Latest version: 1.1.2
2025-08-27 14:10:16,594 - INFO - Comparing versions: '1.1.2' vs '1.1.2'
2025-08-27 14:10:16,594 - INFO - Semantic version comparison: Versions are equal
2025-08-27 14:10:16,594 - INFO - App is up to date
2025-08-27 14:10:16,594 - INFO - No updates needed
2025-08-27 14:10:16,594 - INFO - ========================================
2025-08-27 14:10:16,594 - INFO - LAUNCHING MAIN APPLICATION
2025-08-27 14:10:16,594 - INFO - ========================================
2025-08-27 14:10:17,091 - INFO - Calling login_gui.main()
2025-08-27 14:13:29,126 - INFO - Configuration loaded from updater.ini
2025-08-27 14:13:29,127 - INFO - Version from config: 1.1.2
2025-08-27 14:13:29,127 - INFO - Single instance lock acquired
2025-08-27 14:13:29,127 - INFO - ==================================================
2025-08-27 14:13:29,127 - INFO - VERSION STATUS DEBUG
2025-08-27 14:13:29,127 - INFO - ==================================================
2025-08-27 14:13:29,128 - INFO - version.txt contains: '1.1.2'
2025-08-27 14:13:29,128 - INFO - CONFIG current_version: '1.1.2'
2025-08-27 14:13:29,128 - INFO - updater.ini contains version: '1.1.2'
2025-08-27 14:13:29,128 - INFO - No pending updates
2025-08-27 14:13:29,128 - INFO - ==================================================
2025-08-27 14:13:29,128 - INFO - Initializing application files...
2025-08-27 14:13:29,129 - INFO - Application files initialized successfully
2025-08-27 14:13:29,129 - INFO - ============================================================
2025-08-27 14:13:29,129 - INFO - RMS LATEST RELEASE UPDATER STARTING
2025-08-27 14:13:29,129 - INFO - ============================================================
2025-08-27 14:13:29,129 - INFO - Checking for updates using latest release...
2025-08-27 14:13:29,129 - INFO - Fetching latest release information from GitHub...
2025-08-27 14:13:29,129 - INFO - API URL: https://api.github.com/repos/food2g0/Centralized-Image-Uploader/releases/latest
2025-08-27 14:13:29,129 - INFO - Attempting to connect to https://api.github.com/repos/food2g0/Centralized-Image-Uploader/releases/latest (attempt 1/3)
2025-08-27 14:13:29,516 - INFO - Request successful (Status: 200)
2025-08-27 14:13:29,516 - INFO - Latest release: 1.1.2
2025-08-27 14:13:29,516 - INFO - Release name: Update V 1.1.2
2025-08-27 14:13:29,516 - INFO - Published: 2025-08-26T07:39:03Z
2025-08-27 14:13:29,517 - INFO - Download URL: https://github.com/food2g0/Centralized-Image-Uploader/releases/download/1.1.2/installer.exe
2025-08-27 14:13:29,517 - INFO - Current version: 1.1.2
2025-08-27 14:13:29,517 - INFO - Latest version: 1.1.2
2025-08-27 14:13:29,517 - INFO - Comparing versions: '1.1.2' vs '1.1.2'
2025-08-27 14:13:29,517 - INFO - Semantic version comparison: Versions are equal
2025-08-27 14:13:29,517 - INFO - App is up to date
2025-08-27 14:13:29,517 - INFO - No updates needed
2025-08-27 14:13:29,517 - INFO - ========================================
2025-08-27 14:13:29,517 - INFO - LAUNCHING MAIN APPLICATION
2025-08-27 14:13:29,517 - INFO - ========================================
2025-08-27 14:13:30,000 - INFO - Calling login_gui.main()
2025-08-27 14:14:31,734 - INFO - Configuration loaded from updater.ini
2025-08-27 14:14:31,734 - INFO - Version from config: 1.1.2
2025-08-27 14:14:31,735 - INFO - Single instance lock acquired
2025-08-27 14:14:31,735 - INFO - ==================================================
2025-08-27 14:14:31,735 - INFO - VERSION STATUS DEBUG
2025-08-27 14:14:31,735 - INFO - ==================================================
2025-08-27 14:14:31,736 - INFO - version.txt contains: '1.1.2'
2025-08-27 14:14:31,736 - INFO - CONFIG current_version: '1.1.2'
2025-08-27 14:14:31,736 - INFO - updater.ini contains version: '1.1.2'
2025-08-27 14:14:31,737 - INFO - No pending updates
2025-08-27 14:14:31,737 - INFO - ==================================================
2025-08-27 14:14:31,737 - INFO - Initializing application files...
2025-08-27 14:14:31,737 - INFO - Application files initialized successfully
2025-08-27 14:14:31,737 - INFO - ============================================================
2025-08-27 14:14:31,737 - INFO - RMS LATEST RELEASE UPDATER STARTING
2025-08-27 14:14:31,738 - INFO - ============================================================
2025-08-27 14:14:31,738 - INFO - Checking for updates using latest release...
2025-08-27 14:14:31,738 - INFO - Fetching latest release information from GitHub...
2025-08-27 14:14:31,738 - INFO - API URL: https://api.github.com/repos/food2g0/Centralized-Image-Uploader/releases/latest
2025-08-27 14:14:31,738 - INFO - Attempting to connect to https://api.github.com/repos/food2g0/Centralized-Image-Uploader/releases/latest (attempt 1/3)
2025-08-27 14:14:32,388 - INFO - Request successful (Status: 200)
2025-08-27 14:14:32,389 - INFO - Latest release: 1.1.2
2025-08-27 14:14:32,389 - INFO - Release name: Update V 1.1.2
2025-08-27 14:14:32,389 - INFO - Published: 2025-08-26T07:39:03Z
2025-08-27 14:14:32,389 - INFO - Download URL: https://github.com/food2g0/Centralized-Image-Uploader/releases/download/1.1.2/installer.exe
2025-08-27 14:14:32,389 - INFO - Current version: 1.1.2
2025-08-27 14:14:32,389 - INFO - Latest version: 1.1.2
2025-08-27 14:14:32,389 - INFO - Comparing versions: '1.1.2' vs '1.1.2'
2025-08-27 14:14:32,390 - INFO - Semantic version comparison: Versions are equal
2025-08-27 14:14:32,390 - INFO - App is up to date
2025-08-27 14:14:32,390 - INFO - No updates needed
2025-08-27 14:14:32,390 - INFO - ========================================
2025-08-27 14:14:32,390 - INFO - LAUNCHING MAIN APPLICATION
2025-08-27 14:14:32,390 - INFO - ========================================
2025-08-27 14:14:33,199 - INFO - Calling login_gui.main()
2025-08-27 19:04:06,540 - INFO - Configuration loaded from updater.ini
2025-08-27 19:04:06,540 - INFO - Version from config: 1.1.2
2025-08-27 19:04:06,541 - INFO - Single instance lock acquired
2025-08-27 19:04:06,541 - INFO - ==================================================
2025-08-27 19:04:06,541 - INFO - VERSION STATUS DEBUG
2025-08-27 19:04:06,542 - INFO - ==================================================
2025-08-27 19:04:06,542 - INFO - version.txt contains: '1.1.2'
2025-08-27 19:04:06,542 - INFO - CONFIG current_version: '1.1.2'
2025-08-27 19:04:06,542 - INFO - updater.ini contains version: '1.1.2'
2025-08-27 19:04:06,543 - INFO - No pending updates
2025-08-27 19:04:06,543 - INFO - ==================================================
2025-08-27 19:04:06,543 - INFO - Initializing application files...
2025-08-27 19:04:06,543 - INFO - Application files initialized successfully
2025-08-27 19:04:06,543 - INFO - ============================================================
2025-08-27 19:04:06,543 - INFO - RMS LATEST RELEASE UPDATER STARTING
2025-08-27 19:04:06,543 - INFO - ============================================================
2025-08-27 19:04:06,543 - INFO - Checking for updates using latest release...
2025-08-27 19:04:06,543 - INFO - Fetching latest release information from GitHub...
2025-08-27 19:04:06,544 - INFO - API URL: https://api.github.com/repos/food2g0/Centralized-Image-Uploader/releases/latest
2025-08-27 19:04:06,544 - INFO - Attempting to connect to https://api.github.com/repos/food2g0/Centralized-Image-Uploader/releases/latest (attempt 1/3)
2025-08-27 19:04:06,955 - INFO - Request successful (Status: 200)
2025-08-27 19:04:06,955 - INFO - Latest release: 1.1.2
2025-08-27 19:04:06,955 - INFO - Release name: Update V 1.1.2
2025-08-27 19:04:06,955 - INFO - Published: 2025-08-26T07:39:03Z
2025-08-27 19:04:06,956 - INFO - Download URL: https://github.com/food2g0/Centralized-Image-Uploader/releases/download/1.1.2/installer.exe
2025-08-27 19:04:06,956 - INFO - Current version: 1.1.2
2025-08-27 19:04:06,956 - INFO - Latest version: 1.1.2
2025-08-27 19:04:06,956 - INFO - Comparing versions: '1.1.2' vs '1.1.2'
2025-08-27 19:04:06,956 - INFO - Semantic version comparison: Versions are equal
2025-08-27 19:04:06,956 - INFO - App is up to date
2025-08-27 19:04:06,957 - INFO - No updates needed
2025-08-27 19:04:06,957 - INFO - ========================================
2025-08-27 19:04:06,957 - INFO - LAUNCHING MAIN APPLICATION
2025-08-27 19:04:06,957 - INFO - ========================================
2025-08-27 19:04:08,637 - INFO - Calling login_gui.main()
2025-08-27 20:10:01,106 - INFO - Configuration loaded from updater.ini
2025-08-27 20:10:01,106 - INFO - Version from config: 1.1.2
2025-08-27 20:10:01,107 - INFO - Single instance lock acquired
2025-08-27 20:10:01,107 - INFO - ==================================================
2025-08-27 20:10:01,107 - INFO - VERSION STATUS DEBUG
2025-08-27 20:10:01,107 - INFO - ==================================================
2025-08-27 20:10:01,107 - INFO - version.txt contains: '1.1.2'
2025-08-27 20:10:01,108 - INFO - CONFIG current_version: '1.1.2'
2025-08-27 20:10:01,108 - INFO - updater.ini contains version: '1.1.2'
2025-08-27 20:10:01,108 - INFO - No pending updates
2025-08-27 20:10:01,109 - INFO - ==================================================
2025-08-27 20:10:01,109 - INFO - Initializing application files...
2025-08-27 20:10:01,109 - INFO - Application files initialized successfully
2025-08-27 20:10:01,109 - INFO - ============================================================
2025-08-27 20:10:01,109 - INFO - RMS LATEST RELEASE UPDATER STARTING
2025-08-27 20:10:01,109 - INFO - ============================================================
2025-08-27 20:10:01,110 - INFO - Checking for updates using latest release...
2025-08-27 20:10:01,110 - INFO - Fetching latest release information from GitHub...
2025-08-27 20:10:01,110 - INFO - API URL: https://api.github.com/repos/food2g0/Centralized-Image-Uploader/releases/latest
2025-08-27 20:10:01,110 - INFO - Attempting to connect to https://api.github.com/repos/food2g0/Centralized-Image-Uploader/releases/latest (attempt 1/3)
2025-08-27 20:10:01,504 - INFO - Request successful (Status: 200)
2025-08-27 20:10:01,505 - INFO - Latest release: 1.1.2
2025-08-27 20:10:01,505 - INFO - Release name: Update V 1.1.2
2025-08-27 20:10:01,505 - INFO - Published: 2025-08-26T07:39:03Z
2025-08-27 20:10:01,505 - INFO - Download URL: https://github.com/food2g0/Centralized-Image-Uploader/releases/download/1.1.2/installer.exe
2025-08-27 20:10:01,505 - INFO - Current version: 1.1.2
2025-08-27 20:10:01,505 - INFO - Latest version: 1.1.2
2025-08-27 20:10:01,506 - INFO - Comparing versions: '1.1.2' vs '1.1.2'
2025-08-27 20:10:01,506 - INFO - Semantic version comparison: Versions are equal
2025-08-27 20:10:01,506 - INFO - App is up to date
2025-08-27 20:10:01,506 - INFO - No updates needed
2025-08-27 20:10:01,506 - INFO - ========================================
2025-08-27 20:10:01,506 - INFO - LAUNCHING MAIN APPLICATION
2025-08-27 20:10:01,506 - INFO - ========================================
2025-08-27 20:10:03,486 - INFO - Calling login_gui.main()
2025-08-27 21:17:27,756 - INFO - Configuration loaded from updater.ini
2025-08-27 21:17:27,757 - INFO - Version from config: 1.1.2
2025-08-27 21:17:27,757 - INFO - Single instance lock acquired
2025-08-27 21:17:27,758 - INFO - ==================================================
2025-08-27 21:17:27,758 - INFO - VERSION STATUS DEBUG
2025-08-27 21:17:27,758 - INFO - ==================================================
2025-08-27 21:17:27,758 - INFO - version.txt contains: '1.1.2'
2025-08-27 21:17:27,758 - INFO - CONFIG current_version: '1.1.2'
2025-08-27 21:17:27,783 - INFO - updater.ini contains version: '1.1.2'
2025-08-27 21:17:27,783 - INFO - No pending updates
2025-08-27 21:17:27,783 - INFO - ==================================================
2025-08-27 21:17:27,783 - INFO - Initializing application files...
2025-08-27 21:17:27,783 - INFO - Application files initialized successfully
2025-08-27 21:17:27,783 - INFO - ============================================================
2025-08-27 21:17:27,784 - INFO - RMS LATEST RELEASE UPDATER STARTING
2025-08-27 21:17:27,784 - INFO - ============================================================
2025-08-27 21:17:27,784 - INFO - Checking for updates using latest release...
2025-08-27 21:17:27,784 - INFO - Fetching latest release information from GitHub...
2025-08-27 21:17:27,784 - INFO - API URL: https://api.github.com/repos/food2g0/Centralized-Image-Uploader/releases/latest
2025-08-27 21:17:27,784 - INFO - Attempting to connect to https://api.github.com/repos/food2g0/Centralized-Image-Uploader/releases/latest (attempt 1/3)
2025-08-27 21:17:28,202 - INFO - Request successful (Status: 200)
2025-08-27 21:17:28,202 - INFO - Latest release: 1.1.2
2025-08-27 21:17:28,202 - INFO - Release name: Update V 1.1.2
2025-08-27 21:17:28,202 - INFO - Published: 2025-08-26T07:39:03Z
2025-08-27 21:17:28,202 - INFO - Download URL: https://github.com/food2g0/Centralized-Image-Uploader/releases/download/1.1.2/installer.exe
2025-08-27 21:17:28,203 - INFO - Current version: 1.1.2
2025-08-27 21:17:28,203 - INFO - Latest version: 1.1.2
2025-08-27 21:17:28,203 - INFO - Comparing versions: '1.1.2' vs '1.1.2'
2025-08-27 21:17:28,203 - INFO - Semantic version comparison: Versions are equal
2025-08-27 21:17:28,203 - INFO - App is up to date
2025-08-27 21:17:28,203 - INFO - No updates needed
2025-08-27 21:17:28,203 - INFO - ========================================
2025-08-27 21:17:28,203 - INFO - LAUNCHING MAIN APPLICATION
2025-08-27 21:17:28,204 - INFO - ========================================
2025-08-27 21:17:30,287 - INFO - Calling login_gui.main()
2025-08-27 21:33:10,010 - INFO - Configuration loaded from updater.ini
2025-08-27 21:33:10,010 - INFO - Version from config: 1.1.2
2025-08-27 21:33:10,011 - INFO - Single instance lock acquired
2025-08-27 21:33:10,011 - INFO - ==================================================
2025-08-27 21:33:10,011 - INFO - VERSION STATUS DEBUG
2025-08-27 21:33:10,011 - INFO - ==================================================
2025-08-27 21:33:10,011 - INFO - version.txt contains: '1.1.2'
2025-08-27 21:33:10,011 - INFO - CONFIG current_version: '1.1.2'
2025-08-27 21:33:10,012 - INFO - updater.ini contains version: '1.1.2'
2025-08-27 21:33:10,012 - INFO - No pending updates
2025-08-27 21:33:10,012 - INFO - ==================================================
2025-08-27 21:33:10,012 - INFO - Initializing application files...
2025-08-27 21:33:10,012 - INFO - Application files initialized successfully
2025-08-27 21:33:10,012 - INFO - ============================================================
2025-08-27 21:33:10,013 - INFO - RMS LATEST RELEASE UPDATER STARTING
2025-08-27 21:33:10,013 - INFO - ============================================================
2025-08-27 21:33:10,013 - INFO - Checking for updates using latest release...
2025-08-27 21:33:10,013 - INFO - Fetching latest release information from GitHub...
2025-08-27 21:33:10,013 - INFO - API URL: https://api.github.com/repos/food2g0/Centralized-Image-Uploader/releases/latest
2025-08-27 21:33:10,013 - INFO - Attempting to connect to https://api.github.com/repos/food2g0/Centralized-Image-Uploader/releases/latest (attempt 1/3)
2025-08-27 21:33:10,437 - INFO - Request successful (Status: 200)
2025-08-27 21:33:10,437 - INFO - Latest release: 1.1.2
2025-08-27 21:33:10,437 - INFO - Release name: Update V 1.1.2
2025-08-27 21:33:10,437 - INFO - Published: 2025-08-26T07:39:03Z
2025-08-27 21:33:10,437 - INFO - Download URL: https://github.com/food2g0/Centralized-Image-Uploader/releases/download/1.1.2/installer.exe
2025-08-27 21:33:10,438 - INFO - Current version: 1.1.2
2025-08-27 21:33:10,438 - INFO - Latest version: 1.1.2
2025-08-27 21:33:10,438 - INFO - Comparing versions: '1.1.2' vs '1.1.2'
2025-08-27 21:33:10,438 - INFO - Semantic version comparison: Versions are equal
2025-08-27 21:33:10,438 - INFO - App is up to date
2025-08-27 21:33:10,438 - INFO - No updates needed
2025-08-27 21:33:10,438 - INFO - ========================================
2025-08-27 21:33:10,438 - INFO - LAUNCHING MAIN APPLICATION
2025-08-27 21:33:10,438 - INFO - ========================================
2025-08-27 21:33:10,938 - INFO - Calling login_gui.main()
2025-08-28 09:42:58,484 - INFO - Configuration loaded from updater.ini
2025-08-28 09:42:58,485 - INFO - Version from config: 1.1.2
2025-08-28 09:42:58,487 - INFO - Single instance lock acquired
2025-08-28 09:42:58,487 - INFO - ==================================================
2025-08-28 09:42:58,487 - INFO - VERSION STATUS DEBUG
2025-08-28 09:42:58,487 - INFO - ==================================================
2025-08-28 09:42:58,488 - INFO - version.txt contains: '1.1.2'
2025-08-28 09:42:58,488 - INFO - CONFIG current_version: '1.1.2'
2025-08-28 09:42:58,489 - INFO - updater.ini contains version: '1.1.2'
2025-08-28 09:42:58,489 - INFO - No pending updates
2025-08-28 09:42:58,489 - INFO - ==================================================
2025-08-28 09:42:58,489 - INFO - Initializing application files...
2025-08-28 09:42:58,490 - INFO - Application files initialized successfully
2025-08-28 09:42:58,490 - INFO - ============================================================
2025-08-28 09:42:58,490 - INFO - RMS LATEST RELEASE UPDATER STARTING
2025-08-28 09:42:58,490 - INFO - ============================================================
2025-08-28 09:42:58,490 - INFO - Checking for updates using latest release...
2025-08-28 09:42:58,491 - INFO - Fetching latest release information from GitHub...
2025-08-28 09:42:58,491 - INFO - API URL: https://api.github.com/repos/food2g0/Centralized-Image-Uploader/releases/latest
2025-08-28 09:42:58,491 - INFO - Attempting to connect to https://api.github.com/repos/food2g0/Centralized-Image-Uploader/releases/latest (attempt 1/3)
2025-08-28 09:42:58,884 - INFO - Request successful (Status: 200)
2025-08-28 09:42:58,884 - INFO - Latest release: 1.1.2
2025-08-28 09:42:58,884 - INFO - Release name: Update V 1.1.2
2025-08-28 09:42:58,884 - INFO - Published: 2025-08-26T07:39:03Z
2025-08-28 09:42:58,884 - INFO - Download URL: https://github.com/food2g0/Centralized-Image-Uploader/releases/download/1.1.2/installer.exe
2025-08-28 09:42:58,885 - INFO - Current version: 1.1.2
2025-08-28 09:42:58,885 - INFO - Latest version: 1.1.2
2025-08-28 09:42:58,885 - INFO - Comparing versions: '1.1.2' vs '1.1.2'
2025-08-28 09:42:58,885 - INFO - Semantic version comparison: Versions are equal
2025-08-28 09:42:58,885 - INFO - App is up to date
2025-08-28 09:42:58,886 - INFO - No updates needed
2025-08-28 09:42:58,886 - INFO - ========================================
2025-08-28 09:42:58,886 - INFO - LAUNCHING MAIN APPLICATION
2025-08-28 09:42:58,886 - INFO - ========================================
2025-08-28 09:43:03,399 - INFO - Calling login_gui.main()
2025-08-28 10:13:39,555 - INFO - Configuration loaded from updater.ini
2025-08-28 10:13:39,555 - INFO - Version from config: 1.1.2
2025-08-28 10:13:39,556 - INFO - Single instance lock acquired
2025-08-28 10:13:39,556 - INFO - ==================================================
2025-08-28 10:13:39,556 - INFO - VERSION STATUS DEBUG
2025-08-28 10:13:39,556 - INFO - ==================================================
2025-08-28 10:13:39,556 - INFO - version.txt contains: '1.1.2'
2025-08-28 10:13:39,556 - INFO - CONFIG current_version: '1.1.2'
2025-08-28 10:13:39,557 - INFO - updater.ini contains version: '1.1.2'
2025-08-28 10:13:39,557 - INFO - No pending updates
2025-08-28 10:13:39,557 - INFO - ==================================================
2025-08-28 10:13:39,557 - INFO - Initializing application files...
2025-08-28 10:13:39,557 - INFO - Application files initialized successfully
2025-08-28 10:13:39,557 - INFO - ============================================================
2025-08-28 10:13:39,557 - INFO - RMS LATEST RELEASE UPDATER STARTING
2025-08-28 10:13:39,557 - INFO - ============================================================
2025-08-28 10:13:39,558 - INFO - Checking for updates using latest release...
2025-08-28 10:13:39,558 - INFO - Fetching latest release information from GitHub...
2025-08-28 10:13:39,558 - INFO - API URL: https://api.github.com/repos/food2g0/Centralized-Image-Uploader/releases/latest
2025-08-28 10:13:39,558 - INFO - Attempting to connect to https://api.github.com/repos/food2g0/Centralized-Image-Uploader/releases/latest (attempt 1/3)
2025-08-28 10:13:39,949 - INFO - Request successful (Status: 200)
2025-08-28 10:13:39,950 - INFO - Latest release: 1.1.2
2025-08-28 10:13:39,950 - INFO - Release name: Update V 1.1.2
2025-08-28 10:13:39,950 - INFO - Published: 2025-08-26T07:39:03Z
2025-08-28 10:13:39,950 - INFO - Download URL: https://github.com/food2g0/Centralized-Image-Uploader/releases/download/1.1.2/installer.exe
2025-08-28 10:13:39,950 - INFO - Current version: 1.1.2
2025-08-28 10:13:39,950 - INFO - Latest version: 1.1.2
2025-08-28 10:13:39,951 - INFO - Comparing versions: '1.1.2' vs '1.1.2'
2025-08-28 10:13:39,951 - INFO - Semantic version comparison: Versions are equal
2025-08-28 10:13:39,951 - INFO - App is up to date
2025-08-28 10:13:39,951 - INFO - No updates needed
2025-08-28 10:13:39,951 - INFO - ========================================
2025-08-28 10:13:39,951 - INFO - LAUNCHING MAIN APPLICATION
2025-08-28 10:13:39,951 - INFO - ========================================
2025-08-28 10:13:40,503 - INFO - Calling login_gui.main()
2025-08-29 23:24:41,344 - INFO - Configuration loaded from updater.ini
2025-08-29 23:24:41,347 - INFO - Version from config: 1.1.2
2025-08-29 23:24:41,349 - INFO - Single instance lock acquired
2025-08-29 23:24:41,349 - INFO - ==================================================
2025-08-29 23:24:41,349 - INFO - VERSION STATUS DEBUG
2025-08-29 23:24:41,349 - INFO - ==================================================
2025-08-29 23:24:41,349 - INFO - version.txt contains: '1.1.2'
2025-08-29 23:24:41,350 - INFO - CONFIG current_version: '1.1.2'
2025-08-29 23:24:41,350 - INFO - updater.ini contains version: '1.1.2'
2025-08-29 23:24:41,350 - INFO - No pending updates
2025-08-29 23:24:41,350 - INFO - ==================================================
2025-08-29 23:24:41,350 - INFO - Initializing application files...
2025-08-29 23:24:41,351 - INFO - Application files initialized successfully
2025-08-29 23:24:41,351 - INFO - ============================================================
2025-08-29 23:24:41,351 - INFO - RMS LATEST RELEASE UPDATER STARTING
2025-08-29 23:24:41,351 - INFO - ============================================================
2025-08-29 23:24:41,351 - INFO - Checking for updates using latest release...
2025-08-29 23:24:41,351 - INFO - Fetching latest release information from GitHub...
2025-08-29 23:24:41,351 - INFO - API URL: https://api.github.com/repos/food2g0/Centralized-Image-Uploader/releases/latest
2025-08-29 23:24:41,351 - INFO - Attempting to connect to https://api.github.com/repos/food2g0/Centralized-Image-Uploader/releases/latest (attempt 1/3)
2025-08-29 23:24:41,750 - INFO - Request successful (Status: 200)
2025-08-29 23:24:41,750 - INFO - Latest release: 1.1.2
2025-08-29 23:24:41,750 - INFO - Release name: Update V 1.1.2
2025-08-29 23:24:41,751 - INFO - Published: 2025-08-26T07:39:03Z
2025-08-29 23:24:41,751 - INFO - Download URL: https://github.com/food2g0/Centralized-Image-Uploader/releases/download/1.1.2/installer.exe
2025-08-29 23:24:41,752 - INFO - Current version: 1.1.2
2025-08-29 23:24:41,752 - INFO - Latest version: 1.1.2
2025-08-29 23:24:41,753 - INFO - Comparing versions: '1.1.2' vs '1.1.2'
2025-08-29 23:24:41,753 - INFO - Semantic version comparison: Versions are equal
2025-08-29 23:24:41,753 - INFO - App is up to date
2025-08-29 23:24:41,753 - INFO - No updates needed
2025-08-29 23:24:41,753 - INFO - ========================================
2025-08-29 23:24:41,754 - INFO - LAUNCHING MAIN APPLICATION
2025-08-29 23:24:41,755 - INFO - ========================================
2025-08-29 23:24:44,507 - INFO - Calling login_gui.main()
2025-09-01 14:05:06,299 - INFO - Configuration loaded from updater.ini
2025-09-01 14:05:06,300 - INFO - Version from config: 1.1.2
2025-09-01 14:05:06,301 - INFO - Single instance lock acquired
2025-09-01 14:05:06,301 - INFO - ==================================================
2025-09-01 14:05:06,302 - INFO - VERSION STATUS DEBUG
2025-09-01 14:05:06,302 - INFO - ==================================================
2025-09-01 14:05:06,302 - INFO - version.txt contains: '1.1.2'
2025-09-01 14:05:06,302 - INFO - CONFIG current_version: '1.1.2'
2025-09-01 14:05:06,303 - INFO - updater.ini contains version: '1.1.2'
2025-09-01 14:05:06,303 - INFO - No pending updates
2025-09-01 14:05:06,303 - INFO - ==================================================
2025-09-01 14:05:06,303 - INFO - Initializing application files...
2025-09-01 14:05:06,304 - INFO - Application files initialized successfully
2025-09-01 14:05:06,304 - INFO - ============================================================
2025-09-01 14:05:06,304 - INFO - RMS LATEST RELEASE UPDATER STARTING
2025-09-01 14:05:06,304 - INFO - ============================================================
2025-09-01 14:05:06,304 - INFO - Checking for updates using latest release...
2025-09-01 14:05:06,304 - INFO - Fetching latest release information from GitHub...
2025-09-01 14:05:06,305 - INFO - API URL: https://api.github.com/repos/food2g0/Centralized-Image-Uploader/releases/latest
2025-09-01 14:05:06,305 - INFO - Attempting to connect to https://api.github.com/repos/food2g0/Centralized-Image-Uploader/releases/latest (attempt 1/3)
2025-09-01 14:05:06,792 - INFO - Request successful (Status: 200)
2025-09-01 14:05:06,888 - INFO - Latest release: 1.1.2
2025-09-01 14:05:06,894 - INFO - Release name: Update V 1.1.2
2025-09-01 14:05:06,898 - INFO - Published: 2025-08-26T07:39:03Z
2025-09-01 14:05:06,898 - INFO - Download URL: https://github.com/food2g0/Centralized-Image-Uploader/releases/download/1.1.2/installer.exe
2025-09-01 14:05:06,900 - INFO - Current version: 1.1.2
2025-09-01 14:05:06,901 - INFO - Latest version: 1.1.2
2025-09-01 14:05:06,901 - INFO - Comparing versions: '1.1.2' vs '1.1.2'
2025-09-01 14:05:06,916 - INFO - Semantic version comparison: Versions are equal
2025-09-01 14:05:06,919 - INFO - App is up to date
2025-09-01 14:05:06,919 - INFO - No updates needed
2025-09-01 14:05:06,919 - INFO - ========================================
2025-09-01 14:05:06,919 - INFO - LAUNCHING MAIN APPLICATION
2025-09-01 14:05:06,919 - INFO - ========================================
2025-09-01 14:05:09,016 - INFO - Calling login_gui.main()
2025-09-01 14:08:47,579 - INFO - Configuration loaded from updater.ini
2025-09-01 14:08:47,580 - INFO - Version from config: 1.1.2
2025-09-01 14:08:47,580 - INFO - Single instance lock acquired
2025-09-01 14:08:47,580 - INFO - ==================================================
2025-09-01 14:08:47,580 - INFO - VERSION STATUS DEBUG
2025-09-01 14:08:47,581 - INFO - ==================================================
2025-09-01 14:08:47,581 - INFO - version.txt contains: '1.1.2'
2025-09-01 14:08:47,581 - INFO - CONFIG current_version: '1.1.2'
2025-09-01 14:08:47,581 - INFO - updater.ini contains version: '1.1.2'
2025-09-01 14:08:47,582 - INFO - No pending updates
2025-09-01 14:08:47,582 - INFO - ==================================================
2025-09-01 14:08:47,582 - INFO - Initializing application files...
2025-09-01 14:08:47,582 - INFO - Application files initialized successfully
2025-09-01 14:08:47,582 - INFO - ============================================================
2025-09-01 14:08:47,582 - INFO - RMS LATEST RELEASE UPDATER STARTING
2025-09-01 14:08:47,583 - INFO - ============================================================
2025-09-01 14:08:47,583 - INFO - Checking for updates using latest release...
2025-09-01 14:08:47,583 - INFO - Fetching latest release information from GitHub...
2025-09-01 14:08:47,583 - INFO - API URL: https://api.github.com/repos/food2g0/Centralized-Image-Uploader/releases/latest
2025-09-01 14:08:47,583 - INFO - Attempting to connect to https://api.github.com/repos/food2g0/Centralized-Image-Uploader/releases/latest (attempt 1/3)
2025-09-01 14:08:47,997 - INFO - Request successful (Status: 200)
2025-09-01 14:08:47,998 - INFO - Latest release: 1.1.2
2025-09-01 14:08:47,998 - INFO - Release name: Update V 1.1.2
2025-09-01 14:08:47,998 - INFO - Published: 2025-08-26T07:39:03Z
2025-09-01 14:08:47,998 - INFO - Download URL: https://github.com/food2g0/Centralized-Image-Uploader/releases/download/1.1.2/installer.exe
2025-09-01 14:08:47,998 - INFO - Current version: 1.1.2
2025-09-01 14:08:47,998 - INFO - Latest version: 1.1.2
2025-09-01 14:08:47,998 - INFO - Comparing versions: '1.1.2' vs '1.1.2'
2025-09-01 14:08:47,999 - INFO - Semantic version comparison: Versions are equal
2025-09-01 14:08:47,999 - INFO - App is up to date
2025-09-01 14:08:47,999 - INFO - No updates needed
2025-09-01 14:08:47,999 - INFO - ========================================
2025-09-01 14:08:47,999 - INFO - LAUNCHING MAIN APPLICATION
2025-09-01 14:08:47,999 - INFO - ========================================
2025-09-01 14:08:48,504 - INFO - Calling login_gui.main()
2025-09-01 14:11:49,224 - INFO - Configuration loaded from updater.ini
2025-09-01 14:11:49,225 - INFO - Version from config: 1.1.2
2025-09-01 14:11:49,225 - INFO - Single instance lock acquired
2025-09-01 14:11:49,225 - INFO - ==================================================
2025-09-01 14:11:49,225 - INFO - VERSION STATUS DEBUG
2025-09-01 14:11:49,225 - INFO - ==================================================
2025-09-01 14:11:49,225 - INFO - version.txt contains: '1.1.2'
2025-09-01 14:11:49,226 - INFO - CONFIG current_version: '1.1.2'
2025-09-01 14:11:49,226 - INFO - updater.ini contains version: '1.1.2'
2025-09-01 14:11:49,226 - INFO - No pending updates
2025-09-01 14:11:49,226 - INFO - ==================================================
2025-09-01 14:11:49,227 - INFO - Initializing application files...
2025-09-01 14:11:49,227 - INFO - Application files initialized successfully
2025-09-01 14:11:49,227 - INFO - ============================================================
2025-09-01 14:11:49,227 - INFO - RMS LATEST RELEASE UPDATER STARTING
2025-09-01 14:11:49,227 - INFO - ============================================================
2025-09-01 14:11:49,227 - INFO - Checking for updates using latest release...
2025-09-01 14:11:49,227 - INFO - Fetching latest release information from GitHub...
2025-09-01 14:11:49,227 - INFO - API URL: https://api.github.com/repos/food2g0/Centralized-Image-Uploader/releases/latest
2025-09-01 14:11:49,227 - INFO - Attempting to connect to https://api.github.com/repos/food2g0/Centralized-Image-Uploader/releases/latest (attempt 1/3)
2025-09-01 14:11:49,637 - INFO - Request successful (Status: 200)
2025-09-01 14:11:49,637 - INFO - Latest release: 1.1.2
2025-09-01 14:11:49,637 - INFO - Release name: Update V 1.1.2
2025-09-01 14:11:49,637 - INFO - Published: 2025-08-26T07:39:03Z
2025-09-01 14:11:49,637 - INFO - Download URL: https://github.com/food2g0/Centralized-Image-Uploader/releases/download/1.1.2/installer.exe
2025-09-01 14:11:49,637 - INFO - Current version: 1.1.2
2025-09-01 14:11:49,638 - INFO - Latest version: 1.1.2
2025-09-01 14:11:49,638 - INFO - Comparing versions: '1.1.2' vs '1.1.2'
2025-09-01 14:11:49,638 - INFO - Semantic version comparison: Versions are equal
2025-09-01 14:11:49,638 - INFO - App is up to date
2025-09-01 14:11:49,638 - INFO - No updates needed
2025-09-01 14:11:49,638 - INFO - ========================================
2025-09-01 14:11:49,638 - INFO - LAUNCHING MAIN APPLICATION
2025-09-01 14:11:49,638 - INFO - ========================================
2025-09-01 14:11:50,146 - INFO - Calling login_gui.main()
2025-09-01 14:13:27,209 - INFO - Configuration loaded from updater.ini
2025-09-01 14:13:27,209 - INFO - Version from config: 1.1.2
2025-09-01 14:13:27,210 - INFO - Single instance lock acquired
2025-09-01 14:13:27,210 - INFO - ==================================================
2025-09-01 14:13:27,210 - INFO - VERSION STATUS DEBUG
2025-09-01 14:13:27,210 - INFO - ==================================================
2025-09-01 14:13:27,211 - INFO - version.txt contains: '1.1.2'
2025-09-01 14:13:27,211 - INFO - CONFIG current_version: '1.1.2'
2025-09-01 14:13:27,212 - INFO - updater.ini contains version: '1.1.2'
2025-09-01 14:13:27,212 - INFO - No pending updates
2025-09-01 14:13:27,212 - INFO - ==================================================
2025-09-01 14:13:27,212 - INFO - Initializing application files...
2025-09-01 14:13:27,213 - INFO - Application files initialized successfully
2025-09-01 14:13:27,213 - INFO - ============================================================
2025-09-01 14:13:27,213 - INFO - RMS LATEST RELEASE UPDATER STARTING
2025-09-01 14:13:27,213 - INFO - ============================================================
2025-09-01 14:13:27,213 - INFO - Checking for updates using latest release...
2025-09-01 14:13:27,213 - INFO - Fetching latest release information from GitHub...
2025-09-01 14:13:27,214 - INFO - API URL: https://api.github.com/repos/food2g0/Centralized-Image-Uploader/releases/latest
2025-09-01 14:13:27,214 - INFO - Attempting to connect to https://api.github.com/repos/food2g0/Centralized-Image-Uploader/releases/latest (attempt 1/3)
2025-09-01 14:13:27,601 - INFO - Request successful (Status: 200)
2025-09-01 14:13:27,602 - INFO - Latest release: 1.1.2
2025-09-01 14:13:27,602 - INFO - Release name: Update V 1.1.2
2025-09-01 14:13:27,602 - INFO - Published: 2025-08-26T07:39:03Z
2025-09-01 14:13:27,602 - INFO - Download URL: https://github.com/food2g0/Centralized-Image-Uploader/releases/download/1.1.2/installer.exe
2025-09-01 14:13:27,602 - INFO - Current version: 1.1.2
2025-09-01 14:13:27,602 - INFO - Latest version: 1.1.2
2025-09-01 14:13:27,602 - INFO - Comparing versions: '1.1.2' vs '1.1.2'
2025-09-01 14:13:27,603 - INFO - Semantic version comparison: Versions are equal
2025-09-01 14:13:27,603 - INFO - App is up to date
2025-09-01 14:13:27,603 - INFO - No updates needed
2025-09-01 14:13:27,603 - INFO - ========================================
2025-09-01 14:13:27,603 - INFO - LAUNCHING MAIN APPLICATION
2025-09-01 14:13:27,603 - INFO - ========================================
2025-09-01 14:13:28,114 - INFO - Calling login_gui.main()
2025-09-01 14:13:44,549 - INFO - Configuration loaded from updater.ini
2025-09-01 14:13:44,549 - INFO - Version from config: 1.1.2
2025-09-01 14:13:44,550 - INFO - Single instance lock acquired
2025-09-01 14:13:44,550 - INFO - ==================================================
2025-09-01 14:13:44,550 - INFO - VERSION STATUS DEBUG
2025-09-01 14:13:44,550 - INFO - ==================================================
2025-09-01 14:13:44,550 - INFO - version.txt contains: '1.1.2'
2025-09-01 14:13:44,550 - INFO - CONFIG current_version: '1.1.2'
2025-09-01 14:13:44,551 - INFO - updater.ini contains version: '1.1.2'
2025-09-01 14:13:44,551 - INFO - No pending updates
2025-09-01 14:13:44,551 - INFO - ==================================================
2025-09-01 14:13:44,551 - INFO - Initializing application files...
2025-09-01 14:13:44,551 - INFO - Application files initialized successfully
2025-09-01 14:13:44,551 - INFO - ============================================================
2025-09-01 14:13:44,552 - INFO - RMS LATEST RELEASE UPDATER STARTING
2025-09-01 14:13:44,552 - INFO - ============================================================
2025-09-01 14:13:44,552 - INFO - Checking for updates using latest release...
2025-09-01 14:13:44,552 - INFO - Fetching latest release information from GitHub...
2025-09-01 14:13:44,552 - INFO - API URL: https://api.github.com/repos/food2g0/Centralized-Image-Uploader/releases/latest
2025-09-01 14:13:44,552 - INFO - Attempting to connect to https://api.github.com/repos/food2g0/Centralized-Image-Uploader/releases/latest (attempt 1/3)
2025-09-01 14:13:44,680 - INFO - Request successful (Status: 200)
2025-09-01 14:13:44,681 - INFO - Latest release: 1.1.2
2025-09-01 14:13:44,681 - INFO - Release name: Update V 1.1.2
2025-09-01 14:13:44,681 - INFO - Published: 2025-08-26T07:39:03Z
2025-09-01 14:13:44,681 - INFO - Download URL: https://github.com/food2g0/Centralized-Image-Uploader/releases/download/1.1.2/installer.exe
2025-09-01 14:13:44,681 - INFO - Current version: 1.1.2
2025-09-01 14:13:44,681 - INFO - Latest version: 1.1.2
2025-09-01 14:13:44,681 - INFO - Comparing versions: '1.1.2' vs '1.1.2'
2025-09-01 14:13:44,682 - INFO - Semantic version comparison: Versions are equal
2025-09-01 14:13:44,682 - INFO - App is up to date
2025-09-01 14:13:44,682 - INFO - No updates needed
2025-09-01 14:13:44,682 - INFO - ========================================
2025-09-01 14:13:44,682 - INFO - LAUNCHING MAIN APPLICATION
2025-09-01 14:13:44,682 - INFO - ========================================
2025-09-01 14:13:45,178 - INFO - Calling login_gui.main()
2025-09-01 14:15:22,932 - INFO - Configuration loaded from updater.ini
2025-09-01 14:15:22,932 - INFO - Version from config: 1.1.2
2025-09-01 14:15:22,933 - INFO - Single instance lock acquired
2025-09-01 14:15:22,933 - INFO - ==================================================
2025-09-01 14:15:22,933 - INFO - VERSION STATUS DEBUG
2025-09-01 14:15:22,933 - INFO - ==================================================
2025-09-01 14:15:22,934 - INFO - version.txt contains: '1.1.2'
2025-09-01 14:15:22,934 - INFO - CONFIG current_version: '1.1.2'
2025-09-01 14:15:22,934 - INFO - updater.ini contains version: '1.1.2'
2025-09-01 14:15:22,935 - INFO - No pending updates
2025-09-01 14:15:22,935 - INFO - ==================================================
2025-09-01 14:15:22,935 - INFO - Initializing application files...
2025-09-01 14:15:22,935 - INFO - Application files initialized successfully
2025-09-01 14:15:22,935 - INFO - ============================================================
2025-09-01 14:15:22,935 - INFO - RMS LATEST RELEASE UPDATER STARTING
2025-09-01 14:15:22,936 - INFO - ============================================================
2025-09-01 14:15:22,936 - INFO - Checking for updates using latest release...
2025-09-01 14:15:22,936 - INFO - Fetching latest release information from GitHub...
2025-09-01 14:15:22,936 - INFO - API URL: https://api.github.com/repos/food2g0/Centralized-Image-Uploader/releases/latest
2025-09-01 14:15:22,936 - INFO - Attempting to connect to https://api.github.com/repos/food2g0/Centralized-Image-Uploader/releases/latest (attempt 1/3)
2025-09-01 14:15:23,337 - INFO - Request successful (Status: 200)
2025-09-01 14:15:23,337 - INFO - Latest release: 1.1.2
2025-09-01 14:15:23,337 - INFO - Release name: Update V 1.1.2
2025-09-01 14:15:23,337 - INFO - Published: 2025-08-26T07:39:03Z
2025-09-01 14:15:23,337 - INFO - Download URL: https://github.com/food2g0/Centralized-Image-Uploader/releases/download/1.1.2/installer.exe
2025-09-01 14:15:23,338 - INFO - Current version: 1.1.2
2025-09-01 14:15:23,338 - INFO - Latest version: 1.1.2
2025-09-01 14:15:23,338 - INFO - Comparing versions: '1.1.2' vs '1.1.2'
2025-09-01 14:15:23,338 - INFO - Semantic version comparison: Versions are equal
2025-09-01 14:15:23,338 - INFO - App is up to date
2025-09-01 14:15:23,338 - INFO - No updates needed
2025-09-01 14:15:23,338 - INFO - ========================================
2025-09-01 14:15:23,338 - INFO - LAUNCHING MAIN APPLICATION
2025-09-01 14:15:23,339 - INFO - ========================================
2025-09-01 14:15:23,835 - INFO - Calling login_gui.main()
2025-09-01 14:15:56,551 - INFO - Configuration loaded from updater.ini
2025-09-01 14:15:56,551 - INFO - Version from config: 1.1.2
2025-09-01 14:15:56,551 - INFO - Single instance lock acquired
2025-09-01 14:15:56,551 - INFO - ==================================================
2025-09-01 14:15:56,551 - INFO - VERSION STATUS DEBUG
2025-09-01 14:15:56,552 - INFO - ==================================================
2025-09-01 14:15:56,552 - INFO - version.txt contains: '1.1.2'
2025-09-01 14:15:56,552 - INFO - CONFIG current_version: '1.1.2'
2025-09-01 14:15:56,552 - INFO - updater.ini contains version: '1.1.2'
2025-09-01 14:15:56,552 - INFO - No pending updates
2025-09-01 14:15:56,552 - INFO - ==================================================
2025-09-01 14:15:56,552 - INFO - Initializing application files...
2025-09-01 14:15:56,553 - INFO - Application files initialized successfully
2025-09-01 14:15:56,553 - INFO - ============================================================
2025-09-01 14:15:56,553 - INFO - RMS LATEST RELEASE UPDATER STARTING
2025-09-01 14:15:56,553 - INFO - ============================================================
2025-09-01 14:15:56,553 - INFO - Checking for updates using latest release...
2025-09-01 14:15:56,553 - INFO - Fetching latest release information from GitHub...
2025-09-01 14:15:56,554 - INFO - API URL: https://api.github.com/repos/food2g0/Centralized-Image-Uploader/releases/latest
2025-09-01 14:15:56,554 - INFO - Attempting to connect to https://api.github.com/repos/food2g0/Centralized-Image-Uploader/releases/latest (attempt 1/3)
2025-09-01 14:15:59,969 - INFO - Request successful (Status: 200)
2025-09-01 14:15:59,969 - INFO - Latest release: 1.1.2
2025-09-01 14:15:59,969 - INFO - Release name: Update V 1.1.2
2025-09-01 14:15:59,969 - INFO - Published: 2025-08-26T07:39:03Z
2025-09-01 14:15:59,969 - INFO - Download URL: https://github.com/food2g0/Centralized-Image-Uploader/releases/download/1.1.2/installer.exe
2025-09-01 14:15:59,969 - INFO - Current version: 1.1.2
2025-09-01 14:15:59,969 - INFO - Latest version: 1.1.2
2025-09-01 14:15:59,970 - INFO - Comparing versions: '1.1.2' vs '1.1.2'
2025-09-01 14:15:59,970 - INFO - Semantic version comparison: Versions are equal
2025-09-01 14:15:59,970 - INFO - App is up to date
2025-09-01 14:15:59,970 - INFO - No updates needed
2025-09-01 14:15:59,970 - INFO - ========================================
2025-09-01 14:15:59,970 - INFO - LAUNCHING MAIN APPLICATION
2025-09-01 14:15:59,970 - INFO - ========================================
2025-09-01 14:16:00,470 - INFO - Calling login_gui.main()
2025-09-01 14:28:31,628 - INFO - Configuration loaded from updater.ini
2025-09-01 14:28:31,629 - INFO - Version from config: 1.1.2
2025-09-01 14:28:31,630 - INFO - Single instance lock acquired
2025-09-01 14:28:31,631 - INFO - ==================================================
2025-09-01 14:28:31,631 - INFO - VERSION STATUS DEBUG
2025-09-01 14:28:31,632 - INFO - ==================================================
2025-09-01 14:28:31,632 - INFO - version.txt contains: '1.1.2'
2025-09-01 14:28:31,632 - INFO - CONFIG current_version: '1.1.2'
2025-09-01 14:28:31,633 - INFO - updater.ini contains version: '1.1.2'
2025-09-01 14:28:31,633 - INFO - No pending updates
2025-09-01 14:28:31,633 - INFO - ==================================================
2025-09-01 14:28:31,633 - INFO - Initializing application files...
2025-09-01 14:28:31,634 - INFO - Application files initialized successfully
2025-09-01 14:28:31,634 - INFO - ============================================================
2025-09-01 14:28:31,634 - INFO - RMS LATEST RELEASE UPDATER STARTING
2025-09-01 14:28:31,634 - INFO - ============================================================
2025-09-01 14:28:31,634 - INFO - Checking for updates using latest release...
2025-09-01 14:28:31,635 - INFO - Fetching latest release information from GitHub...
2025-09-01 14:28:31,635 - INFO - API URL: https://api.github.com/repos/food2g0/Centralized-Image-Uploader/releases/latest
2025-09-01 14:28:31,635 - INFO - Attempting to connect to https://api.github.com/repos/food2g0/Centralized-Image-Uploader/releases/latest (attempt 1/3)
2025-09-01 14:28:35,041 - INFO - Request successful (Status: 200)
2025-09-01 14:28:35,041 - INFO - Latest release: 1.1.2
2025-09-01 14:28:35,041 - INFO - Release name: Update V 1.1.2
2025-09-01 14:28:35,041 - INFO - Published: 2025-08-26T07:39:03Z
2025-09-01 14:28:35,041 - INFO - Download URL: https://github.com/food2g0/Centralized-Image-Uploader/releases/download/1.1.2/installer.exe
2025-09-01 14:28:35,041 - INFO - Current version: 1.1.2
2025-09-01 14:28:35,041 - INFO - Latest version: 1.1.2
2025-09-01 14:28:35,042 - INFO - Comparing versions: '1.1.2' vs '1.1.2'
2025-09-01 14:28:35,042 - INFO - Semantic version comparison: Versions are equal
2025-09-01 14:28:35,042 - INFO - App is up to date
2025-09-01 14:28:35,042 - INFO - No updates needed
2025-09-01 14:28:35,042 - INFO - ========================================
2025-09-01 14:28:35,042 - INFO - LAUNCHING MAIN APPLICATION
2025-09-01 14:28:35,042 - INFO - ========================================
2025-09-01 14:28:35,529 - INFO - Calling login_gui.main()
2025-09-01 14:59:16,936 - INFO - Configuration loaded from updater.ini
2025-09-01 14:59:16,936 - INFO - Version from config: 1.1.2
2025-09-01 14:59:16,937 - INFO - Single instance lock acquired
2025-09-01 14:59:16,937 - INFO - ==================================================
2025-09-01 14:59:16,937 - INFO - VERSION STATUS DEBUG
2025-09-01 14:59:16,937 - INFO - ==================================================
2025-09-01 14:59:16,937 - INFO - version.txt contains: '1.1.2'
2025-09-01 14:59:16,937 - INFO - CONFIG current_version: '1.1.2'
2025-09-01 14:59:16,938 - INFO - updater.ini contains version: '1.1.2'
2025-09-01 14:59:16,938 - INFO - No pending updates
2025-09-01 14:59:16,938 - INFO - ==================================================
2025-09-01 14:59:16,938 - INFO - Initializing application files...
2025-09-01 14:59:16,939 - INFO - Application files initialized successfully
2025-09-01 14:59:16,939 - INFO - ============================================================
2025-09-01 14:59:16,939 - INFO - RMS LATEST RELEASE UPDATER STARTING
2025-09-01 14:59:16,939 - INFO - ============================================================
2025-09-01 14:59:16,939 - INFO - Checking for updates using latest release...
2025-09-01 14:59:16,939 - INFO - Fetching latest release information from GitHub...
2025-09-01 14:59:16,939 - INFO - API URL: https://api.github.com/repos/food2g0/Centralized-Image-Uploader/releases/latest
2025-09-01 14:59:16,940 - INFO - Attempting to connect to https://api.github.com/repos/food2g0/Centralized-Image-Uploader/releases/latest (attempt 1/3)
2025-09-01 14:59:17,327 - INFO - Request successful (Status: 200)
2025-09-01 14:59:17,327 - INFO - Latest release: 1.1.2
2025-09-01 14:59:17,328 - INFO - Release name: Update V 1.1.2
2025-09-01 14:59:17,328 - INFO - Published: 2025-08-26T07:39:03Z
2025-09-01 14:59:17,328 - INFO - Download URL: https://github.com/food2g0/Centralized-Image-Uploader/releases/download/1.1.2/installer.exe
2025-09-01 14:59:17,328 - INFO - Current version: 1.1.2
2025-09-01 14:59:17,328 - INFO - Latest version: 1.1.2
2025-09-01 14:59:17,328 - INFO - Comparing versions: '1.1.2' vs '1.1.2'
2025-09-01 14:59:17,328 - INFO - Semantic version comparison: Versions are equal
2025-09-01 14:59:17,329 - INFO - App is up to date
2025-09-01 14:59:17,329 - INFO - No updates needed
2025-09-01 14:59:17,329 - INFO - ========================================
2025-09-01 14:59:17,329 - INFO - LAUNCHING MAIN APPLICATION
2025-09-01 14:59:17,329 - INFO - ========================================
2025-09-01 14:59:17,833 - INFO - Calling login_gui.main()
2025-09-02 09:16:53,620 - INFO - Configuration loaded from updater.ini
2025-09-02 09:16:53,620 - INFO - Version from config: 1.1.2
2025-09-02 09:16:53,621 - INFO - Single instance lock acquired
2025-09-02 09:16:53,621 - INFO - ==================================================
2025-09-02 09:16:53,621 - INFO - VERSION STATUS DEBUG
2025-09-02 09:16:53,621 - INFO - ==================================================
2025-09-02 09:16:53,622 - INFO - version.txt contains: '1.1.2'
2025-09-02 09:16:53,622 - INFO - CONFIG current_version: '1.1.2'
2025-09-02 09:16:53,622 - INFO - updater.ini contains version: '1.1.2'
2025-09-02 09:16:53,623 - INFO - No pending updates
2025-09-02 09:16:53,623 - INFO - ==================================================
2025-09-02 09:16:53,623 - INFO - Initializing application files...
2025-09-02 09:16:53,623 - INFO - Application files initialized successfully
2025-09-02 09:16:53,623 - INFO - ============================================================
2025-09-02 09:16:53,623 - INFO - RMS LATEST RELEASE UPDATER STARTING
2025-09-02 09:16:53,624 - INFO - ============================================================
2025-09-02 09:16:53,624 - INFO - Checking for updates using latest release...
2025-09-02 09:16:53,624 - INFO - Fetching latest release information from GitHub...
2025-09-02 09:16:53,624 - INFO - API URL: https://api.github.com/repos/food2g0/Centralized-Image-Uploader/releases/latest
2025-09-02 09:16:53,624 - INFO - Attempting to connect to https://api.github.com/repos/food2g0/Centralized-Image-Uploader/releases/latest (attempt 1/3)
2025-09-02 09:16:54,042 - INFO - Request successful (Status: 200)
2025-09-02 09:16:54,042 - INFO - Latest release: 1.1.2
2025-09-02 09:16:54,042 - INFO - Release name: Update V 1.1.2
2025-09-02 09:16:54,042 - INFO - Published: 2025-08-26T07:39:03Z
2025-09-02 09:16:54,042 - INFO - Download URL: https://github.com/food2g0/Centralized-Image-Uploader/releases/download/1.1.2/installer.exe
2025-09-02 09:16:54,043 - INFO - Current version: 1.1.2
2025-09-02 09:16:54,043 - INFO - Latest version: 1.1.2
2025-09-02 09:16:54,043 - INFO - Comparing versions: '1.1.2' vs '1.1.2'
2025-09-02 09:16:54,043 - INFO - Semantic version comparison: Versions are equal
2025-09-02 09:16:54,043 - INFO - App is up to date
2025-09-02 09:16:54,043 - INFO - No updates needed
2025-09-02 09:16:54,043 - INFO - ========================================
2025-09-02 09:16:54,043 - INFO - LAUNCHING MAIN APPLICATION
2025-09-02 09:16:54,043 - INFO - ========================================
2025-09-02 09:16:55,623 - INFO - Calling login_gui.main()
2025-09-02 09:18:08,831 - INFO - Configuration loaded from updater.ini
2025-09-02 09:18:08,831 - INFO - Version from config: 1.1.2
2025-09-02 09:18:08,832 - INFO - Single instance lock acquired
2025-09-02 09:18:08,832 - INFO - ==================================================
2025-09-02 09:18:08,832 - INFO - VERSION STATUS DEBUG
2025-09-02 09:18:08,832 - INFO - ==================================================
2025-09-02 09:18:08,832 - INFO - version.txt contains: '1.1.2'
2025-09-02 09:18:08,832 - INFO - CONFIG current_version: '1.1.2'
2025-09-02 09:18:08,833 - INFO - updater.ini contains version: '1.1.2'
2025-09-02 09:18:08,833 - INFO - No pending updates
2025-09-02 09:18:08,833 - INFO - ==================================================
2025-09-02 09:18:08,833 - INFO - Initializing application files...
2025-09-02 09:18:08,833 - INFO - Application files initialized successfully
2025-09-02 09:18:08,833 - INFO - ============================================================
2025-09-02 09:18:08,833 - INFO - RMS LATEST RELEASE UPDATER STARTING
2025-09-02 09:18:08,833 - INFO - ============================================================
2025-09-02 09:18:08,834 - INFO - Checking for updates using latest release...
2025-09-02 09:18:08,834 - INFO - Fetching latest release information from GitHub...
2025-09-02 09:18:08,834 - INFO - API URL: https://api.github.com/repos/food2g0/Centralized-Image-Uploader/releases/latest
2025-09-02 09:18:08,834 - INFO - Attempting to connect to https://api.github.com/repos/food2g0/Centralized-Image-Uploader/releases/latest (attempt 1/3)
2025-09-02 09:18:09,210 - INFO - Request successful (Status: 200)
2025-09-02 09:18:09,210 - INFO - Latest release: 1.1.2
2025-09-02 09:18:09,211 - INFO - Release name: Update V 1.1.2
2025-09-02 09:18:09,211 - INFO - Published: 2025-08-26T07:39:03Z
2025-09-02 09:18:09,211 - INFO - Download URL: https://github.com/food2g0/Centralized-Image-Uploader/releases/download/1.1.2/installer.exe
2025-09-02 09:18:09,211 - INFO - Current version: 1.1.2
2025-09-02 09:18:09,211 - INFO - Latest version: 1.1.2
2025-09-02 09:18:09,211 - INFO - Comparing versions: '1.1.2' vs '1.1.2'
2025-09-02 09:18:09,211 - INFO - Semantic version comparison: Versions are equal
2025-09-02 09:18:09,211 - INFO - App is up to date
2025-09-02 09:18:09,212 - INFO - No updates needed
2025-09-02 09:18:09,212 - INFO - ========================================
2025-09-02 09:18:09,212 - INFO - LAUNCHING MAIN APPLICATION
2025-09-02 09:18:09,212 - INFO - ========================================
2025-09-02 09:18:09,701 - INFO - Calling login_gui.main()
2025-09-02 09:18:32,156 - INFO - Configuration loaded from updater.ini
2025-09-02 09:18:32,157 - INFO - Version from config: 1.1.2
2025-09-02 09:18:32,157 - INFO - Single instance lock acquired
2025-09-02 09:18:32,157 - INFO - ==================================================
2025-09-02 09:18:32,157 - INFO - VERSION STATUS DEBUG
2025-09-02 09:18:32,157 - INFO - ==================================================
2025-09-02 09:18:32,158 - INFO - version.txt contains: '1.1.2'
2025-09-02 09:18:32,158 - INFO - CONFIG current_version: '1.1.2'
2025-09-02 09:18:32,158 - INFO - updater.ini contains version: '1.1.2'
2025-09-02 09:18:32,158 - INFO - No pending updates
2025-09-02 09:18:32,158 - INFO - ==================================================
2025-09-02 09:18:32,158 - INFO - Initializing application files...
2025-09-02 09:18:32,159 - INFO - Application files initialized successfully
2025-09-02 09:18:32,159 - INFO - ============================================================
2025-09-02 09:18:32,159 - INFO - RMS LATEST RELEASE UPDATER STARTING
2025-09-02 09:18:32,159 - INFO - ============================================================
2025-09-02 09:18:32,159 - INFO - Checking for updates using latest release...
2025-09-02 09:18:32,159 - INFO - Fetching latest release information from GitHub...
2025-09-02 09:18:32,159 - INFO - API URL: https://api.github.com/repos/food2g0/Centralized-Image-Uploader/releases/latest
2025-09-02 09:18:32,159 - INFO - Attempting to connect to https://api.github.com/repos/food2g0/Centralized-Image-Uploader/releases/latest (attempt 1/3)
2025-09-02 09:18:32,554 - INFO - Request successful (Status: 200)
2025-09-02 09:18:32,555 - INFO - Latest release: 1.1.2
2025-09-02 09:18:32,555 - INFO - Release name: Update V 1.1.2
2025-09-02 09:18:32,555 - INFO - Published: 2025-08-26T07:39:03Z
2025-09-02 09:18:32,555 - INFO - Download URL: https://github.com/food2g0/Centralized-Image-Uploader/releases/download/1.1.2/installer.exe
2025-09-02 09:18:32,555 - INFO - Current version: 1.1.2
2025-09-02 09:18:32,555 - INFO - Latest version: 1.1.2
2025-09-02 09:18:32,555 - INFO - Comparing versions: '1.1.2' vs '1.1.2'
2025-09-02 09:18:32,556 - INFO - Semantic version comparison: Versions are equal
2025-09-02 09:18:32,556 - INFO - App is up to date
2025-09-02 09:18:32,556 - INFO - No updates needed
2025-09-02 09:18:32,556 - INFO - ========================================
2025-09-02 09:18:32,556 - INFO - LAUNCHING MAIN APPLICATION
2025-09-02 09:18:32,556 - INFO - ========================================
2025-09-02 09:18:33,041 - INFO - Calling login_gui.main()
2025-11-20 10:09:33,581 - INFO - Configuration loaded from updater.ini
2025-11-20 10:09:33,582 - INFO - Version from config: 1.1.2
2025-11-20 10:09:33,583 - INFO - Single instance lock acquired
2025-11-20 10:09:33,583 - INFO - ==================================================
2025-11-20 10:09:33,583 - INFO - VERSION STATUS DEBUG
2025-11-20 10:09:33,583 - INFO - ==================================================
2025-11-20 10:09:33,584 - INFO - version.txt contains: '1.1.2'
2025-11-20 10:09:33,584 - INFO - CONFIG current_version: '1.1.2'
2025-11-20 10:09:33,584 - INFO - updater.ini contains version: '1.1.2'
2025-11-20 10:09:33,584 - INFO - No pending updates
2025-11-20 10:09:33,585 - INFO - ==================================================
2025-11-20 10:09:33,585 - INFO - Initializing application files...
2025-11-20 10:09:33,585 - INFO - Application files initialized successfully
2025-11-20 10:09:33,585 - INFO - ============================================================
2025-11-20 10:09:33,585 - INFO - RMS LATEST RELEASE UPDATER STARTING
2025-11-20 10:09:33,586 - INFO - ============================================================
2025-11-20 10:09:33,586 - INFO - Checking for updates using latest release...
2025-11-20 10:09:33,586 - INFO - Fetching latest release information from GitHub...
2025-11-20 10:09:33,586 - INFO - API URL: https://api.github.com/repos/food2g0/Centralized-Image-Uploader/releases/latest
2025-11-20 10:09:33,586 - INFO - Attempting to connect to https://api.github.com/repos/food2g0/Centralized-Image-Uploader/releases/latest (attempt 1/3)
2025-11-20 10:09:34,015 - INFO - Request successful (Status: 200)
2025-11-20 10:09:34,015 - INFO - Latest release: 1.1.2
2025-11-20 10:09:34,015 - INFO - Release name: Update V 1.1.2
2025-11-20 10:09:34,015 - INFO - Published: 2025-08-26T07:39:03Z
2025-11-20 10:09:34,015 - INFO - Download URL: https://github.com/food2g0/Centralized-Image-Uploader/releases/download/1.1.2/installer.exe
2025-11-20 10:09:34,017 - INFO - Current version: 1.1.2
2025-11-20 10:09:34,017 - INFO - Latest version: 1.1.2
2025-11-20 10:09:34,017 - INFO - Comparing versions: '1.1.2' vs '1.1.2'
2025-11-20 10:09:34,017 - INFO - Semantic version comparison: Versions are equal
2025-11-20 10:09:34,017 - INFO - App is up to date
2025-11-20 10:09:34,017 - INFO - No updates needed
2025-11-20 10:09:34,017 - INFO - ========================================
2025-11-20 10:09:34,018 - INFO - LAUNCHING MAIN APPLICATION
2025-11-20 10:09:34,018 - INFO - ========================================
2025-11-20 10:09:36,180 - INFO - Calling login_gui.main()
2025-11-20 17:43:55,645 - INFO - Configuration loaded from updater.ini
2025-11-20 17:43:55,646 - INFO - Version from config: 1.1.2
2025-11-20 17:43:55,647 - INFO - Single instance lock acquired
2025-11-20 17:43:55,647 - INFO - ==================================================
2025-11-20 17:43:55,647 - INFO - VERSION STATUS DEBUG
2025-11-20 17:43:55,647 - INFO - ==================================================
2025-11-20 17:43:55,647 - INFO - version.txt contains: '1.1.2'
2025-11-20 17:43:55,647 - INFO - CONFIG current_version: '1.1.2'
2025-11-20 17:43:55,648 - INFO - updater.ini contains version: '1.1.2'
2025-11-20 17:43:55,648 - INFO - No pending updates
2025-11-20 17:43:55,648 - INFO - ==================================================
2025-11-20 17:43:55,648 - INFO - Initializing application files...
2025-11-20 17:43:55,648 - INFO - Application files initialized successfully
2025-11-20 17:43:55,648 - INFO - ============================================================
2025-11-20 17:43:55,648 - INFO - RMS LATEST RELEASE UPDATER STARTING
2025-11-20 17:43:55,648 - INFO - ============================================================
2025-11-20 17:43:55,649 - INFO - Checking for updates using latest release...
2025-11-20 17:43:55,649 - INFO - Fetching latest release information from GitHub...
2025-11-20 17:43:55,649 - INFO - API URL: https://api.github.com/repos/food2g0/Centralized-Image-Uploader/releases/latest
2025-11-20 17:43:55,650 - INFO - Attempting to connect to https://api.github.com/repos/food2g0/Centralized-Image-Uploader/releases/latest (attempt 1/3)
2025-11-20 17:43:56,045 - INFO - Request successful (Status: 200)
2025-11-20 17:43:56,046 - INFO - Latest release: 1.1.2
2025-11-20 17:43:56,046 - INFO - Release name: Update V 1.1.2
2025-11-20 17:43:56,046 - INFO - Published: 2025-08-26T07:39:03Z
2025-11-20 17:43:56,046 - INFO - Download URL: https://github.com/food2g0/Centralized-Image-Uploader/releases/download/1.1.2/installer.exe
2025-11-20 17:43:56,047 - INFO - Current version: 1.1.2
2025-11-20 17:43:56,047 - INFO - Latest version: 1.1.2
2025-11-20 17:43:56,047 - INFO - Comparing versions: '1.1.2' vs '1.1.2'
2025-11-20 17:43:56,047 - INFO - Semantic version comparison: Versions are equal
2025-11-20 17:43:56,047 - INFO - App is up to date
2025-11-20 17:43:56,047 - INFO - No updates needed
2025-11-20 17:43:56,047 - INFO - ========================================
2025-11-20 17:43:56,048 - INFO - LAUNCHING MAIN APPLICATION
2025-11-20 17:43:56,048 - INFO - ========================================
2025-11-20 17:43:57,750 - INFO - Calling login_gui.main()
2025-11-20 17:56:18,629 - INFO - Configuration loaded from updater.ini
2025-11-20 17:56:18,629 - INFO - Version from config: 1.1.2
2025-11-20 17:56:18,630 - INFO - Single instance lock acquired
2025-11-20 17:56:18,630 - INFO - ==================================================
2025-11-20 17:56:18,630 - INFO - VERSION STATUS DEBUG
2025-11-20 17:56:18,630 - INFO - ==================================================
2025-11-20 17:56:18,630 - INFO - version.txt contains: '1.1.2'
2025-11-20 17:56:18,631 - INFO - CONFIG current_version: '1.1.2'
2025-11-20 17:56:18,631 - INFO - updater.ini contains version: '1.1.2'
2025-11-20 17:56:18,631 - INFO - No pending updates
2025-11-20 17:56:18,631 - INFO - ==================================================
2025-11-20 17:56:18,631 - INFO - Initializing application files...
2025-11-20 17:56:18,632 - INFO - Application files initialized successfully
2025-11-20 17:56:18,632 - INFO - ============================================================
2025-11-20 17:56:18,632 - INFO - RMS LATEST RELEASE UPDATER STARTING
2025-11-20 17:56:18,632 - INFO - ============================================================
2025-11-20 17:56:18,632 - INFO - Checking for updates using latest release...
2025-11-20 17:56:18,632 - INFO - Fetching latest release information from GitHub...
2025-11-20 17:56:18,632 - INFO - API URL: https://api.github.com/repos/food2g0/Centralized-Image-Uploader/releases/latest
2025-11-20 17:56:18,632 - INFO - Attempting to connect to https://api.github.com/repos/food2g0/Centralized-Image-Uploader/releases/latest (attempt 1/3)
2025-11-20 17:56:19,054 - INFO - Request successful (Status: 200)
2025-11-20 17:56:19,054 - INFO - Latest release: 1.1.2
2025-11-20 17:56:19,054 - INFO - Release name: Update V 1.1.2
2025-11-20 17:56:19,054 - INFO - Published: 2025-08-26T07:39:03Z
2025-11-20 17:56:19,054 - INFO - Download URL: https://github.com/food2g0/Centralized-Image-Uploader/releases/download/1.1.2/installer.exe
2025-11-20 17:56:19,055 - INFO - Current version: 1.1.2
2025-11-20 17:56:19,055 - INFO - Latest version: 1.1.2
2025-11-20 17:56:19,055 - INFO - Comparing versions: '1.1.2' vs '1.1.2'
2025-11-20 17:56:19,055 - INFO - Semantic version comparison: Versions are equal
2025-11-20 17:56:19,055 - INFO - App is up to date
2025-11-20 17:56:19,055 - INFO - No updates needed
2025-11-20 17:56:19,055 - INFO - ========================================
2025-11-20 17:56:19,055 - INFO - LAUNCHING MAIN APPLICATION
2025-11-20 17:56:19,055 - INFO - ========================================
2025-11-20 17:56:19,664 - INFO - Calling login_gui.main()
2025-11-20 17:57:36,137 - INFO - Configuration loaded from updater.ini
2025-11-20 17:57:36,137 - INFO - Version from config: 1.1.2
2025-11-20 17:57:36,137 - INFO - Single instance lock acquired
2025-11-20 17:57:36,137 - INFO - ==================================================
2025-11-20 17:57:36,138 - INFO - VERSION STATUS DEBUG
2025-11-20 17:57:36,138 - INFO - ==================================================
2025-11-20 17:57:36,138 - INFO - version.txt contains: '1.1.2'
2025-11-20 17:57:36,138 - INFO - CONFIG current_version: '1.1.2'
2025-11-20 17:57:36,139 - INFO - updater.ini contains version: '1.1.2'
2025-11-20 17:57:36,139 - INFO - No pending updates
2025-11-20 17:57:36,139 - INFO - ==================================================
2025-11-20 17:57:36,139 - INFO - Initializing application files...
2025-11-20 17:57:36,139 - INFO - Application files initialized successfully
2025-11-20 17:57:36,139 - INFO - ============================================================
2025-11-20 17:57:36,139 - INFO - RMS LATEST RELEASE UPDATER STARTING
2025-11-20 17:57:36,139 - INFO - ============================================================
2025-11-20 17:57:36,140 - INFO - Checking for updates using latest release...
2025-11-20 17:57:36,140 - INFO - Fetching latest release information from GitHub...
2025-11-20 17:57:36,140 - INFO - API URL: https://api.github.com/repos/food2g0/Centralized-Image-Uploader/releases/latest
2025-11-20 17:57:36,140 - INFO - Attempting to connect to https://api.github.com/repos/food2g0/Centralized-Image-Uploader/releases/latest (attempt 1/3)
2025-11-20 17:57:36,545 - INFO - Request successful (Status: 200)
2025-11-20 17:57:36,545 - INFO - Latest release: 1.1.2
2025-11-20 17:57:36,546 - INFO - Release name: Update V 1.1.2
2025-11-20 17:57:36,546 - INFO - Published: 2025-08-26T07:39:03Z
2025-11-20 17:57:36,546 - INFO - Download URL: https://github.com/food2g0/Centralized-Image-Uploader/releases/download/1.1.2/installer.exe
2025-11-20 17:57:36,546 - INFO - Current version: 1.1.2
2025-11-20 17:57:36,547 - INFO - Latest version: 1.1.2
2025-11-20 17:57:36,547 - INFO - Comparing versions: '1.1.2' vs '1.1.2'
2025-11-20 17:57:36,547 - INFO - Semantic version comparison: Versions are equal
2025-11-20 17:57:36,547 - INFO - App is up to date
2025-11-20 17:57:36,547 - INFO - No updates needed
2025-11-20 17:57:36,547 - INFO - ========================================
2025-11-20 17:57:36,548 - INFO - LAUNCHING MAIN APPLICATION
2025-11-20 17:57:36,548 - INFO - ========================================
2025-11-20 17:57:37,163 - INFO - Calling login_gui.main()
2025-11-20 17:59:35,653 - INFO - Configuration loaded from updater.ini
2025-11-20 17:59:35,653 - INFO - Version from config: 1.1.2
2025-11-20 17:59:35,653 - INFO - Single instance lock acquired
2025-11-20 17:59:35,653 - INFO - ==================================================
2025-11-20 17:59:35,654 - INFO - VERSION STATUS DEBUG
2025-11-20 17:59:35,654 - INFO - ==================================================
2025-11-20 17:59:35,654 - INFO - version.txt contains: '1.1.2'
2025-11-20 17:59:35,654 - INFO - CONFIG current_version: '1.1.2'
2025-11-20 17:59:35,655 - INFO - updater.ini contains version: '1.1.2'
2025-11-20 17:59:35,655 - INFO - No pending updates
2025-11-20 17:59:35,655 - INFO - ==================================================
2025-11-20 17:59:35,655 - INFO - Initializing application files...
2025-11-20 17:59:35,655 - INFO - Application files initialized successfully
2025-11-20 17:59:35,655 - INFO - ============================================================
2025-11-20 17:59:35,655 - INFO - RMS LATEST RELEASE UPDATER STARTING
2025-11-20 17:59:35,656 - INFO - ============================================================
2025-11-20 17:59:35,656 - INFO - Checking for updates using latest release...
2025-11-20 17:59:35,656 - INFO - Fetching latest release information from GitHub...
2025-11-20 17:59:35,656 - INFO - API URL: https://api.github.com/repos/food2g0/Centralized-Image-Uploader/releases/latest
2025-11-20 17:59:35,656 - INFO - Attempting to connect to https://api.github.com/repos/food2g0/Centralized-Image-Uploader/releases/latest (attempt 1/3)
2025-11-20 17:59:36,071 - INFO - Request successful (Status: 200)
2025-11-20 17:59:36,071 - INFO - Latest release: 1.1.2
2025-11-20 17:59:36,071 - INFO - Release name: Update V 1.1.2
2025-11-20 17:59:36,072 - INFO - Published: 2025-08-26T07:39:03Z
2025-11-20 17:59:36,072 - INFO - Download URL: https://github.com/food2g0/Centralized-Image-Uploader/releases/download/1.1.2/installer.exe
2025-11-20 17:59:36,072 - INFO - Current version: 1.1.2
2025-11-20 17:59:36,072 - INFO - Latest version: 1.1.2
2025-11-20 17:59:36,072 - INFO - Comparing versions: '1.1.2' vs '1.1.2'
2025-11-20 17:59:36,072 - INFO - Semantic version comparison: Versions are equal
2025-11-20 17:59:36,072 - INFO - App is up to date
2025-11-20 17:59:36,073 - INFO - No updates needed
2025-11-20 17:59:36,073 - INFO - ========================================
2025-11-20 17:59:36,073 - INFO - LAUNCHING MAIN APPLICATION
2025-11-20 17:59:36,073 - INFO - ========================================
2025-11-20 17:59:36,610 - INFO - Calling login_gui.main()
2025-11-20 18:01:05,050 - INFO - Configuration loaded from updater.ini
2025-11-20 18:01:05,050 - INFO - Version from config: 1.1.2
2025-11-20 18:01:05,050 - INFO - Single instance lock acquired
2025-11-20 18:01:05,050 - INFO - ==================================================
2025-11-20 18:01:05,051 - INFO - VERSION STATUS DEBUG
2025-11-20 18:01:05,051 - INFO - ==================================================
2025-11-20 18:01:05,051 - INFO - version.txt contains: '1.1.2'
2025-11-20 18:01:05,051 - INFO - CONFIG current_version: '1.1.2'
2025-11-20 18:01:05,051 - INFO - updater.ini contains version: '1.1.2'
2025-11-20 18:01:05,052 - INFO - No pending updates
2025-11-20 18:01:05,052 - INFO - ==================================================
2025-11-20 18:01:05,052 - INFO - Initializing application files...
2025-11-20 18:01:05,052 - INFO - Application files initialized successfully
2025-11-20 18:01:05,052 - INFO - ============================================================
2025-11-20 18:01:05,053 - INFO - RMS LATEST RELEASE UPDATER STARTING
2025-11-20 18:01:05,053 - INFO - ============================================================
2025-11-20 18:01:05,053 - INFO - Checking for updates using latest release...
2025-11-20 18:01:05,053 - INFO - Fetching latest release information from GitHub...
2025-11-20 18:01:05,053 - INFO - API URL: https://api.github.com/repos/food2g0/Centralized-Image-Uploader/releases/latest
2025-11-20 18:01:05,053 - INFO - Attempting to connect to https://api.github.com/repos/food2g0/Centralized-Image-Uploader/releases/latest (attempt 1/3)
2025-11-20 18:01:05,431 - INFO - Request successful (Status: 200)
2025-11-20 18:01:05,431 - INFO - Latest release: 1.1.2
2025-11-20 18:01:05,431 - INFO - Release name: Update V 1.1.2
2025-11-20 18:01:05,431 - INFO - Published: 2025-08-26T07:39:03Z
2025-11-20 18:01:05,431 - INFO - Download URL: https://github.com/food2g0/Centralized-Image-Uploader/releases/download/1.1.2/installer.exe
2025-11-20 18:01:05,432 - INFO - Current version: 1.1.2
2025-11-20 18:01:05,432 - INFO - Latest version: 1.1.2
2025-11-20 18:01:05,432 - INFO - Comparing versions: '1.1.2' vs '1.1.2'
2025-11-20 18:01:05,432 - INFO - Semantic version comparison: Versions are equal
2025-11-20 18:01:05,432 - INFO - App is up to date
2025-11-20 18:01:05,433 - INFO - No updates needed
2025-11-20 18:01:05,433 - INFO - ========================================
2025-11-20 18:01:05,433 - INFO - LAUNCHING MAIN APPLICATION
2025-11-20 18:01:05,433 - INFO - ========================================
2025-11-20 18:01:06,032 - INFO - Calling login_gui.main()
2025-11-28 08:19:13,265 - INFO - Configuration loaded from updater.ini
2025-11-28 08:19:13,268 - INFO - Version from config: 1.1.2
2025-11-28 08:19:13,269 - INFO - Single instance lock acquired
2025-11-28 08:19:13,269 - INFO - ==================================================
2025-11-28 08:19:13,269 - INFO - VERSION STATUS DEBUG
2025-11-28 08:19:13,269 - INFO - ==================================================
2025-11-28 08:19:13,270 - INFO - version.txt contains: '1.1.2'
2025-11-28 08:19:13,270 - INFO - CONFIG current_version: '1.1.2'
2025-11-28 08:19:13,270 - INFO - updater.ini contains version: '1.1.2'
2025-11-28 08:19:13,271 - INFO - No pending updates
2025-11-28 08:19:13,271 - INFO - ==================================================
2025-11-28 08:19:13,271 - INFO - Initializing application files...
2025-11-28 08:19:13,271 - INFO - Application files initialized successfully
2025-11-28 08:19:13,271 - INFO - ============================================================
2025-11-28 08:19:13,271 - INFO - RMS LATEST RELEASE UPDATER STARTING
2025-11-28 08:19:13,271 - INFO - ============================================================
2025-11-28 08:19:13,272 - INFO - Checking for updates using latest release...
2025-11-28 08:19:13,272 - INFO - Fetching latest release information from GitHub...
2025-11-28 08:19:13,272 - INFO - API URL: https://api.github.com/repos/food2g0/Centralized-Image-Uploader/releases/latest
2025-11-28 08:19:13,272 - INFO - Attempting to connect to https://api.github.com/repos/food2g0/Centralized-Image-Uploader/releases/latest (attempt 1/3)
2025-11-28 08:19:13,778 - INFO - Request successful (Status: 200)
2025-11-28 08:19:13,778 - INFO - Latest release: 1.1.2
2025-11-28 08:19:13,778 - INFO - Release name: Update V 1.1.2
2025-11-28 08:19:13,778 - INFO - Published: 2025-08-26T07:39:03Z
2025-11-28 08:19:13,779 - INFO - Download URL: https://github.com/food2g0/Centralized-Image-Uploader/releases/download/1.1.2/installer.exe
2025-11-28 08:19:13,779 - INFO - Current version: 1.1.2
2025-11-28 08:19:13,779 - INFO - Latest version: 1.1.2
2025-11-28 08:19:13,779 - INFO - Comparing versions: '1.1.2' vs '1.1.2'
2025-11-28 08:19:13,780 - INFO - Semantic version comparison: Versions are equal
2025-11-28 08:19:13,780 - INFO - App is up to date
2025-11-28 08:19:13,780 - INFO - No updates needed
2025-11-28 08:19:13,780 - INFO - ========================================
2025-11-28 08:19:13,780 - INFO - LAUNCHING MAIN APPLICATION
2025-11-28 08:19:13,780 - INFO - ========================================
2025-11-28 08:19:15,618 - INFO - Calling login_gui.main()
2025-11-28 08:20:06,233 - INFO - Configuration loaded from updater.ini
2025-11-28 08:20:06,233 - INFO - Version from config: 1.1.2
2025-11-28 08:20:06,234 - INFO - Single instance lock acquired
2025-11-28 08:20:06,234 - INFO - ==================================================
2025-11-28 08:20:06,234 - INFO - VERSION STATUS DEBUG
2025-11-28 08:20:06,234 - INFO - ==================================================
2025-11-28 08:20:06,234 - INFO - version.txt contains: '1.1.2'
2025-11-28 08:20:06,235 - INFO - CONFIG current_version: '1.1.2'
2025-11-28 08:20:06,235 - INFO - updater.ini contains version: '1.1.2'
2025-11-28 08:20:06,235 - INFO - No pending updates
2025-11-28 08:20:06,235 - INFO - ==================================================
2025-11-28 08:20:06,235 - INFO - Initializing application files...
2025-11-28 08:20:06,235 - INFO - Application files initialized successfully
2025-11-28 08:20:06,235 - INFO - ============================================================
2025-11-28 08:20:06,236 - INFO - RMS LATEST RELEASE UPDATER STARTING
2025-11-28 08:20:06,236 - INFO - ============================================================
2025-11-28 08:20:06,236 - INFO - Checking for updates using latest release...
2025-11-28 08:20:06,236 - INFO - Fetching latest release information from GitHub...
2025-11-28 08:20:06,236 - INFO - API URL: https://api.github.com/repos/food2g0/Centralized-Image-Uploader/releases/latest
2025-11-28 08:20:06,236 - INFO - Attempting to connect to https://api.github.com/repos/food2g0/Centralized-Image-Uploader/releases/latest (attempt 1/3)
2025-11-28 08:20:06,609 - INFO - Request successful (Status: 200)
2025-11-28 08:20:06,609 - INFO - Latest release: 1.1.2
2025-11-28 08:20:06,609 - INFO - Release name: Update V 1.1.2
2025-11-28 08:20:06,609 - INFO - Published: 2025-08-26T07:39:03Z
2025-11-28 08:20:06,609 - INFO - Download URL: https://github.com/food2g0/Centralized-Image-Uploader/releases/download/1.1.2/installer.exe
2025-11-28 08:20:06,610 - INFO - Current version: 1.1.2
2025-11-28 08:20:06,610 - INFO - Latest version: 1.1.2
2025-11-28 08:20:06,610 - INFO - Comparing versions: '1.1.2' vs '1.1.2'
2025-11-28 08:20:06,610 - INFO - Semantic version comparison: Versions are equal
2025-11-28 08:20:06,610 - INFO - App is up to date
2025-11-28 08:20:06,610 - INFO - No updates needed
2025-11-28 08:20:06,610 - INFO - ========================================
2025-11-28 08:20:06,611 - INFO - LAUNCHING MAIN APPLICATION
2025-11-28 08:20:06,611 - INFO - ========================================
2025-11-28 08:20:07,196 - INFO - Calling login_gui.main()
2025-11-28 08:27:40,091 - INFO - Configuration loaded from updater.ini
2025-11-28 08:27:40,091 - INFO - Version from config: 1.1.2
2025-11-28 08:27:40,092 - INFO - Single instance lock acquired
2025-11-28 08:27:40,092 - INFO - ==================================================
2025-11-28 08:27:40,092 - INFO - VERSION STATUS DEBUG
2025-11-28 08:27:40,092 - INFO - ==================================================
2025-11-28 08:27:40,092 - INFO - version.txt contains: '1.1.2'
2025-11-28 08:27:40,093 - INFO - CONFIG current_version: '1.1.2'
2025-11-28 08:27:40,093 - INFO - updater.ini contains version: '1.1.2'
2025-11-28 08:27:40,093 - INFO - No pending updates
2025-11-28 08:27:40,093 - INFO - ==================================================
2025-11-28 08:27:40,093 - INFO - Initializing application files...
2025-11-28 08:27:40,094 - INFO - Application files initialized successfully
2025-11-28 08:27:40,094 - INFO - ============================================================
2025-11-28 08:27:40,094 - INFO - RMS LATEST RELEASE UPDATER STARTING
2025-11-28 08:27:40,094 - INFO - ============================================================
2025-11-28 08:27:40,094 - INFO - Checking for updates using latest release...
2025-11-28 08:27:40,094 - INFO - Fetching latest release information from GitHub...
2025-11-28 08:27:40,094 - INFO - API URL: https://api.github.com/repos/food2g0/Centralized-Image-Uploader/releases/latest
2025-11-28 08:27:40,095 - INFO - Attempting to connect to https://api.github.com/repos/food2g0/Centralized-Image-Uploader/releases/latest (attempt 1/3)
2025-11-28 08:27:40,517 - INFO - Request successful (Status: 200)
2025-11-28 08:27:40,517 - INFO - Latest release: 1.1.2
2025-11-28 08:27:40,517 - INFO - Release name: Update V 1.1.2
2025-11-28 08:27:40,517 - INFO - Published: 2025-08-26T07:39:03Z
2025-11-28 08:27:40,517 - INFO - Download URL: https://github.com/food2g0/Centralized-Image-Uploader/releases/download/1.1.2/installer.exe
2025-11-28 08:27:40,518 - INFO - Current version: 1.1.2
2025-11-28 08:27:40,518 - INFO - Latest version: 1.1.2
2025-11-28 08:27:40,518 - INFO - Comparing versions: '1.1.2' vs '1.1.2'
2025-11-28 08:27:40,518 - INFO - Semantic version comparison: Versions are equal
2025-11-28 08:27:40,518 - INFO - App is up to date
2025-11-28 08:27:40,518 - INFO - No updates needed
2025-11-28 08:27:40,518 - INFO - ========================================
2025-11-28 08:27:40,519 - INFO - LAUNCHING MAIN APPLICATION
2025-11-28 08:27:40,519 - INFO - ========================================
2025-11-28 08:27:41,111 - INFO - Calling login_gui.main()
2025-11-28 08:28:43,234 - INFO - Configuration loaded from updater.ini
2025-11-28 08:28:43,235 - INFO - Version from config: 1.1.2
2025-11-28 08:28:43,235 - INFO - Single instance lock acquired
2025-11-28 08:28:43,235 - INFO - ==================================================
2025-11-28 08:28:43,235 - INFO - VERSION STATUS DEBUG
2025-11-28 08:28:43,235 - INFO - ==================================================
2025-11-28 08:28:43,236 - INFO - version.txt contains: '1.1.2'
2025-11-28 08:28:43,236 - INFO - CONFIG current_version: '1.1.2'
2025-11-28 08:28:43,236 - INFO - updater.ini contains version: '1.1.2'
2025-11-28 08:28:43,236 - INFO - No pending updates
2025-11-28 08:28:43,236 - INFO - ==================================================
2025-11-28 08:28:43,237 - INFO - Initializing application files...
2025-11-28 08:28:43,237 - INFO - Application files initialized successfully
2025-11-28 08:28:43,237 - INFO - ============================================================
2025-11-28 08:28:43,237 - INFO - RMS LATEST RELEASE UPDATER STARTING
2025-11-28 08:28:43,237 - INFO - ============================================================
2025-11-28 08:28:43,237 - INFO - Checking for updates using latest release...
2025-11-28 08:28:43,237 - INFO - Fetching latest release information from GitHub...
2025-11-28 08:28:43,237 - INFO - API URL: https://api.github.com/repos/food2g0/Centralized-Image-Uploader/releases/latest
2025-11-28 08:28:43,238 - INFO - Attempting to connect to https://api.github.com/repos/food2g0/Centralized-Image-Uploader/releases/latest (attempt 1/3)
2025-11-28 08:28:43,613 - INFO - Request successful (Status: 200)
2025-11-28 08:28:43,613 - INFO - Latest release: 1.1.2
2025-11-28 08:28:43,613 - INFO - Release name: Update V 1.1.2
2025-11-28 08:28:43,613 - INFO - Published: 2025-08-26T07:39:03Z
2025-11-28 08:28:43,613 - INFO - Download URL: https://github.com/food2g0/Centralized-Image-Uploader/releases/download/1.1.2/installer.exe
2025-11-28 08:28:43,613 - INFO - Current version: 1.1.2
2025-11-28 08:28:43,614 - INFO - Latest version: 1.1.2
2025-11-28 08:28:43,614 - INFO - Comparing versions: '1.1.2' vs '1.1.2'
2025-11-28 08:28:43,614 - INFO - Semantic version comparison: Versions are equal
2025-11-28 08:28:43,614 - INFO - App is up to date
2025-11-28 08:28:43,614 - INFO - No updates needed
2025-11-28 08:28:43,614 - INFO - ========================================
2025-11-28 08:28:43,614 - INFO - LAUNCHING MAIN APPLICATION
2025-11-28 08:28:43,614 - INFO - ========================================
2025-11-28 08:28:44,207 - INFO - Calling login_gui.main()
2025-11-28 08:33:45,654 - INFO - Configuration loaded from updater.ini
2025-11-28 08:33:45,654 - INFO - Version from config: 1.1.2
2025-11-28 08:33:45,654 - INFO - Single instance lock acquired
2025-11-28 08:33:45,654 - INFO - ==================================================
2025-11-28 08:33:45,655 - INFO - VERSION STATUS DEBUG
2025-11-28 08:33:45,655 - INFO - ==================================================
2025-11-28 08:33:45,655 - INFO - version.txt contains: '1.1.2'
2025-11-28 08:33:45,655 - INFO - CONFIG current_version: '1.1.2'
2025-11-28 08:33:45,655 - INFO - updater.ini contains version: '1.1.2'
2025-11-28 08:33:45,656 - INFO - No pending updates
2025-11-28 08:33:45,656 - INFO - ==================================================
2025-11-28 08:33:45,656 - INFO - Initializing application files...
2025-11-28 08:33:45,656 - INFO - Application files initialized successfully
2025-11-28 08:33:45,656 - INFO - ============================================================
2025-11-28 08:33:45,656 - INFO - RMS LATEST RELEASE UPDATER STARTING
2025-11-28 08:33:45,656 - INFO - ============================================================
2025-11-28 08:33:45,656 - INFO - Checking for updates using latest release...
2025-11-28 08:33:45,657 - INFO - Fetching latest release information from GitHub...
2025-11-28 08:33:45,657 - INFO - API URL: https://api.github.com/repos/food2g0/Centralized-Image-Uploader/releases/latest
2025-11-28 08:33:45,657 - INFO - Attempting to connect to https://api.github.com/repos/food2g0/Centralized-Image-Uploader/releases/latest (attempt 1/3)
2025-11-28 08:33:46,068 - INFO - Request successful (Status: 200)
2025-11-28 08:33:46,068 - INFO - Latest release: 1.1.2
2025-11-28 08:33:46,068 - INFO - Release name: Update V 1.1.2
2025-11-28 08:33:46,069 - INFO - Published: 2025-08-26T07:39:03Z
2025-11-28 08:33:46,069 - INFO - Download URL: https://github.com/food2g0/Centralized-Image-Uploader/releases/download/1.1.2/installer.exe
2025-11-28 08:33:46,069 - INFO - Current version: 1.1.2
2025-11-28 08:33:46,069 - INFO - Latest version: 1.1.2
2025-11-28 08:33:46,070 - INFO - Comparing versions: '1.1.2' vs '1.1.2'
2025-11-28 08:33:46,070 - INFO - Semantic version comparison: Versions are equal
2025-11-28 08:33:46,070 - INFO - App is up to date
2025-11-28 08:33:46,070 - INFO - No updates needed
2025-11-28 08:33:46,070 - INFO - ========================================
2025-11-28 08:33:46,070 - INFO - LAUNCHING MAIN APPLICATION
2025-11-28 08:33:46,070 - INFO - ========================================
2025-11-28 08:33:46,655 - INFO - Calling login_gui.main()
2025-11-28 08:50:50,029 - INFO - Configuration loaded from updater.ini
2025-11-28 08:50:50,030 - INFO - Version from config: 1.1.2
2025-11-28 08:50:50,030 - INFO - Single instance lock acquired
2025-11-28 08:50:50,031 - INFO - ==================================================
2025-11-28 08:50:50,031 - INFO - VERSION STATUS DEBUG
2025-11-28 08:50:50,031 - INFO - ==================================================
2025-11-28 08:50:50,031 - INFO - version.txt contains: '1.1.2'
2025-11-28 08:50:50,031 - INFO - CONFIG current_version: '1.1.2'
2025-11-28 08:50:50,032 - INFO - updater.ini contains version: '1.1.2'
2025-11-28 08:50:50,032 - INFO - No pending updates
2025-11-28 08:50:50,032 - INFO - ==================================================
2025-11-28 08:50:50,032 - INFO - Initializing application files...
2025-11-28 08:50:50,032 - INFO - Application files initialized successfully
2025-11-28 08:50:50,032 - INFO - ============================================================
2025-11-28 08:50:50,032 - INFO - RMS LATEST RELEASE UPDATER STARTING
2025-11-28 08:50:50,032 - INFO - ============================================================
2025-11-28 08:50:50,033 - INFO - Checking for updates using latest release...
2025-11-28 08:50:50,033 - INFO - Fetching latest release information from GitHub...
2025-11-28 08:50:50,033 - INFO - API URL: https://api.github.com/repos/food2g0/Centralized-Image-Uploader/releases/latest
2025-11-28 08:50:50,033 - INFO - Attempting to connect to https://api.github.com/repos/food2g0/Centralized-Image-Uploader/releases/latest (attempt 1/3)
2025-11-28 08:50:50,453 - INFO - Request successful (Status: 200)
2025-11-28 08:50:50,454 - INFO - Latest release: 1.1.2
2025-11-28 08:50:50,454 - INFO - Release name: Update V 1.1.2
2025-11-28 08:50:50,455 - INFO - Published: 2025-08-26T07:39:03Z
2025-11-28 08:50:50,455 - INFO - Download URL: https://github.com/food2g0/Centralized-Image-Uploader/releases/download/1.1.2/installer.exe
2025-11-28 08:50:50,455 - INFO - Current version: 1.1.2
2025-11-28 08:50:50,456 - INFO - Latest version: 1.1.2
2025-11-28 08:50:50,456 - INFO - Comparing versions: '1.1.2' vs '1.1.2'
2025-11-28 08:50:50,456 - INFO - Semantic version comparison: Versions are equal
2025-11-28 08:50:50,456 - INFO - App is up to date
2025-11-28 08:50:50,456 - INFO - No updates needed
2025-11-28 08:50:50,456 - INFO - ========================================
2025-11-28 08:50:50,456 - INFO - LAUNCHING MAIN APPLICATION
2025-11-28 08:50:50,456 - INFO - ========================================
2025-11-28 08:50:51,256 - INFO - Calling login_gui.main()
2025-11-28 08:51:38,789 - INFO - Configuration loaded from updater.ini
2025-11-28 08:51:38,789 - INFO - Version from config: 1.1.2
2025-11-28 08:51:38,789 - INFO - Single instance lock acquired
2025-11-28 08:51:38,790 - INFO - ==================================================
2025-11-28 08:51:38,790 - INFO - VERSION STATUS DEBUG
2025-11-28 08:51:38,790 - INFO - ==================================================
2025-11-28 08:51:38,790 - INFO - version.txt contains: '1.1.2'
2025-11-28 08:51:38,790 - INFO - CONFIG current_version: '1.1.2'
2025-11-28 08:51:38,791 - INFO - updater.ini contains version: '1.1.2'
2025-11-28 08:51:38,791 - INFO - No pending updates
2025-11-28 08:51:38,791 - INFO - ==================================================
2025-11-28 08:51:38,791 - INFO - Initializing application files...
2025-11-28 08:51:38,791 - INFO - Application files initialized successfully
2025-11-28 08:51:38,792 - INFO - ============================================================
2025-11-28 08:51:38,792 - INFO - RMS LATEST RELEASE UPDATER STARTING
2025-11-28 08:51:38,792 - INFO - ============================================================
2025-11-28 08:51:38,792 - INFO - Checking for updates using latest release...
2025-11-28 08:51:38,792 - INFO - Fetching latest release information from GitHub...
2025-11-28 08:51:38,792 - INFO - API URL: https://api.github.com/repos/food2g0/Centralized-Image-Uploader/releases/latest
2025-11-28 08:51:38,793 - INFO - Attempting to connect to https://api.github.com/repos/food2g0/Centralized-Image-Uploader/releases/latest (attempt 1/3)
2025-11-28 08:51:39,178 - INFO - Request successful (Status: 200)
2025-11-28 08:51:39,178 - INFO - Latest release: 1.1.2
2025-11-28 08:51:39,178 - INFO - Release name: Update V 1.1.2
2025-11-28 08:51:39,178 - INFO - Published: 2025-08-26T07:39:03Z
2025-11-28 08:51:39,179 - INFO - Download URL: https://github.com/food2g0/Centralized-Image-Uploader/releases/download/1.1.2/installer.exe
2025-11-28 08:51:39,179 - INFO - Current version: 1.1.2
2025-11-28 08:51:39,179 - INFO - Latest version: 1.1.2
2025-11-28 08:51:39,179 - INFO - Comparing versions: '1.1.2' vs '1.1.2'
2025-11-28 08:51:39,179 - INFO - Semantic version comparison: Versions are equal
2025-11-28 08:51:39,179 - INFO - App is up to date
2025-11-28 08:51:39,179 - INFO - No updates needed
2025-11-28 08:51:39,180 - INFO - ========================================
2025-11-28 08:51:39,180 - INFO - LAUNCHING MAIN APPLICATION
2025-11-28 08:51:39,180 - INFO - ========================================
2025-11-28 08:51:39,728 - INFO - Calling login_gui.main()
2025-11-28 13:17:53,930 - INFO - Configuration loaded from updater.ini
2025-11-28 13:17:53,930 - INFO - Version from config: 1.1.2
2025-11-28 13:17:53,931 - INFO - Single instance lock acquired
2025-11-28 13:17:53,931 - INFO - ==================================================
2025-11-28 13:17:53,931 - INFO - VERSION STATUS DEBUG
2025-11-28 13:17:53,931 - INFO - ==================================================
2025-11-28 13:17:53,931 - INFO - version.txt contains: '1.1.2'
2025-11-28 13:17:53,931 - INFO - CONFIG current_version: '1.1.2'
2025-11-28 13:17:53,932 - INFO - updater.ini contains version: '1.1.2'
2025-11-28 13:17:53,932 - INFO - No pending updates
2025-11-28 13:17:53,932 - INFO - ==================================================
2025-11-28 13:17:53,932 - INFO - Initializing application files...
2025-11-28 13:17:53,932 - INFO - Application files initialized successfully
2025-11-28 13:17:53,932 - INFO - ============================================================
2025-11-28 13:17:53,933 - INFO - RMS LATEST RELEASE UPDATER STARTING
2025-11-28 13:17:53,933 - INFO - ============================================================
2025-11-28 13:17:53,933 - INFO - Checking for updates using latest release...
2025-11-28 13:17:53,933 - INFO - Fetching latest release information from GitHub...
2025-11-28 13:17:53,933 - INFO - API URL: https://api.github.com/repos/food2g0/Centralized-Image-Uploader/releases/latest
2025-11-28 13:17:53,933 - INFO - Attempting to connect to https://api.github.com/repos/food2g0/Centralized-Image-Uploader/releases/latest (attempt 1/3)
2025-11-28 13:17:54,370 - INFO - Request successful (Status: 200)
2025-11-28 13:17:54,370 - INFO - Latest release: 1.1.2
2025-11-28 13:17:54,370 - INFO - Release name: Update V 1.1.2
2025-11-28 13:17:54,370 - INFO - Published: 2025-08-26T07:39:03Z
2025-11-28 13:17:54,370 - INFO - Download URL: https://github.com/food2g0/Centralized-Image-Uploader/releases/download/1.1.2/installer.exe
2025-11-28 13:17:54,371 - INFO - Current version: 1.1.2
2025-11-28 13:17:54,371 - INFO - Latest version: 1.1.2
2025-11-28 13:17:54,371 - INFO - Comparing versions: '1.1.2' vs '1.1.2'
2025-11-28 13:17:54,372 - INFO - Semantic version comparison: Versions are equal
2025-11-28 13:17:54,372 - INFO - App is up to date
2025-11-28 13:17:54,372 - INFO - No updates needed
2025-11-28 13:17:54,372 - INFO - ========================================
2025-11-28 13:17:54,372 - INFO - LAUNCHING MAIN APPLICATION
2025-11-28 13:17:54,372 - INFO - ========================================
2025-11-28 13:17:55,269 - INFO - Calling login_gui.main()
2025-11-28 13:21:43,516 - INFO - Configuration loaded from updater.ini
2025-11-28 13:21:43,517 - INFO - Version from config: 1.1.2
2025-11-28 13:21:43,517 - INFO - Single instance lock acquired
2025-11-28 13:21:43,517 - INFO - ==================================================
2025-11-28 13:21:43,517 - INFO - VERSION STATUS DEBUG
2025-11-28 13:21:43,517 - INFO - ==================================================
2025-11-28 13:21:43,518 - INFO - version.txt contains: '1.1.2'
2025-11-28 13:21:43,518 - INFO - CONFIG current_version: '1.1.2'
2025-11-28 13:21:43,518 - INFO - updater.ini contains version: '1.1.2'
2025-11-28 13:21:43,518 - INFO - No pending updates
2025-11-28 13:21:43,518 - INFO - ==================================================
2025-11-28 13:21:43,518 - INFO - Initializing application files...
2025-11-28 13:21:43,519 - INFO - Application files initialized successfully
2025-11-28 13:21:43,519 - INFO - ============================================================
2025-11-28 13:21:43,519 - INFO - RMS LATEST RELEASE UPDATER STARTING
2025-11-28 13:21:43,519 - INFO - ============================================================
2025-11-28 13:21:43,519 - INFO - Checking for updates using latest release...
2025-11-28 13:21:43,519 - INFO - Fetching latest release information from GitHub...
2025-11-28 13:21:43,519 - INFO - API URL: https://api.github.com/repos/food2g0/Centralized-Image-Uploader/releases/latest
2025-11-28 13:21:43,520 - INFO - Attempting to connect to https://api.github.com/repos/food2g0/Centralized-Image-Uploader/releases/latest (attempt 1/3)
2025-11-28 13:21:43,923 - INFO - Request successful (Status: 200)
2025-11-28 13:21:43,924 - INFO - Latest release: 1.1.2
2025-11-28 13:21:43,924 - INFO - Release name: Update V 1.1.2
2025-11-28 13:21:43,924 - INFO - Published: 2025-08-26T07:39:03Z
2025-11-28 13:21:43,924 - INFO - Download URL: https://github.com/food2g0/Centralized-Image-Uploader/releases/download/1.1.2/installer.exe
2025-11-28 13:21:43,924 - INFO - Current version: 1.1.2
2025-11-28 13:21:43,925 - INFO - Latest version: 1.1.2
2025-11-28 13:21:43,925 - INFO - Comparing versions: '1.1.2' vs '1.1.2'
2025-11-28 13:21:43,925 - INFO - Semantic version comparison: Versions are equal
2025-11-28 13:21:43,925 - INFO - App is up to date
2025-11-28 13:21:43,925 - INFO - No updates needed
2025-11-28 13:21:43,925 - INFO - ========================================
2025-11-28 13:21:43,925 - INFO - LAUNCHING MAIN APPLICATION
2025-11-28 13:21:43,925 - INFO - ========================================
2025-11-28 13:21:44,506 - INFO - Calling login_gui.main()
2025-11-28 13:23:06,174 - INFO - Configuration loaded from updater.ini
2025-11-28 13:23:06,174 - INFO - Version from config: 1.1.2
2025-11-28 13:23:06,174 - INFO - Single instance lock acquired
2025-11-28 13:23:06,174 - INFO - ==================================================
2025-11-28 13:23:06,174 - INFO - VERSION STATUS DEBUG
2025-11-28 13:23:06,175 - INFO - ==================================================
2025-11-28 13:23:06,175 - INFO - version.txt contains: '1.1.2'
2025-11-28 13:23:06,175 - INFO - CONFIG current_version: '1.1.2'
2025-11-28 13:23:06,175 - INFO - updater.ini contains version: '1.1.2'
2025-11-28 13:23:06,175 - INFO - No pending updates
2025-11-28 13:23:06,176 - INFO - ==================================================
2025-11-28 13:23:06,176 - INFO - Initializing application files...
2025-11-28 13:23:06,176 - INFO - Application files initialized successfully
2025-11-28 13:23:06,176 - INFO - ============================================================
2025-11-28 13:23:06,176 - INFO - RMS LATEST RELEASE UPDATER STARTING
2025-11-28 13:23:06,176 - INFO - ============================================================
2025-11-28 13:23:06,176 - INFO - Checking for updates using latest release...
2025-11-28 13:23:06,176 - INFO - Fetching latest release information from GitHub...
2025-11-28 13:23:06,177 - INFO - API URL: https://api.github.com/repos/food2g0/Centralized-Image-Uploader/releases/latest
2025-11-28 13:23:06,177 - INFO - Attempting to connect to https://api.github.com/repos/food2g0/Centralized-Image-Uploader/releases/latest (attempt 1/3)
2025-11-28 13:23:06,581 - INFO - Request successful (Status: 200)
2025-11-28 13:23:06,582 - INFO - Latest release: 1.1.2
2025-11-28 13:23:06,582 - INFO - Release name: Update V 1.1.2
2025-11-28 13:23:06,582 - INFO - Published: 2025-08-26T07:39:03Z
2025-11-28 13:23:06,582 - INFO - Download URL: https://github.com/food2g0/Centralized-Image-Uploader/releases/download/1.1.2/installer.exe
2025-11-28 13:23:06,582 - INFO - Current version: 1.1.2
2025-11-28 13:23:06,582 - INFO - Latest version: 1.1.2
2025-11-28 13:23:06,583 - INFO - Comparing versions: '1.1.2' vs '1.1.2'
2025-11-28 13:23:06,583 - INFO - Semantic version comparison: Versions are equal
2025-11-28 13:23:06,583 - INFO - App is up to date
2025-11-28 13:23:06,583 - INFO - No updates needed
2025-11-28 13:23:06,583 - INFO - ========================================
2025-11-28 13:23:06,583 - INFO - LAUNCHING MAIN APPLICATION
2025-11-28 13:23:06,583 - INFO - ========================================
2025-11-28 13:23:07,110 - INFO - Calling login_gui.main()
2025-11-28 19:35:28,556 - INFO - Configuration loaded from updater.ini
2025-11-28 19:35:28,556 - INFO - Version from config: 1.1.2
2025-11-28 19:35:28,557 - INFO - Single instance lock acquired
2025-11-28 19:35:28,557 - INFO - ==================================================
2025-11-28 19:35:28,557 - INFO - VERSION STATUS DEBUG
2025-11-28 19:35:28,558 - INFO - ==================================================
2025-11-28 19:35:28,558 - INFO - version.txt contains: '1.1.2'
2025-11-28 19:35:28,558 - INFO - CONFIG current_version: '1.1.2'
2025-11-28 19:35:28,558 - INFO - updater.ini contains version: '1.1.2'
2025-11-28 19:35:28,559 - INFO - No pending updates
2025-11-28 19:35:28,559 - INFO - ==================================================
2025-11-28 19:35:28,559 - INFO - Initializing application files...
2025-11-28 19:35:28,559 - INFO - Application files initialized successfully
2025-11-28 19:35:28,559 - INFO - ============================================================
2025-11-28 19:35:28,559 - INFO - RMS LATEST RELEASE UPDATER STARTING
2025-11-28 19:35:28,559 - INFO - ============================================================
2025-11-28 19:35:28,560 - INFO - Checking for updates using latest release...
2025-11-28 19:35:28,560 - INFO - Fetching latest release information from GitHub...
2025-11-28 19:35:28,560 - INFO - API URL: https://api.github.com/repos/food2g0/Centralized-Image-Uploader/releases/latest
2025-11-28 19:35:28,560 - INFO - Attempting to connect to https://api.github.com/repos/food2g0/Centralized-Image-Uploader/releases/latest (attempt 1/3)
2025-11-28 19:35:28,940 - INFO - Request successful (Status: 200)
2025-11-28 19:35:28,940 - INFO - Latest release: 1.1.2
2025-11-28 19:35:28,940 - INFO - Release name: Update V 1.1.2
2025-11-28 19:35:28,940 - INFO - Published: 2025-08-26T07:39:03Z
2025-11-28 19:35:28,941 - INFO - Download URL: https://github.com/food2g0/Centralized-Image-Uploader/releases/download/1.1.2/installer.exe
2025-11-28 19:35:28,941 - INFO - Current version: 1.1.2
2025-11-28 19:35:28,941 - INFO - Latest version: 1.1.2
2025-11-28 19:35:28,941 - INFO - Comparing versions: '1.1.2' vs '1.1.2'
2025-11-28 19:35:28,941 - INFO - Semantic version comparison: Versions are equal
2025-11-28 19:35:28,941 - INFO - App is up to date
2025-11-28 19:35:28,942 - INFO - No updates needed
2025-11-28 19:35:28,942 - INFO - ========================================
2025-11-28 19:35:28,942 - INFO - LAUNCHING MAIN APPLICATION
2025-11-28 19:35:28,942 - INFO - ========================================
2025-11-28 19:35:29,774 - INFO - Calling login_gui.main()
2025-12-01 09:06:10,932 - INFO - Configuration loaded from updater.ini
2025-12-01 09:06:10,933 - INFO - Version from config: 1.1.2
2025-12-01 09:06:10,934 - INFO - Single instance lock acquired
2025-12-01 09:06:10,934 - INFO - ==================================================
2025-12-01 09:06:10,934 - INFO - VERSION STATUS DEBUG
2025-12-01 09:06:10,934 - INFO - ==================================================
2025-12-01 09:06:10,934 - INFO - version.txt contains: '1.1.2'
2025-12-01 09:06:10,935 - INFO - CONFIG current_version: '1.1.2'
2025-12-01 09:06:10,935 - INFO - updater.ini contains version: '1.1.2'
2025-12-01 09:06:10,936 - INFO - No pending updates
2025-12-01 09:06:10,936 - INFO - ==================================================
2025-12-01 09:06:10,936 - INFO - Initializing application files...
2025-12-01 09:06:10,937 - INFO - Application files initialized successfully
2025-12-01 09:06:10,937 - INFO - ============================================================
2025-12-01 09:06:10,937 - INFO - RMS LATEST RELEASE UPDATER STARTING
2025-12-01 09:06:10,937 - INFO - ============================================================
2025-12-01 09:06:10,938 - INFO - Checking for updates using latest release...
2025-12-01 09:06:10,938 - INFO - Fetching latest release information from GitHub...
2025-12-01 09:06:10,938 - INFO - API URL: https://api.github.com/repos/food2g0/Centralized-Image-Uploader/releases/latest
2025-12-01 09:06:10,938 - INFO - Attempting to connect to https://api.github.com/repos/food2g0/Centralized-Image-Uploader/releases/latest (attempt 1/3)
2025-12-01 09:06:11,318 - INFO - Request successful (Status: 200)
2025-12-01 09:06:11,319 - INFO - Latest release: 1.1.2
2025-12-01 09:06:11,319 - INFO - Release name: Update V 1.1.2
2025-12-01 09:06:11,319 - INFO - Published: 2025-08-26T07:39:03Z
2025-12-01 09:06:11,319 - INFO - Download URL: https://github.com/food2g0/Centralized-Image-Uploader/releases/download/1.1.2/installer.exe
2025-12-01 09:06:11,320 - INFO - Current version: 1.1.2
2025-12-01 09:06:11,320 - INFO - Latest version: 1.1.2
2025-12-01 09:06:11,320 - INFO - Comparing versions: '1.1.2' vs '1.1.2'
2025-12-01 09:06:11,320 - INFO - Semantic version comparison: Versions are equal
2025-12-01 09:06:11,320 - INFO - App is up to date
2025-12-01 09:06:11,320 - INFO - No updates needed
2025-12-01 09:06:11,321 - INFO - ========================================
2025-12-01 09:06:11,321 - INFO - LAUNCHING MAIN APPLICATION
2025-12-01 09:06:11,321 - INFO - ========================================
2025-12-01 09:06:13,728 - INFO - Calling login_gui.main()
2025-12-01 09:22:06,270 - INFO - Configuration loaded from updater.ini
2025-12-01 09:22:06,271 - INFO - Version from config: 1.1.2
2025-12-01 09:22:06,271 - INFO - Single instance lock acquired
2025-12-01 09:22:06,271 - INFO - ==================================================
2025-12-01 09:22:06,271 - INFO - VERSION STATUS DEBUG
2025-12-01 09:22:06,271 - INFO - ==================================================
2025-12-01 09:22:06,272 - INFO - version.txt contains: '1.1.2'
2025-12-01 09:22:06,272 - INFO - CONFIG current_version: '1.1.2'
2025-12-01 09:22:06,272 - INFO - updater.ini contains version: '1.1.2'
2025-12-01 09:22:06,272 - INFO - No pending updates
2025-12-01 09:22:06,272 - INFO - ==================================================
2025-12-01 09:22:06,272 - INFO - Initializing application files...
2025-12-01 09:22:06,273 - INFO - Application files initialized successfully
2025-12-01 09:22:06,273 - INFO - ============================================================
2025-12-01 09:22:06,273 - INFO - RMS LATEST RELEASE UPDATER STARTING
2025-12-01 09:22:06,273 - INFO - ============================================================
2025-12-01 09:22:06,273 - INFO - Checking for updates using latest release...
2025-12-01 09:22:06,273 - INFO - Fetching latest release information from GitHub...
2025-12-01 09:22:06,274 - INFO - API URL: https://api.github.com/repos/food2g0/Centralized-Image-Uploader/releases/latest
2025-12-01 09:22:06,274 - INFO - Attempting to connect to https://api.github.com/repos/food2g0/Centralized-Image-Uploader/releases/latest (attempt 1/3)
2025-12-01 09:22:06,695 - INFO - Request successful (Status: 200)
2025-12-01 09:22:06,695 - INFO - Latest release: 1.1.2
2025-12-01 09:22:06,695 - INFO - Release name: Update V 1.1.2
2025-12-01 09:22:06,695 - INFO - Published: 2025-08-26T07:39:03Z
2025-12-01 09:22:06,696 - INFO - Download URL: https://github.com/food2g0/Centralized-Image-Uploader/releases/download/1.1.2/installer.exe
2025-12-01 09:22:06,696 - INFO - Current version: 1.1.2
2025-12-01 09:22:06,696 - INFO - Latest version: 1.1.2
2025-12-01 09:22:06,696 - INFO - Comparing versions: '1.1.2' vs '1.1.2'
2025-12-01 09:22:06,696 - INFO - Semantic version comparison: Versions are equal
2025-12-01 09:22:06,696 - INFO - App is up to date
2025-12-01 09:22:06,696 - INFO - No updates needed
2025-12-01 09:22:06,697 - INFO - ========================================
2025-12-01 09:22:06,697 - INFO - LAUNCHING MAIN APPLICATION
2025-12-01 09:22:06,697 - INFO - ========================================
2025-12-01 09:22:07,475 - INFO - Calling login_gui.main()
2025-12-01 09:26:15,262 - INFO - Configuration loaded from updater.ini
2025-12-01 09:26:15,262 - INFO - Version from config: 1.1.2
2025-12-01 09:26:15,262 - INFO - Single instance lock acquired
2025-12-01 09:26:15,262 - INFO - ==================================================
2025-12-01 09:26:15,263 - INFO - VERSION STATUS DEBUG
2025-12-01 09:26:15,263 - INFO - ==================================================
2025-12-01 09:26:15,263 - INFO - version.txt contains: '1.1.2'
2025-12-01 09:26:15,263 - INFO - CONFIG current_version: '1.1.2'
2025-12-01 09:26:15,263 - INFO - updater.ini contains version: '1.1.2'
2025-12-01 09:26:15,263 - INFO - No pending updates
2025-12-01 09:26:15,263 - INFO - ==================================================
2025-12-01 09:26:15,264 - INFO - Initializing application files...
2025-12-01 09:26:15,264 - INFO - Application files initialized successfully
2025-12-01 09:26:15,264 - INFO - ============================================================
2025-12-01 09:26:15,264 - INFO - RMS LATEST RELEASE UPDATER STARTING
2025-12-01 09:26:15,264 - INFO - ============================================================
2025-12-01 09:26:15,264 - INFO - Checking for updates using latest release...
2025-12-01 09:26:15,264 - INFO - Fetching latest release information from GitHub...
2025-12-01 09:26:15,264 - INFO - API URL: https://api.github.com/repos/food2g0/Centralized-Image-Uploader/releases/latest
2025-12-01 09:26:15,264 - INFO - Attempting to connect to https://api.github.com/repos/food2g0/Centralized-Image-Uploader/releases/latest (attempt 1/3)
2025-12-01 09:26:15,673 - INFO - Request successful (Status: 200)
2025-12-01 09:26:15,673 - INFO - Latest release: 1.1.2
2025-12-01 09:26:15,673 - INFO - Release name: Update V 1.1.2
2025-12-01 09:26:15,674 - INFO - Published: 2025-08-26T07:39:03Z
2025-12-01 09:26:15,674 - INFO - Download URL: https://github.com/food2g0/Centralized-Image-Uploader/releases/download/1.1.2/installer.exe
2025-12-01 09:26:15,674 - INFO - Current version: 1.1.2
2025-12-01 09:26:15,674 - INFO - Latest version: 1.1.2
2025-12-01 09:26:15,674 - INFO - Comparing versions: '1.1.2' vs '1.1.2'
2025-12-01 09:26:15,675 - INFO - Semantic version comparison: Versions are equal
2025-12-01 09:26:15,675 - INFO - App is up to date
2025-12-01 09:26:15,675 - INFO - No updates needed
2025-12-01 09:26:15,675 - INFO - ========================================
2025-12-01 09:26:15,675 - INFO - LAUNCHING MAIN APPLICATION
2025-12-01 09:26:15,675 - INFO - ========================================
2025-12-01 09:26:16,251 - INFO - Calling login_gui.main()
2025-12-01 09:26:47,785 - INFO - Configuration loaded from updater.ini
2025-12-01 09:26:47,785 - INFO - Version from config: 1.1.2
2025-12-01 09:26:47,786 - INFO - Single instance lock acquired
2025-12-01 09:26:47,786 - INFO - ==================================================
2025-12-01 09:26:47,786 - INFO - VERSION STATUS DEBUG
2025-12-01 09:26:47,786 - INFO - ==================================================
2025-12-01 09:26:47,786 - INFO - version.txt contains: '1.1.2'
2025-12-01 09:26:47,786 - INFO - CONFIG current_version: '1.1.2'
2025-12-01 09:26:47,787 - INFO - updater.ini contains version: '1.1.2'
2025-12-01 09:26:47,787 - INFO - No pending updates
2025-12-01 09:26:47,787 - INFO - ==================================================
2025-12-01 09:26:47,787 - INFO - Initializing application files...
2025-12-01 09:26:47,787 - INFO - Application files initialized successfully
2025-12-01 09:26:47,787 - INFO - ============================================================
2025-12-01 09:26:47,787 - INFO - RMS LATEST RELEASE UPDATER STARTING
2025-12-01 09:26:47,788 - INFO - ============================================================
2025-12-01 09:26:47,788 - INFO - Checking for updates using latest release...
2025-12-01 09:26:47,788 - INFO - Fetching latest release information from GitHub...
2025-12-01 09:26:47,788 - INFO - API URL: https://api.github.com/repos/food2g0/Centralized-Image-Uploader/releases/latest
2025-12-01 09:26:47,788 - INFO - Attempting to connect to https://api.github.com/repos/food2g0/Centralized-Image-Uploader/releases/latest (attempt 1/3)
2025-12-01 09:26:48,170 - INFO - Request successful (Status: 200)
2025-12-01 09:26:48,170 - INFO - Latest release: 1.1.2
2025-12-01 09:26:48,170 - INFO - Release name: Update V 1.1.2
2025-12-01 09:26:48,170 - INFO - Published: 2025-08-26T07:39:03Z
2025-12-01 09:26:48,170 - INFO - Download URL: https://github.com/food2g0/Centralized-Image-Uploader/releases/download/1.1.2/installer.exe
2025-12-01 09:26:48,171 - INFO - Current version: 1.1.2
2025-12-01 09:26:48,171 - INFO - Latest version: 1.1.2
2025-12-01 09:26:48,171 - INFO - Comparing versions: '1.1.2' vs '1.1.2'
2025-12-01 09:26:48,171 - INFO - Semantic version comparison: Versions are equal
2025-12-01 09:26:48,171 - INFO - App is up to date
2025-12-01 09:26:48,171 - INFO - No updates needed
2025-12-01 09:26:48,171 - INFO - ========================================
2025-12-01 09:26:48,171 - INFO - LAUNCHING MAIN APPLICATION
2025-12-01 09:26:48,171 - INFO - ========================================
2025-12-01 09:26:48,706 - INFO - Calling login_gui.main()
2025-12-01 09:27:39,905 - INFO - Configuration loaded from updater.ini
2025-12-01 09:27:39,905 - INFO - Version from config: 1.1.2
2025-12-01 09:27:39,905 - INFO - Single instance lock acquired
2025-12-01 09:27:39,905 - INFO - ==================================================
2025-12-01 09:27:39,905 - INFO - VERSION STATUS DEBUG
2025-12-01 09:27:39,906 - INFO - ==================================================
2025-12-01 09:27:39,906 - INFO - version.txt contains: '1.1.2'
2025-12-01 09:27:39,906 - INFO - CONFIG current_version: '1.1.2'
2025-12-01 09:27:39,906 - INFO - updater.ini contains version: '1.1.2'
2025-12-01 09:27:39,906 - INFO - No pending updates
2025-12-01 09:27:39,906 - INFO - ==================================================
2025-12-01 09:27:39,907 - INFO - Initializing application files...
2025-12-01 09:27:39,907 - INFO - Application files initialized successfully
2025-12-01 09:27:39,907 - INFO - ============================================================
2025-12-01 09:27:39,907 - INFO - RMS LATEST RELEASE UPDATER STARTING
2025-12-01 09:27:39,907 - INFO - ============================================================
2025-12-01 09:27:39,907 - INFO - Checking for updates using latest release...
2025-12-01 09:27:39,907 - INFO - Fetching latest release information from GitHub...
2025-12-01 09:27:39,908 - INFO - API URL: https://api.github.com/repos/food2g0/Centralized-Image-Uploader/releases/latest
2025-12-01 09:27:39,908 - INFO - Attempting to connect to https://api.github.com/repos/food2g0/Centralized-Image-Uploader/releases/latest (attempt 1/3)
2025-12-01 09:27:40,301 - INFO - Request successful (Status: 200)
2025-12-01 09:27:40,301 - INFO - Latest release: 1.1.2
2025-12-01 09:27:40,301 - INFO - Release name: Update V 1.1.2
2025-12-01 09:27:40,301 - INFO - Published: 2025-08-26T07:39:03Z
2025-12-01 09:27:40,301 - INFO - Download URL: https://github.com/food2g0/Centralized-Image-Uploader/releases/download/1.1.2/installer.exe
2025-12-01 09:27:40,302 - INFO - Current version: 1.1.2
2025-12-01 09:27:40,302 - INFO - Latest version: 1.1.2
2025-12-01 09:27:40,302 - INFO - Comparing versions: '1.1.2' vs '1.1.2'
2025-12-01 09:27:40,302 - INFO - Semantic version comparison: Versions are equal
2025-12-01 09:27:40,302 - INFO - App is up to date
2025-12-01 09:27:40,302 - INFO - No updates needed
2025-12-01 09:27:40,302 - INFO - ========================================
2025-12-01 09:27:40,302 - INFO - LAUNCHING MAIN APPLICATION
2025-12-01 09:27:40,302 - INFO - ========================================
2025-12-01 09:27:40,849 - INFO - Calling login_gui.main()
2025-12-01 09:35:34,835 - INFO - Configuration loaded from updater.ini
2025-12-01 09:35:34,835 - INFO - Version from config: 1.1.2
2025-12-01 09:35:34,835 - INFO - Single instance lock acquired
2025-12-01 09:35:34,836 - INFO - ==================================================
2025-12-01 09:35:34,836 - INFO - VERSION STATUS DEBUG
2025-12-01 09:35:34,836 - INFO - ==================================================
2025-12-01 09:35:34,836 - INFO - version.txt contains: '1.1.2'
2025-12-01 09:35:34,836 - INFO - CONFIG current_version: '1.1.2'
2025-12-01 09:35:34,837 - INFO - updater.ini contains version: '1.1.2'
2025-12-01 09:35:34,837 - INFO - No pending updates
2025-12-01 09:35:34,837 - INFO - ==================================================
2025-12-01 09:35:34,837 - INFO - Initializing application files...
2025-12-01 09:35:34,837 - INFO - Application files initialized successfully
2025-12-01 09:35:34,837 - INFO - ============================================================
2025-12-01 09:35:34,837 - INFO - RMS LATEST RELEASE UPDATER STARTING
2025-12-01 09:35:34,837 - INFO - ============================================================
2025-12-01 09:35:34,838 - INFO - Checking for updates using latest release...
2025-12-01 09:35:34,838 - INFO - Fetching latest release information from GitHub...
2025-12-01 09:35:34,838 - INFO - API URL: https://api.github.com/repos/food2g0/Centralized-Image-Uploader/releases/latest
2025-12-01 09:35:34,838 - INFO - Attempting to connect to https://api.github.com/repos/food2g0/Centralized-Image-Uploader/releases/latest (attempt 1/3)
2025-12-01 09:35:35,234 - INFO - Request successful (Status: 200)
2025-12-01 09:35:35,234 - INFO - Latest release: 1.1.2
2025-12-01 09:35:35,235 - INFO - Release name: Update V 1.1.2
2025-12-01 09:35:35,235 - INFO - Published: 2025-08-26T07:39:03Z
2025-12-01 09:35:35,235 - INFO - Download URL: https://github.com/food2g0/Centralized-Image-Uploader/releases/download/1.1.2/installer.exe
2025-12-01 09:35:35,235 - INFO - Current version: 1.1.2
2025-12-01 09:35:35,235 - INFO - Latest version: 1.1.2
2025-12-01 09:35:35,235 - INFO - Comparing versions: '1.1.2' vs '1.1.2'
2025-12-01 09:35:35,235 - INFO - Semantic version comparison: Versions are equal
2025-12-01 09:35:35,235 - INFO - App is up to date
2025-12-01 09:35:35,236 - INFO - No updates needed
2025-12-01 09:35:35,236 - INFO - ========================================
2025-12-01 09:35:35,236 - INFO - LAUNCHING MAIN APPLICATION
2025-12-01 09:35:35,236 - INFO - ========================================
2025-12-01 09:35:35,805 - INFO - Calling login_gui.main()
2025-12-01 09:39:01,328 - INFO - Configuration loaded from updater.ini
2025-12-01 09:39:01,328 - INFO - Version from config: 1.1.2
2025-12-01 09:39:01,329 - INFO - Single instance lock acquired
2025-12-01 09:39:01,329 - INFO - ==================================================
2025-12-01 09:39:01,329 - INFO - VERSION STATUS DEBUG
2025-12-01 09:39:01,329 - INFO - ==================================================
2025-12-01 09:39:01,329 - INFO - version.txt contains: '1.1.2'
2025-12-01 09:39:01,329 - INFO - CONFIG current_version: '1.1.2'
2025-12-01 09:39:01,330 - INFO - updater.ini contains version: '1.1.2'
2025-12-01 09:39:01,330 - INFO - No pending updates
2025-12-01 09:39:01,330 - INFO - ==================================================
2025-12-01 09:39:01,330 - INFO - Initializing application files...
2025-12-01 09:39:01,331 - INFO - Application files initialized successfully
2025-12-01 09:39:01,331 - INFO - ============================================================
2025-12-01 09:39:01,331 - INFO - RMS LATEST RELEASE UPDATER STARTING
2025-12-01 09:39:01,331 - INFO - ============================================================
2025-12-01 09:39:01,332 - INFO - Checking for updates using latest release...
2025-12-01 09:39:01,332 - INFO - Fetching latest release information from GitHub...
2025-12-01 09:39:01,332 - INFO - API URL: https://api.github.com/repos/food2g0/Centralized-Image-Uploader/releases/latest
2025-12-01 09:39:01,332 - INFO - Attempting to connect to https://api.github.com/repos/food2g0/Centralized-Image-Uploader/releases/latest (attempt 1/3)
2025-12-01 09:39:01,747 - INFO - Request successful (Status: 200)
2025-12-01 09:39:01,748 - INFO - Latest release: 1.1.2
2025-12-01 09:39:01,748 - INFO - Release name: Update V 1.1.2
2025-12-01 09:39:01,748 - INFO - Published: 2025-08-26T07:39:03Z
2025-12-01 09:39:01,748 - INFO - Download URL: https://github.com/food2g0/Centralized-Image-Uploader/releases/download/1.1.2/installer.exe
2025-12-01 09:39:01,748 - INFO - Current version: 1.1.2
2025-12-01 09:39:01,748 - INFO - Latest version: 1.1.2
2025-12-01 09:39:01,749 - INFO - Comparing versions: '1.1.2' vs '1.1.2'
2025-12-01 09:39:01,749 - INFO - Semantic version comparison: Versions are equal
2025-12-01 09:39:01,749 - INFO - App is up to date
2025-12-01 09:39:01,749 - INFO - No updates needed
2025-12-01 09:39:01,750 - INFO - ========================================
2025-12-01 09:39:01,750 - INFO - LAUNCHING MAIN APPLICATION
2025-12-01 09:39:01,750 - INFO - ========================================
2025-12-01 09:39:02,370 - INFO - Calling login_gui.main()
2025-12-02 13:47:09,185 - INFO - Configuration loaded from updater.ini
2025-12-02 13:47:09,185 - INFO - Version from config: 1.1.2
2025-12-02 13:47:09,186 - INFO - Single instance lock acquired
2025-12-02 13:47:09,186 - INFO - ==================================================
2025-12-02 13:47:09,186 - INFO - VERSION STATUS DEBUG
2025-12-02 13:47:09,186 - INFO - ==================================================
2025-12-02 13:47:09,187 - INFO - version.txt contains: '1.1.2'
2025-12-02 13:47:09,187 - INFO - CONFIG current_version: '1.1.2'
2025-12-02 13:47:09,187 - INFO - updater.ini contains version: '1.1.2'
2025-12-02 13:47:09,187 - INFO - No pending updates
2025-12-02 13:47:09,187 - INFO - ==================================================
2025-12-02 13:47:09,188 - INFO - Initializing application files...
2025-12-02 13:47:09,188 - INFO - Application files initialized successfully
2025-12-02 13:47:09,188 - INFO - ============================================================
2025-12-02 13:47:09,188 - INFO - RMS LATEST RELEASE UPDATER STARTING
2025-12-02 13:47:09,188 - INFO - ============================================================
2025-12-02 13:47:09,188 - INFO - Checking for updates using latest release...
2025-12-02 13:47:09,189 - INFO - Fetching latest release information from GitHub...
2025-12-02 13:47:09,189 - INFO - API URL: https://api.github.com/repos/food2g0/Centralized-Image-Uploader/releases/latest
2025-12-02 13:47:09,189 - INFO - Attempting to connect to https://api.github.com/repos/food2g0/Centralized-Image-Uploader/releases/latest (attempt 1/3)
2025-12-02 13:47:09,605 - INFO - Request successful (Status: 200)
2025-12-02 13:47:09,605 - INFO - Latest release: 1.1.2
2025-12-02 13:47:09,605 - INFO - Release name: Update V 1.1.2
2025-12-02 13:47:09,606 - INFO - Published: 2025-08-26T07:39:03Z
2025-12-02 13:47:09,606 - INFO - Download URL: https://github.com/food2g0/Centralized-Image-Uploader/releases/download/1.1.2/installer.exe
2025-12-02 13:47:09,607 - INFO - Current version: 1.1.2
2025-12-02 13:47:09,607 - INFO - Latest version: 1.1.2
2025-12-02 13:47:09,607 - INFO - Comparing versions: '1.1.2' vs '1.1.2'
2025-12-02 13:47:09,607 - INFO - Semantic version comparison: Versions are equal
2025-12-02 13:47:09,607 - INFO - App is up to date
2025-12-02 13:47:09,607 - INFO - No updates needed
2025-12-02 13:47:09,607 - INFO - ========================================
2025-12-02 13:47:09,607 - INFO - LAUNCHING MAIN APPLICATION
2025-12-02 13:47:09,607 - INFO - ========================================
2025-12-02 13:47:11,242 - INFO - Calling login_gui.main()
2025-12-02 13:55:52,130 - INFO - Configuration loaded from updater.ini
2025-12-02 13:55:52,130 - INFO - Version from config: 1.1.2
2025-12-02 13:55:52,131 - INFO - Single instance lock acquired
2025-12-02 13:55:52,131 - INFO - ==================================================
2025-12-02 13:55:52,131 - INFO - VERSION STATUS DEBUG
2025-12-02 13:55:52,131 - INFO - ==================================================
2025-12-02 13:55:52,132 - INFO - version.txt contains: '1.1.2'
2025-12-02 13:55:52,132 - INFO - CONFIG current_version: '1.1.2'
2025-12-02 13:55:52,132 - INFO - updater.ini contains version: '1.1.2'
2025-12-02 13:55:52,133 - INFO - No pending updates
2025-12-02 13:55:52,133 - INFO - ==================================================
2025-12-02 13:55:52,133 - INFO - Initializing application files...
2025-12-02 13:55:52,133 - INFO - Application files initialized successfully
2025-12-02 13:55:52,133 - INFO - ============================================================
2025-12-02 13:55:52,133 - INFO - RMS LATEST RELEASE UPDATER STARTING
2025-12-02 13:55:52,134 - INFO - ============================================================
2025-12-02 13:55:52,134 - INFO - Checking for updates using latest release...
2025-12-02 13:55:52,134 - INFO - Fetching latest release information from GitHub...
2025-12-02 13:55:52,134 - INFO - API URL: https://api.github.com/repos/food2g0/Centralized-Image-Uploader/releases/latest
2025-12-02 13:55:52,134 - INFO - Attempting to connect to https://api.github.com/repos/food2g0/Centralized-Image-Uploader/releases/latest (attempt 1/3)
2025-12-02 13:55:52,557 - INFO - Request successful (Status: 200)
2025-12-02 13:55:52,558 - INFO - Latest release: 1.1.2
2025-12-02 13:55:52,558 - INFO - Release name: Update V 1.1.2
2025-12-02 13:55:52,558 - INFO - Published: 2025-08-26T07:39:03Z
2025-12-02 13:55:52,558 - INFO - Download URL: https://github.com/food2g0/Centralized-Image-Uploader/releases/download/1.1.2/installer.exe
2025-12-02 13:55:52,558 - INFO - Current version: 1.1.2
2025-12-02 13:55:52,558 - INFO - Latest version: 1.1.2
2025-12-02 13:55:52,559 - INFO - Comparing versions: '1.1.2' vs '1.1.2'
2025-12-02 13:55:52,559 - INFO - Semantic version comparison: Versions are equal
2025-12-02 13:55:52,559 - INFO - App is up to date
2025-12-02 13:55:52,559 - INFO - No updates needed
2025-12-02 13:55:52,559 - INFO - ========================================
2025-12-02 13:55:52,559 - INFO - LAUNCHING MAIN APPLICATION
2025-12-02 13:55:52,559 - INFO - ========================================
2025-12-02 13:55:53,150 - INFO - Calling login_gui.main()
2025-12-02 14:38:16,973 - INFO - Configuration loaded from updater.ini
2025-12-02 14:38:16,973 - INFO - Version from config: 1.1.2
2025-12-02 14:38:16,974 - INFO - Single instance lock acquired
2025-12-02 14:38:16,974 - INFO - ==================================================
2025-12-02 14:38:16,974 - INFO - VERSION STATUS DEBUG
2025-12-02 14:38:16,974 - INFO - ==================================================
2025-12-02 14:38:16,974 - INFO - version.txt contains: '1.1.2'
2025-12-02 14:38:16,974 - INFO - CONFIG current_version: '1.1.2'
2025-12-02 14:38:16,975 - INFO - updater.ini contains version: '1.1.2'
2025-12-02 14:38:16,975 - INFO - No pending updates
2025-12-02 14:38:16,975 - INFO - ==================================================
2025-12-02 14:38:16,975 - INFO - Initializing application files...
2025-12-02 14:38:16,975 - INFO - Application files initialized successfully
2025-12-02 14:38:16,975 - INFO - ============================================================
2025-12-02 14:38:16,975 - INFO - RMS LATEST RELEASE UPDATER STARTING
2025-12-02 14:38:16,976 - INFO - ============================================================
2025-12-02 14:38:16,976 - INFO - Checking for updates using latest release...
2025-12-02 14:38:16,976 - INFO - Fetching latest release information from GitHub...
2025-12-02 14:38:16,976 - INFO - API URL: https://api.github.com/repos/food2g0/Centralized-Image-Uploader/releases/latest
2025-12-02 14:38:16,976 - INFO - Attempting to connect to https://api.github.com/repos/food2g0/Centralized-Image-Uploader/releases/latest (attempt 1/3)
2025-12-02 14:38:17,431 - INFO - Request successful (Status: 200)
2025-12-02 14:38:17,431 - INFO - Latest release: 1.1.2
2025-12-02 14:38:17,432 - INFO - Release name: Update V 1.1.2
2025-12-02 14:38:17,432 - INFO - Published: 2025-08-26T07:39:03Z
2025-12-02 14:38:17,432 - INFO - Download URL: https://github.com/food2g0/Centralized-Image-Uploader/releases/download/1.1.2/installer.exe
2025-12-02 14:38:17,432 - INFO - Current version: 1.1.2
2025-12-02 14:38:17,432 - INFO - Latest version: 1.1.2
2025-12-02 14:38:17,432 - INFO - Comparing versions: '1.1.2' vs '1.1.2'
2025-12-02 14:38:17,432 - INFO - Semantic version comparison: Versions are equal
2025-12-02 14:38:17,433 - INFO - App is up to date
2025-12-02 14:38:17,433 - INFO - No updates needed
2025-12-02 14:38:17,433 - INFO - ========================================
2025-12-02 14:38:17,433 - INFO - LAUNCHING MAIN APPLICATION
2025-12-02 14:38:17,433 - INFO - ========================================
2025-12-02 14:38:18,028 - INFO - Calling login_gui.main()
2025-12-02 14:38:37,221 - INFO - Configuration loaded from updater.ini
2025-12-02 14:38:37,222 - INFO - Version from config: 1.1.2
2025-12-02 14:38:37,222 - INFO - Single instance lock acquired
2025-12-02 14:38:37,222 - INFO - ==================================================
2025-12-02 14:38:37,222 - INFO - VERSION STATUS DEBUG
2025-12-02 14:38:37,222 - INFO - ==================================================
2025-12-02 14:38:37,223 - INFO - version.txt contains: '1.1.2'
2025-12-02 14:38:37,223 - INFO - CONFIG current_version: '1.1.2'
2025-12-02 14:38:37,223 - INFO - updater.ini contains version: '1.1.2'
2025-12-02 14:38:37,223 - INFO - No pending updates
2025-12-02 14:38:37,223 - INFO - ==================================================
2025-12-02 14:38:37,223 - INFO - Initializing application files...
2025-12-02 14:38:37,224 - INFO - Application files initialized successfully
2025-12-02 14:38:37,224 - INFO - ============================================================
2025-12-02 14:38:37,224 - INFO - RMS LATEST RELEASE UPDATER STARTING
2025-12-02 14:38:37,224 - INFO - ============================================================
2025-12-02 14:38:37,224 - INFO - Checking for updates using latest release...
2025-12-02 14:38:37,224 - INFO - Fetching latest release information from GitHub...
2025-12-02 14:38:37,224 - INFO - API URL: https://api.github.com/repos/food2g0/Centralized-Image-Uploader/releases/latest
2025-12-02 14:38:37,224 - INFO - Attempting to connect to https://api.github.com/repos/food2g0/Centralized-Image-Uploader/releases/latest (attempt 1/3)
2025-12-02 14:38:37,333 - INFO - Request successful (Status: 200)
2025-12-02 14:38:37,333 - INFO - Latest release: 1.1.2
2025-12-02 14:38:37,333 - INFO - Release name: Update V 1.1.2
2025-12-02 14:38:37,333 - INFO - Published: 2025-08-26T07:39:03Z
2025-12-02 14:38:37,333 - INFO - Download URL: https://github.com/food2g0/Centralized-Image-Uploader/releases/download/1.1.2/installer.exe
2025-12-02 14:38:37,334 - INFO - Current version: 1.1.2
2025-12-02 14:38:37,334 - INFO - Latest version: 1.1.2
2025-12-02 14:38:37,334 - INFO - Comparing versions: '1.1.2' vs '1.1.2'
2025-12-02 14:38:37,334 - INFO - Semantic version comparison: Versions are equal
2025-12-02 14:38:37,334 - INFO - App is up to date
2025-12-02 14:38:37,334 - INFO - No updates needed
2025-12-02 14:38:37,334 - INFO - ========================================
2025-12-02 14:38:37,335 - INFO - LAUNCHING MAIN APPLICATION
2025-12-02 14:38:37,335 - INFO - ========================================
2025-12-02 14:38:37,892 - INFO - Calling login_gui.main()
2025-12-02 14:42:13,582 - INFO - Configuration loaded from updater.ini
2025-12-02 14:42:13,583 - INFO - Version from config: 1.1.2
2025-12-02 14:42:13,583 - INFO - Single instance lock acquired
2025-12-02 14:42:13,583 - INFO - ==================================================
2025-12-02 14:42:13,583 - INFO - VERSION STATUS DEBUG
2025-12-02 14:42:13,583 - INFO - ==================================================
2025-12-02 14:42:13,584 - INFO - version.txt contains: '1.1.2'
2025-12-02 14:42:13,584 - INFO - CONFIG current_version: '1.1.2'
2025-12-02 14:42:13,584 - INFO - updater.ini contains version: '1.1.2'
2025-12-02 14:42:13,584 - INFO - No pending updates
2025-12-02 14:42:13,584 - INFO - ==================================================
2025-12-02 14:42:13,584 - INFO - Initializing application files...
2025-12-02 14:42:13,585 - INFO - Application files initialized successfully
2025-12-02 14:42:13,585 - INFO - ============================================================
2025-12-02 14:42:13,585 - INFO - RMS LATEST RELEASE UPDATER STARTING
2025-12-02 14:42:13,585 - INFO - ============================================================
2025-12-02 14:42:13,585 - INFO - Checking for updates using latest release...
2025-12-02 14:42:13,585 - INFO - Fetching latest release information from GitHub...
2025-12-02 14:42:13,585 - INFO - API URL: https://api.github.com/repos/food2g0/Centralized-Image-Uploader/releases/latest
2025-12-02 14:42:13,585 - INFO - Attempting to connect to https://api.github.com/repos/food2g0/Centralized-Image-Uploader/releases/latest (attempt 1/3)
2025-12-02 14:42:13,699 - INFO - Request successful (Status: 200)
2025-12-02 14:42:13,700 - INFO - Latest release: 1.1.2
2025-12-02 14:42:13,700 - INFO - Release name: Update V 1.1.2
2025-12-02 14:42:13,700 - INFO - Published: 2025-08-26T07:39:03Z
2025-12-02 14:42:13,700 - INFO - Download URL: https://github.com/food2g0/Centralized-Image-Uploader/releases/download/1.1.2/installer.exe
2025-12-02 14:42:13,700 - INFO - Current version: 1.1.2
2025-12-02 14:42:13,700 - INFO - Latest version: 1.1.2
2025-12-02 14:42:13,700 - INFO - Comparing versions: '1.1.2' vs '1.1.2'
2025-12-02 14:42:13,701 - INFO - Semantic version comparison: Versions are equal
2025-12-02 14:42:13,701 - INFO - App is up to date
2025-12-02 14:42:13,701 - INFO - No updates needed
2025-12-02 14:42:13,701 - INFO - ========================================
2025-12-02 14:42:13,701 - INFO - LAUNCHING MAIN APPLICATION
2025-12-02 14:42:13,701 - INFO - ========================================
2025-12-02 14:42:14,259 - INFO - Calling login_gui.main()
2025-12-02 14:45:23,905 - INFO - Configuration loaded from updater.ini
2025-12-02 14:45:23,905 - INFO - Version from config: 1.1.2
2025-12-02 14:45:23,905 - INFO - Single instance lock acquired
2025-12-02 14:45:23,906 - INFO - ==================================================
2025-12-02 14:45:23,906 - INFO - VERSION STATUS DEBUG
2025-12-02 14:45:23,906 - INFO - ==================================================
2025-12-02 14:45:23,906 - INFO - version.txt contains: '1.1.2'
2025-12-02 14:45:23,906 - INFO - CONFIG current_version: '1.1.2'
2025-12-02 14:45:23,907 - INFO - updater.ini contains version: '1.1.2'
2025-12-02 14:45:23,907 - INFO - No pending updates
2025-12-02 14:45:23,907 - INFO - ==================================================
2025-12-02 14:45:23,907 - INFO - Initializing application files...
2025-12-02 14:45:23,908 - INFO - Application files initialized successfully
2025-12-02 14:45:23,908 - INFO - ============================================================
2025-12-02 14:45:23,908 - INFO - RMS LATEST RELEASE UPDATER STARTING
2025-12-02 14:45:23,908 - INFO - ============================================================
2025-12-02 14:45:23,909 - INFO - Checking for updates using latest release...
2025-12-02 14:45:23,909 - INFO - Fetching latest release information from GitHub...
2025-12-02 14:45:23,909 - INFO - API URL: https://api.github.com/repos/food2g0/Centralized-Image-Uploader/releases/latest
2025-12-02 14:45:23,909 - INFO - Attempting to connect to https://api.github.com/repos/food2g0/Centralized-Image-Uploader/releases/latest (attempt 1/3)
2025-12-02 14:45:24,307 - INFO - Request successful (Status: 200)
2025-12-02 14:45:24,308 - INFO - Latest release: 1.1.2
2025-12-02 14:45:24,308 - INFO - Release name: Update V 1.1.2
2025-12-02 14:45:24,308 - INFO - Published: 2025-08-26T07:39:03Z
2025-12-02 14:45:24,308 - INFO - Download URL: https://github.com/food2g0/Centralized-Image-Uploader/releases/download/1.1.2/installer.exe
2025-12-02 14:45:24,308 - INFO - Current version: 1.1.2
2025-12-02 14:45:24,309 - INFO - Latest version: 1.1.2
2025-12-02 14:45:24,309 - INFO - Comparing versions: '1.1.2' vs '1.1.2'
2025-12-02 14:45:24,309 - INFO - Semantic version comparison: Versions are equal
2025-12-02 14:45:24,309 - INFO - App is up to date
2025-12-02 14:45:24,309 - INFO - No updates needed
2025-12-02 14:45:24,309 - INFO - ========================================
2025-12-02 14:45:24,309 - INFO - LAUNCHING MAIN APPLICATION
2025-12-02 14:45:24,309 - INFO - ========================================
2025-12-02 14:45:24,940 - INFO - Calling login_gui.main()
2025-12-02 15:08:08,579 - INFO - Configuration loaded from updater.ini
2025-12-02 15:08:08,579 - INFO - Version from config: 1.1.2
2025-12-02 15:08:08,580 - INFO - Single instance lock acquired
2025-12-02 15:08:08,580 - INFO - ==================================================
2025-12-02 15:08:08,580 - INFO - VERSION STATUS DEBUG
2025-12-02 15:08:08,580 - INFO - ==================================================
2025-12-02 15:08:08,580 - INFO - version.txt contains: '1.1.2'
2025-12-02 15:08:08,580 - INFO - CONFIG current_version: '1.1.2'
2025-12-02 15:08:08,581 - INFO - updater.ini contains version: '1.1.2'
2025-12-02 15:08:08,581 - INFO - No pending updates
2025-12-02 15:08:08,581 - INFO - ==================================================
2025-12-02 15:08:08,581 - INFO - Initializing application files...
2025-12-02 15:08:08,581 - INFO - Application files initialized successfully
2025-12-02 15:08:08,581 - INFO - ============================================================
2025-12-02 15:08:08,582 - INFO - RMS LATEST RELEASE UPDATER STARTING
2025-12-02 15:08:08,582 - INFO - ============================================================
2025-12-02 15:08:08,582 - INFO - Checking for updates using latest release...
2025-12-02 15:08:08,582 - INFO - Fetching latest release information from GitHub...
2025-12-02 15:08:08,582 - INFO - API URL: https://api.github.com/repos/food2g0/Centralized-Image-Uploader/releases/latest
2025-12-02 15:08:08,582 - INFO - Attempting to connect to https://api.github.com/repos/food2g0/Centralized-Image-Uploader/releases/latest (attempt 1/3)
2025-12-02 15:08:08,965 - INFO - Request successful (Status: 200)
2025-12-02 15:08:08,965 - INFO - Latest release: 1.1.2
2025-12-02 15:08:08,965 - INFO - Release name: Update V 1.1.2
2025-12-02 15:08:08,965 - INFO - Published: 2025-08-26T07:39:03Z
2025-12-02 15:08:08,966 - INFO - Download URL: https://github.com/food2g0/Centralized-Image-Uploader/releases/download/1.1.2/installer.exe
2025-12-02 15:08:08,966 - INFO - Current version: 1.1.2
2025-12-02 15:08:08,966 - INFO - Latest version: 1.1.2
2025-12-02 15:08:08,966 - INFO - Comparing versions: '1.1.2' vs '1.1.2'
2025-12-02 15:08:08,966 - INFO - Semantic version comparison: Versions are equal
2025-12-02 15:08:08,966 - INFO - App is up to date
2025-12-02 15:08:08,966 - INFO - No updates needed
2025-12-02 15:08:08,967 - INFO - ========================================
2025-12-02 15:08:08,967 - INFO - LAUNCHING MAIN APPLICATION
2025-12-02 15:08:08,967 - INFO - ========================================
2025-12-02 15:08:09,534 - INFO - Calling login_gui.main()
2025-12-02 15:11:55,557 - INFO - Configuration loaded from updater.ini
2025-12-02 15:11:55,558 - INFO - Version from config: 1.1.2
2025-12-02 15:11:55,558 - INFO - Single instance lock acquired
2025-12-02 15:11:55,558 - INFO - ==================================================
2025-12-02 15:11:55,558 - INFO - VERSION STATUS DEBUG
2025-12-02 15:11:55,558 - INFO - ==================================================
2025-12-02 15:11:55,559 - INFO - version.txt contains: '1.1.2'
2025-12-02 15:11:55,559 - INFO - CONFIG current_version: '1.1.2'
2025-12-02 15:11:55,559 - INFO - updater.ini contains version: '1.1.2'
2025-12-02 15:11:55,559 - INFO - No pending updates
2025-12-02 15:11:55,560 - INFO - ==================================================
2025-12-02 15:11:55,560 - INFO - Initializing application files...
2025-12-02 15:11:55,560 - INFO - Application files initialized successfully
2025-12-02 15:11:55,560 - INFO - ============================================================
2025-12-02 15:11:55,560 - INFO - RMS LATEST RELEASE UPDATER STARTING
2025-12-02 15:11:55,560 - INFO - ============================================================
2025-12-02 15:11:55,560 - INFO - Checking for updates using latest release...
2025-12-02 15:11:55,560 - INFO - Fetching latest release information from GitHub...
2025-12-02 15:11:55,561 - INFO - API URL: https://api.github.com/repos/food2g0/Centralized-Image-Uploader/releases/latest
2025-12-02 15:11:55,561 - INFO - Attempting to connect to https://api.github.com/repos/food2g0/Centralized-Image-Uploader/releases/latest (attempt 1/3)
2025-12-02 15:11:56,010 - INFO - Request successful (Status: 200)
2025-12-02 15:11:56,011 - INFO - Latest release: 1.1.2
2025-12-02 15:11:56,011 - INFO - Release name: Update V 1.1.2
2025-12-02 15:11:56,011 - INFO - Published: 2025-08-26T07:39:03Z
2025-12-02 15:11:56,011 - INFO - Download URL: https://github.com/food2g0/Centralized-Image-Uploader/releases/download/1.1.2/installer.exe
2025-12-02 15:11:56,011 - INFO - Current version: 1.1.2
2025-12-02 15:11:56,011 - INFO - Latest version: 1.1.2
2025-12-02 15:11:56,011 - INFO - Comparing versions: '1.1.2' vs '1.1.2'
2025-12-02 15:11:56,011 - INFO - Semantic version comparison: Versions are equal
2025-12-02 15:11:56,012 - INFO - App is up to date
2025-12-02 15:11:56,012 - INFO - No updates needed
2025-12-02 15:11:56,012 - INFO - ========================================
2025-12-02 15:11:56,012 - INFO - LAUNCHING MAIN APPLICATION
2025-12-02 15:11:56,012 - INFO - ========================================
2025-12-02 15:11:56,613 - INFO - Calling login_gui.main()
2025-12-02 15:13:40,708 - INFO - Configuration loaded from updater.ini
2025-12-02 15:13:40,708 - INFO - Version from config: 1.1.2
2025-12-02 15:13:40,709 - INFO - Single instance lock acquired
2025-12-02 15:13:40,709 - INFO - ==================================================
2025-12-02 15:13:40,709 - INFO - VERSION STATUS DEBUG
2025-12-02 15:13:40,709 - INFO - ==================================================
2025-12-02 15:13:40,709 - INFO - version.txt contains: '1.1.2'
2025-12-02 15:13:40,709 - INFO - CONFIG current_version: '1.1.2'
2025-12-02 15:13:40,710 - INFO - updater.ini contains version: '1.1.2'
2025-12-02 15:13:40,710 - INFO - No pending updates
2025-12-02 15:13:40,710 - INFO - ==================================================
2025-12-02 15:13:40,710 - INFO - Initializing application files...
2025-12-02 15:13:40,710 - INFO - Application files initialized successfully
2025-12-02 15:13:40,711 - INFO - ============================================================
2025-12-02 15:13:40,711 - INFO - RMS LATEST RELEASE UPDATER STARTING
2025-12-02 15:13:40,711 - INFO - ============================================================
2025-12-02 15:13:40,711 - INFO - Checking for updates using latest release...
2025-12-02 15:13:40,711 - INFO - Fetching latest release information from GitHub...
2025-12-02 15:13:40,711 - INFO - API URL: https://api.github.com/repos/food2g0/Centralized-Image-Uploader/releases/latest
2025-12-02 15:13:40,711 - INFO - Attempting to connect to https://api.github.com/repos/food2g0/Centralized-Image-Uploader/releases/latest (attempt 1/3)
2025-12-02 15:13:41,096 - INFO - Request successful (Status: 200)
2025-12-02 15:13:41,096 - INFO - Latest release: 1.1.2
2025-12-02 15:13:41,096 - INFO - Release name: Update V 1.1.2
2025-12-02 15:13:41,096 - INFO - Published: 2025-08-26T07:39:03Z
2025-12-02 15:13:41,097 - INFO - Download URL: https://github.com/food2g0/Centralized-Image-Uploader/releases/download/1.1.2/installer.exe
2025-12-02 15:13:41,097 - INFO - Current version: 1.1.2
2025-12-02 15:13:41,097 - INFO - Latest version: 1.1.2
2025-12-02 15:13:41,097 - INFO - Comparing versions: '1.1.2' vs '1.1.2'
2025-12-02 15:13:41,097 - INFO - Semantic version comparison: Versions are equal
2025-12-02 15:13:41,097 - INFO - App is up to date
2025-12-02 15:13:41,097 - INFO - No updates needed
2025-12-02 15:13:41,097 - INFO - ========================================
2025-12-02 15:13:41,098 - INFO - LAUNCHING MAIN APPLICATION
2025-12-02 15:13:41,098 - INFO - ========================================
2025-12-02 15:13:41,840 - INFO - Calling login_gui.main()
2025-12-02 17:56:35,721 - INFO - Configuration loaded from updater.ini
2025-12-02 17:56:35,722 - INFO - Version from config: 1.1.2
2025-12-02 17:56:35,722 - INFO - Single instance lock acquired
2025-12-02 17:56:35,722 - INFO - ==================================================
2025-12-02 17:56:35,722 - INFO - VERSION STATUS DEBUG
2025-12-02 17:56:35,723 - INFO - ==================================================
2025-12-02 17:56:35,723 - INFO - version.txt contains: '1.1.2'
2025-12-02 17:56:35,723 - INFO - CONFIG current_version: '1.1.2'
2025-12-02 17:56:35,723 - INFO - updater.ini contains version: '1.1.2'
2025-12-02 17:56:35,724 - INFO - No pending updates
2025-12-02 17:56:35,724 - INFO - ==================================================
2025-12-02 17:56:35,724 - INFO - Initializing application files...
2025-12-02 17:56:35,724 - INFO - Application files initialized successfully
2025-12-02 17:56:35,724 - INFO - ============================================================
2025-12-02 17:56:35,724 - INFO - RMS LATEST RELEASE UPDATER STARTING
2025-12-02 17:56:35,724 - INFO - ============================================================
2025-12-02 17:56:35,725 - INFO - Checking for updates using latest release...
2025-12-02 17:56:35,725 - INFO - Fetching latest release information from GitHub...
2025-12-02 17:56:35,725 - INFO - API URL: https://api.github.com/repos/food2g0/Centralized-Image-Uploader/releases/latest
2025-12-02 17:56:35,725 - INFO - Attempting to connect to https://api.github.com/repos/food2g0/Centralized-Image-Uploader/releases/latest (attempt 1/3)
2025-12-02 17:56:36,157 - INFO - Request successful (Status: 200)
2025-12-02 17:56:36,158 - INFO - Latest release: 1.1.2
2025-12-02 17:56:36,158 - INFO - Release name: Update V 1.1.2
2025-12-02 17:56:36,158 - INFO - Published: 2025-08-26T07:39:03Z
2025-12-02 17:56:36,158 - INFO - Download URL: https://github.com/food2g0/Centralized-Image-Uploader/releases/download/1.1.2/installer.exe
2025-12-02 17:56:36,158 - INFO - Current version: 1.1.2
2025-12-02 17:56:36,158 - INFO - Latest version: 1.1.2
2025-12-02 17:56:36,159 - INFO - Comparing versions: '1.1.2' vs '1.1.2'
2025-12-02 17:56:36,159 - INFO - Semantic version comparison: Versions are equal
2025-12-02 17:56:36,159 - INFO - App is up to date
2025-12-02 17:56:36,159 - INFO - No updates needed
2025-12-02 17:56:36,159 - INFO - ========================================
2025-12-02 17:56:36,159 - INFO - LAUNCHING MAIN APPLICATION
2025-12-02 17:56:36,159 - INFO - ========================================
2025-12-02 17:56:36,980 - INFO - Calling login_gui.main()
